ID,Suhu,Kelembaban,CO2 (MQ135),Status,Timestamp,Suhu_noisy,Kelembaban_noisy,CO2 (MQ135)_noisy,kategori,threshold_version,labeled_at,used_noisy_values
crTvPDslRSzPtEswlPvE,26.2,62.0,204.0,OK,2025-11-07T03:35:26.000Z,26.178429094396574,62.92442064092596,350.0,Almost Rotten,maize-storage-rules-v1,2025-11-07T08:01:49.411779Z,True
3xBYJKrL44M7BTMxUT3u,24.8,67.0,163.0,OK,2025-11-06T17:05:07.000Z,25.066498311982315,68.02396826129413,350.0,Almost Rotten,maize-storage-rules-v1,2025-11-07T08:01:49.411779Z,True
0quUGFGATDhLhRjdmJQE,26.2,63.0,197.0,OK,2025-11-07T03:18:41.000Z,25.87456598432033,61.94771853343196,350.0,Almost Rotten,maize-storage-rules-v1,2025-11-07T08:01:49.411779Z,True
XUiiyRgXn0ZwzZdQgQZS,21.7,66.0,655.0,OK,2025-10-28T13:26:44.000Z,21.40119765840593,67.26620123816812,648.6413848427737,Almost Rotten,maize-storage-rules-v1,2025-11-07T08:01:49.411779Z,True
e3iqiuPtSTuv6oc4mBKR,24.5,68.0,247.0,OK,2025-11-06T16:38:54.000Z,24.251790552409883,67.22857891961769,350.0,Almost Rotten,maize-storage-rules-v1,2025-11-07T08:01:49.411779Z,True
FyHsnKHOy4Vt7B2RxS6I,26.2,63.0,302.0,OK,2025-11-07T03:35:36.000Z,25.92179283766248,62.63511489546194,350.0,Almost Rotten,maize-storage-rules-v1,2025-11-07T08:01:49.411779Z,True
3vKbLqGkdNwUYt0Iwwch,23.6,69.0,259.0,OK,2025-11-07T04:20:36.000Z,23.81428291588682,67.84296760446836,350.0,Almost Rotten,maize-storage-rules-v1,2025-11-07T08:01:49.411779Z,True
zJ5Sq878IKucsYC4kEWd,26.2,62.0,247.0,OK,2025-11-07T03:24:24.000Z,26.40202460457924,62.39291489693452,350.0,Almost Rotten,maize-storage-rules-v1,2025-11-07T08:01:49.411779Z,True
7coZxVWNkACj5U1ZtU73,26.1,62.0,159.0,OK,2025-11-07T03:37:42.000Z,25.968053160551797,62.12319003017161,350.0,Almost Rotten,maize-storage-rules-v1,2025-11-07T08:01:49.411779Z,True
mUnf8JhhGsCV60VYEUUo,24.2,60.0,126.0,NORMAL,2025-10-21T13:56:18.000Z,24.615429428038397,59.22203939827442,350.0,Normal,maize-storage-rules-v1,2025-11-07T08:01:49.411779Z,True
3tyh54gpZRf0NZuGVEuU,21.7,66.0,555.0,OK,2025-10-28T13:28:25.000Z,21.510110924372256,66.59139234576668,559.9596909702066,Almost Rotten,maize-storage-rules-v1,2025-11-07T08:01:49.411779Z,True
9hPTkJFsVuqIKWpTVAKB,24.9,66.0,444.0,OK,2025-11-07T03:07:37.000Z,25.22409791315153,66.84976510283771,445.2193983649862,Almost Rotten,maize-storage-rules-v1,2025-11-07T08:01:49.411779Z,True
1LuzOQY3HaE22O4GLjoC,24.8,69.0,158.0,OK,2025-11-06T17:08:02.000Z,24.44267862214264,69.67504013626977,350.0,Almost Rotten,maize-storage-rules-v1,2025-11-07T08:01:49.411779Z,True
4ktDlxRD6sOPNVYnFf6S,24.6,68.0,202.0,OK,2025-11-06T16:49:25.000Z,24.867660233197217,67.00780210465085,350.0,Almost Rotten,maize-storage-rules-v1,2025-11-07T08:01:49.411779Z,True
bligl4axvgntRXevDNe1,24.5,69.0,314.0,OK,2025-11-06T16:34:07.000Z,24.984927729348453,68.43436584926657,350.0,Almost Rotten,maize-storage-rules-v1,2025-11-07T08:01:49.411779Z,True
R7py2siPvyI3MEejedkL,25.7,64.0,2235.0,OK,2025-11-06T15:48:15.000Z,25.513239526482632,65.11687294157994,2206.7752633637992,Rotten,maize-storage-rules-v1,2025-11-07T08:01:49.411779Z,True
cftuk1qygcBHPA2tVdAy,26.0,66.0,1136.0,OK,2025-11-06T15:59:33.000Z,26.019671228186567,66.47252214481543,1126.2664101599055,Rotten,maize-storage-rules-v1,2025-11-07T08:01:49.411779Z,True
MXG9R9ywsPNhQgl1j9gc,24.7,67.0,146.0,OK,2025-11-06T17:16:05.000Z,24.30519089790201,67.54973753527791,350.0,Almost Rotten,maize-storage-rules-v1,2025-11-07T08:01:49.411779Z,True
S3DpgEs4xwDOOPxCRT58,25.5,65.0,711.0,OK,2025-11-06T16:17:31.000Z,25.7425535072285,65.03263757260687,714.9647348038932,Almost Rotten,maize-storage-rules-v1,2025-11-07T08:01:49.411779Z,True
glLevABNiZ58fWklPY10,24.4,59.0,129.0,NORMAL,2025-10-21T13:58:37.000Z,24.342379528634883,59.98936415451095,350.0,Normal,maize-storage-rules-v1,2025-11-07T08:01:49.411779Z,True
DLBRK4Mv97UBPhxLBeXY,23.6,68.0,315.0,OK,2025-11-07T04:18:12.000Z,23.298794759705935,68.57587056618728,350.0,Almost Rotten,maize-storage-rules-v1,2025-11-07T08:01:49.411779Z,True
mRhUAfrCY2juQ9fkSI8n,24.5,69.0,315.0,OK,2025-11-06T16:33:40.000Z,24.781804473165955,68.55940402766565,350.0,Almost Rotten,maize-storage-rules-v1,2025-11-07T08:01:49.411779Z,True
QnRAnarn3DnApreiF0hg,23.7,68.0,267.0,OK,2025-11-07T04:11:32.000Z,23.74947131227424,68.37614070504212,350.0,Almost Rotten,maize-storage-rules-v1,2025-11-07T08:01:49.411779Z,True
irWVbemOrH4IbuEvIYLl,24.7,65.0,146.0,OK,2025-11-06T17:16:53.000Z,24.4311333731142,64.428522353806,350.0,Normal,maize-storage-rules-v1,2025-11-07T08:01:49.411779Z,True
9uxqTp8RQQNsJq3GFngy,24.0,59.0,126.0,NORMAL,2025-10-21T13:54:45.000Z,24.477153271524077,58.0514683919346,350.0,Normal,maize-storage-rules-v1,2025-11-07T08:01:49.411779Z,True
xb8tEn3xj8SnTsMlLWBJ,26.0,62.0,344.0,OK,2025-11-07T03:55:20.000Z,26.11300614273185,63.07402659886654,350.5071741789084,Almost Rotten,maize-storage-rules-v1,2025-11-07T08:01:49.411779Z,True
SXym15f1C4uWWv19GUzA,24.2,59.0,197.0,NORMAL,2025-10-21T13:37:42.000Z,24.264295189983734,59.36129255647788,350.0,Normal,maize-storage-rules-v1,2025-11-07T08:01:49.411779Z,True
NYTp9GEnqnJRegsnrrBD,24.8,69.0,167.0,OK,2025-11-06T17:03:30.000Z,25.09128630079148,68.95642929941297,350.0,Almost Rotten,maize-storage-rules-v1,2025-11-07T08:01:49.411779Z,True
KWxo52MBm7GsVmR3FIDl,24.4,59.0,128.0,NORMAL,2025-10-21T13:58:26.000Z,24.871815066169106,60.1436734087782,350.0,Normal,maize-storage-rules-v1,2025-11-07T08:01:49.411779Z,True
PQdNtZrxzMZ3fL3xGWMA,26.2,63.0,192.0,OK,2025-11-07T03:34:37.000Z,26.59311277876199,62.79792261386058,350.0,Almost Rotten,maize-storage-rules-v1,2025-11-07T08:01:49.411779Z,True
1UBRpzFUB742tDEAhcGU,24.5,73.0,4095.0,OK,2025-10-25T10:25:22.000Z,24.63202395360058,72.1992635666735,4136.232771997908,Rotten,maize-storage-rules-v1,2025-11-07T08:01:49.411779Z,True
DFnvtG1Pr7pnW3mBFJRl,26.1,62.0,186.0,OK,2025-11-07T03:17:49.000Z,26.030865304524788,62.81097987622784,350.0,Almost Rotten,maize-storage-rules-v1,2025-11-07T08:01:49.411779Z,True
Zjf6dyznoiIvRzwyS677,24.0,60.0,122.0,OK,2025-10-21T14:28:46.000Z,24.309325004250056,60.0942623574086,350.0,Normal,maize-storage-rules-v1,2025-11-07T08:01:49.411779Z,True
iz6sxlkogOJqMQ8l2kLm,24.7,67.0,203.0,OK,2025-11-06T16:52:44.000Z,24.22746277423564,66.94350133293081,350.0,Almost Rotten,maize-storage-rules-v1,2025-11-07T08:01:49.411779Z,True
MUblNanhPSFXHnkVRtyq,25.6,67.0,571.0,OK,2025-11-06T16:20:56.000Z,25.29977705217437,65.7905761036973,566.8394663704879,Almost Rotten,maize-storage-rules-v1,2025-11-07T08:01:49.411779Z,True
VkYUm3hbjKF2RZaJbPzW,21.7,66.0,592.0,OK,2025-10-28T13:27:44.000Z,21.731671517816952,66.86763031852726,581.2127530420134,Almost Rotten,maize-storage-rules-v1,2025-11-07T08:01:49.411779Z,True
TkgrsL0vKWuNmRHLJebl,26.1,66.0,1173.0,OK,2025-11-06T16:01:20.000Z,26.548571952240017,67.21202885250358,1176.5197057503942,Rotten,maize-storage-rules-v1,2025-11-07T08:01:49.411779Z,True
NMc4FKNudpQe2FAHCMYD,21.7,66.0,631.0,OK,2025-10-28T13:28:01.000Z,21.398697342005654,64.87459986245476,629.120729753575,Normal,maize-storage-rules-v1,2025-11-07T08:01:49.411779Z,True
gTwRA9D8XVr8uELVtAxt,24.6,69.0,360.0,OK,2025-11-06T16:30:45.000Z,24.3931967680279,69.05224800126831,353.5854266249448,Almost Rotten,maize-storage-rules-v1,2025-11-07T08:01:49.411779Z,True
SKNNWWX8tCVj7tvxLqdS,24.2,60.0,566.0,NORMAL,2025-10-21T13:31:55.000Z,24.348626551271447,60.05954685026209,565.1582704863758,Normal,maize-storage-rules-v1,2025-11-07T08:01:49.411779Z,True
uTBQs8LwzxAlcTsRsoC6,25.0,85.0,4095.0,OK,2025-10-23T14:27:55.000Z,25.16521396560412,85.72977654800869,4124.987947269644,Rotten,maize-storage-rules-v1,2025-11-07T08:01:49.411779Z,True
dxPgdGvck2NIO3aAQ50z,24.0,61.0,112.0,OK,2025-10-21T14:29:39.000Z,23.6331301448696,61.48802477592452,350.0,Normal,maize-storage-rules-v1,2025-11-07T08:01:49.411779Z,True
9arhPhiTlhvszXpWJLg5,20.9,70.0,4095.0,OK,2025-10-28T08:42:15.000Z,21.193046155803493,68.78578785055763,4136.300249007478,Rotten,maize-storage-rules-v1,2025-11-07T08:01:49.411779Z,True
KsrdtoCmTJ6lwuUuU0yY,25.3,92.0,4095.0,OK,2025-10-23T14:27:18.000Z,25.536296843417585,92.21801140161948,4077.432760109634,Rotten,maize-storage-rules-v1,2025-11-07T08:01:49.411779Z,True
tct8jM64iPRxc1TnHhKJ,24.4,67.0,727.0,OK,2025-11-07T03:05:24.000Z,24.33011122234127,66.42833462822496,717.9656671507701,Almost Rotten,maize-storage-rules-v1,2025-11-07T08:01:49.411779Z,True
i4BIFPbDsHMj1ZBYuWnK,25.6,69.0,4095.0,OK,2025-11-06T15:44:25.000Z,25.68442341533633,68.54259461633168,4173.568709581182,Rotten,maize-storage-rules-v1,2025-11-07T08:01:49.411779Z,True
nIf0BYZ12BREldwHFspA,26.4,62.0,158.0,OK,2025-11-07T03:46:24.000Z,26.097805347269567,62.88430643933,350.0,Almost Rotten,maize-storage-rules-v1,2025-11-07T08:01:49.411779Z,True
htOMFBlOrfJu20MhNSGF,26.3,62.0,195.0,OK,2025-11-07T03:28:13.000Z,26.66791616135409,60.81024172484401,350.0,Almost Rotten,maize-storage-rules-v1,2025-11-07T08:01:49.411779Z,True
ha7I66866TIqBUEMYtZ4,26.3,62.0,355.0,OK,2025-11-07T03:23:50.000Z,26.373622014580924,62.81526909720041,351.15085959517285,Almost Rotten,maize-storage-rules-v1,2025-11-07T08:01:49.411779Z,True
nNALsqzb8u29Ag4Qa1TO,26.4,62.0,158.0,OK,2025-11-07T03:42:17.000Z,26.23383871261153,61.92962705863941,350.0,Almost Rotten,maize-storage-rules-v1,2025-11-07T08:01:49.411779Z,True
SDNBWQtCzidXZlGZ9Qo8,23.6,68.0,298.0,OK,2025-11-07T04:13:49.000Z,23.8374073251794,67.97634560894373,350.0,Almost Rotten,maize-storage-rules-v1,2025-11-07T08:01:49.411779Z,True
ZNZDF77d32cIkdhVwsgf,24.7,66.0,138.0,OK,2025-11-06T17:16:31.000Z,24.919243898158523,66.22740156165918,350.0,Almost Rotten,maize-storage-rules-v1,2025-11-07T08:01:49.411779Z,True
gSZkpZYETSxoyXpfl7ug,26.2,62.0,201.0,OK,2025-11-07T03:20:06.000Z,26.27213782804276,62.64553355445685,350.0,Almost Rotten,maize-storage-rules-v1,2025-11-07T08:01:49.411779Z,True
KLvTnRihl7ZFGOlTdyzk,24.0,58.0,123.0,NORMAL,2025-10-21T13:52:21.000Z,24.051399206486025,57.0403544448437,350.0,Normal,maize-storage-rules-v1,2025-11-07T08:01:49.411779Z,True
URRBgLVW86OmNFHZFidR,24.8,69.0,159.0,OK,2025-11-06T17:06:11.000Z,25.16321544948037,67.95086640972042,350.0,Almost Rotten,maize-storage-rules-v1,2025-11-07T08:01:49.411779Z,True
LWW9LIUsydGxLydYtjWk,25.6,65.0,2434.0,OK,2025-11-06T15:47:53.000Z,26.065815953260348,65.45862381946495,2388.5386437650723,Rotten,maize-storage-rules-v1,2025-11-07T08:01:49.411779Z,True
Lzl9HGze5Mdv1D4C4y4U,26.2,62.0,185.0,OK,2025-11-07T03:34:59.000Z,26.47751412313238,62.16643122641221,350.0,Almost Rotten,maize-storage-rules-v1,2025-11-07T08:01:49.411779Z,True
PwqpoRYOTdpWWvzEpjTB,24.7,67.0,197.0,OK,2025-11-06T16:52:39.000Z,24.491848294469108,68.21212623223487,350.0,Almost Rotten,maize-storage-rules-v1,2025-11-07T08:01:49.411779Z,True
pyuoglWOxNbUfWrs11rS,26.0,99.0,4095.0,OK,2025-10-23T14:26:46.000Z,25.541202478825728,97.56185386465565,4023.37101141664,Rotten,maize-storage-rules-v1,2025-11-07T08:01:49.411779Z,True
qrEgFAmj4CKWnpU0708l,21.8,66.0,606.0,OK,2025-10-28T13:30:53.000Z,21.48300232312681,65.47033770645535,617.9418794986688,Almost Rotten,maize-storage-rules-v1,2025-11-07T08:01:49.411779Z,True
88ZcPVuDeuWTfuaCgMl0,24.5,68.0,281.0,OK,2025-11-06T16:35:34.000Z,24.532067830544424,67.07804425727024,350.0,Almost Rotten,maize-storage-rules-v1,2025-11-07T08:01:49.411779Z,True
zktyqtOzbIvYqzzXsy0V,25.4,69.0,3362.0,OK,2025-11-06T15:45:04.000Z,24.96996827338465,67.6318205573469,3306.616847019161,Rotten,maize-storage-rules-v1,2025-11-07T08:01:49.411779Z,True
wI4uzZbmuf2TAp1UpTjV,24.5,68.0,224.0,OK,2025-11-06T16:42:07.000Z,24.987714044491863,67.17902574457302,350.0,Almost Rotten,maize-storage-rules-v1,2025-11-07T08:01:49.411779Z,True
yN4lovNDz44FBNGCMbf1,25.8,68.0,4095.0,OK,2025-11-06T15:43:42.000Z,25.83345260994368,68.31117684289495,4031.344880503188,Rotten,maize-storage-rules-v1,2025-11-07T08:01:49.411779Z,True
HuMj8O1jCmGJGuRxIKTl,24.2,59.0,190.0,NORMAL,2025-10-21T13:38:31.000Z,24.64506173761469,58.02191603280341,350.0,Normal,maize-storage-rules-v1,2025-11-07T08:01:49.411779Z,True
v1P0kzK3qIAgC6R9vPmv,24.0,60.0,175.0,OK,2025-10-21T14:27:47.000Z,24.25176129437137,60.9855937014001,350.0,Normal,maize-storage-rules-v1,2025-11-07T08:01:49.411779Z,True
LQ7LrfFGHvK3N6KGPEVZ,26.1,65.0,1165.0,OK,2025-11-06T16:01:47.000Z,26.066216427918167,66.12348667551994,1150.2272843023522,Rotten,maize-storage-rules-v1,2025-11-07T08:01:49.411779Z,True
CWgdfXMEG75GjwAa05FK,24.1,59.0,128.0,NORMAL,2025-10-21T13:48:55.000Z,24.44371229472588,59.31257311387026,350.0,Normal,maize-storage-rules-v1,2025-11-07T08:01:49.411779Z,True
mVRiexhUzlP2bAbQLcTU,27.3,60.0,1671.0,OK,2025-11-06T15:51:56.000Z,27.825257253998323,59.33022686931099,1678.0749401639628,Rotten,maize-storage-rules-v1,2025-11-07T08:01:49.411779Z,True
p5rSciH8lL03ne4CuUjy,24.5,59.0,217.0,NORMAL,2025-10-21T13:09:42.000Z,24.10592561461056,59.070329441741634,350.0,Normal,maize-storage-rules-v1,2025-11-07T08:01:49.411779Z,True
3tJOXPbC4cNQTaAZNpvw,26.8,64.0,1438.0,OK,2025-11-06T15:56:11.000Z,26.85792674587386,63.99238616631676,1442.7413583527236,Rotten,maize-storage-rules-v1,2025-11-07T08:01:49.411779Z,True
JmVo4kpeF0X0HP6C7utb,26.0,63.0,225.0,OK,2025-11-07T03:13:23.000Z,26.097583769949583,63.48373188809326,350.0,Almost Rotten,maize-storage-rules-v1,2025-11-07T08:01:49.411779Z,True
fKvvXgKeX8lyDq4JojHH,24.0,60.0,123.0,OK,2025-10-21T14:28:51.000Z,24.13013793984977,59.10582401057424,350.0,Normal,maize-storage-rules-v1,2025-11-07T08:01:49.411779Z,True
BRn7S6WRpV5MH7IwmIcj,25.2,64.0,307.0,OK,2025-11-07T03:58:19.000Z,25.31187544741292,64.80835484568426,350.0,Almost Rotten,maize-storage-rules-v1,2025-11-07T08:01:49.411779Z,True
Zw7y1JG00jqUDdFJV5v3,26.5,62.0,139.0,OK,2025-11-07T03:51:17.000Z,26.338534052926057,61.22240912712255,350.0,Almost Rotten,maize-storage-rules-v1,2025-11-07T08:01:49.411779Z,True
CQehQ9MFUe5Z0nzzZxdG,26.1,62.0,295.0,OK,2025-11-07T03:54:43.000Z,25.90570467807328,61.39286255048798,350.0,Almost Rotten,maize-storage-rules-v1,2025-11-07T08:01:49.411779Z,True
YVp4DemYfeCCWCsEC0I2,23.6,68.0,297.0,OK,2025-11-07T04:13:43.000Z,23.201099664485856,67.49646946091481,350.0,Almost Rotten,maize-storage-rules-v1,2025-11-07T08:01:49.411779Z,True
J003U9vJSySU1HOU9NM1,23.6,69.0,253.0,OK,2025-11-07T04:21:16.000Z,23.23243421737872,69.26615361137871,350.0,Almost Rotten,maize-storage-rules-v1,2025-11-07T08:01:49.411779Z,True
kMACUCiYZDgf05JVJKNr,24.2,59.0,304.0,NORMAL,2025-10-21T13:32:39.000Z,24.538595943475272,59.41476648728295,350.0,Normal,maize-storage-rules-v1,2025-11-07T08:01:49.411779Z,True
yTKo2vKpgsehmEX7bQvV,26.5,62.0,150.0,OK,2025-11-07T03:47:22.000Z,26.85683919119094,61.185947802249686,350.0,Almost Rotten,maize-storage-rules-v1,2025-11-07T08:01:49.411779Z,True
0CJMj8VFxa2ychqwXwjz,24.7,69.0,186.0,OK,2025-11-06T16:57:30.000Z,24.572348447941792,68.01787373102295,350.0,Almost Rotten,maize-storage-rules-v1,2025-11-07T08:01:49.411779Z,True
OcNOcS14mNGOerbmYfKU,24.7,65.0,147.0,OK,2025-11-06T17:17:03.000Z,24.54425408410045,66.20936950434924,350.0,Almost Rotten,maize-storage-rules-v1,2025-11-07T08:01:49.411779Z,True
XnDgDkNS3oggEjNld9FH,26.1,62.0,208.0,OK,2025-11-07T03:17:54.000Z,25.876633383121373,62.535927927233686,350.0,Almost Rotten,maize-storage-rules-v1,2025-11-07T08:01:49.411779Z,True
kKNmVObqLfOhuLw95fQc,21.7,66.0,657.0,OK,2025-10-28T13:28:36.000Z,21.33383952942052,64.68430543774285,663.9327389592388,Normal,maize-storage-rules-v1,2025-11-07T08:01:49.411779Z,True
85GprZwemVGdAvN1gHrv,24.6,68.0,192.0,OK,2025-11-06T16:47:31.000Z,24.431107425724612,68.96394839150231,350.0,Almost Rotten,maize-storage-rules-v1,2025-11-07T08:01:49.411779Z,True
YqJKE9iVY0jPFdaIKnyi,24.7,69.0,184.0,OK,2025-11-06T16:55:20.000Z,25.171466417155383,67.9622946902553,350.0,Almost Rotten,maize-storage-rules-v1,2025-11-07T08:01:49.411779Z,True
XFLEA8apTAUVvqKg93hL,26.4,62.0,153.0,OK,2025-11-07T03:52:15.000Z,26.921181404606912,61.98384071125278,350.0,Almost Rotten,maize-storage-rules-v1,2025-11-07T08:01:49.411779Z,True
kb4lQvsT78WX8xluXKoK,24.4,59.0,271.0,NORMAL,2025-10-21T13:07:49.000Z,24.63401554592856,59.48081842235929,350.0,Normal,maize-storage-rules-v1,2025-11-07T08:01:49.411779Z,True
yYZhPGec9BxYr98oVynw,24.2,59.0,208.0,NORMAL,2025-10-21T13:35:59.000Z,23.93544429505344,59.597949928923285,350.0,Normal,maize-storage-rules-v1,2025-11-07T08:01:49.411779Z,True
Mvs78yUdhuWuqyBL08dT,25.5,67.0,707.0,OK,2025-11-06T16:18:15.000Z,25.961294710162598,67.03837581274735,704.8087827276945,Almost Rotten,maize-storage-rules-v1,2025-11-07T08:01:49.411779Z,True
ShWlyBRPXmakIJHo5smC,24.1,67.0,323.0,OK,2025-11-07T04:05:25.000Z,23.64362096545739,66.39295511952629,350.0,Almost Rotten,maize-storage-rules-v1,2025-11-07T08:01:49.411779Z,True
mX0F86Mt8juwkFuPN3IW,26.2,62.0,194.0,OK,2025-11-07T03:32:32.000Z,25.72037872747064,61.25765323102404,350.0,Almost Rotten,maize-storage-rules-v1,2025-11-07T08:01:49.411779Z,True
Q6iSXeLsacg60xJQNDJD,24.6,65.0,271.0,OK,2025-11-07T04:01:14.000Z,24.438751889032908,64.47846988652297,350.0,Normal,maize-storage-rules-v1,2025-11-07T08:01:49.411779Z,True
lLmKUUaSBl3yXidzHYyD,24.7,67.0,144.0,OK,2025-11-06T17:19:39.000Z,24.54165911637604,68.10613489516543,350.0,Almost Rotten,maize-storage-rules-v1,2025-11-07T08:01:49.411779Z,True
eVIxs3tWamLGZR2YwajH,26.1,63.0,203.0,OK,2025-11-07T03:15:44.000Z,25.87454956818968,61.77078296654668,350.0,Almost Rotten,maize-storage-rules-v1,2025-11-07T08:01:49.411779Z,True
6LXgEBX0VP4vutAAtrvF,24.8,67.0,511.0,OK,2025-11-06T16:27:02.000Z,25.094442551618563,67.40153749246957,509.8331634500421,Almost Rotten,maize-storage-rules-v1,2025-11-07T08:01:49.411779Z,True
dBUOiCONOeKbsGMdV4qi,28.1,64.0,304.0,OK,2025-10-23T15:14:19.000Z,28.05934279616028,64.72451285876951,350.0,Almost Rotten,maize-storage-rules-v1,2025-11-07T08:01:49.411779Z,True
yYrJjIIZyGcOeaX7JKiX,23.5,69.0,177.0,OK,2025-11-07T04:23:20.000Z,23.54569721576287,70.20349115612412,350.0,Rotten,maize-storage-rules-v1,2025-11-07T08:01:49.411779Z,True
UdEut9GENelqI4xAgOBa,26.3,62.0,147.0,OK,2025-11-07T03:40:41.000Z,26.755284159879142,62.539344413207225,350.0,Almost Rotten,maize-storage-rules-v1,2025-11-07T08:01:49.411779Z,True
xCsl7FPc9Gj4Cj1Ot47h,24.6,68.0,454.0,OK,2025-11-06T16:28:19.000Z,24.61943760114071,67.39138950361225,461.9032699797465,Almost Rotten,maize-storage-rules-v1,2025-11-07T08:01:49.411779Z,True
EWuiIie9BHmaYKphsUsu,24.7,67.0,146.0,OK,2025-11-06T17:14:30.000Z,25.122330933001976,65.87586045719114,350.0,Almost Rotten,maize-storage-rules-v1,2025-11-07T08:01:49.411779Z,True
vosRiRPK3UqJSicEnrl5,24.8,69.0,176.0,OK,2025-11-06T17:02:59.000Z,24.500396900445573,69.01806358817149,350.0,Almost Rotten,maize-storage-rules-v1,2025-11-07T08:01:49.411779Z,True
FzEHe5Xohvl1S4b3JqFX,24.7,68.0,178.0,OK,2025-11-06T17:01:28.000Z,24.820435000094744,67.51605924912522,350.0,Almost Rotten,maize-storage-rules-v1,2025-11-07T08:01:49.411779Z,True
PMVBuiRLbgUhb8gOVhRC,24.7,69.0,176.0,OK,2025-11-06T16:59:46.000Z,24.228948851358595,69.4952842998968,350.0,Almost Rotten,maize-storage-rules-v1,2025-11-07T08:01:49.411779Z,True
BWD3FSSt6AgYsuqznQ3P,25.7,57.0,4095.0,OK,2025-10-23T14:23:42.000Z,25.6062290364927,57.927520538220655,4113.868046378484,Rotten,maize-storage-rules-v1,2025-11-07T08:01:49.411779Z,True
mz1rrpon90PZzdgPI6zk,24.5,66.0,1254.0,OK,2025-11-07T03:04:36.000Z,24.848365856149528,66.98972860924763,1230.0438581335432,Rotten,maize-storage-rules-v1,2025-11-07T08:01:49.411779Z,True
aReKHQDhlRLeFy99IdmS,24.2,59.0,124.0,NORMAL,2025-10-21T13:56:50.000Z,24.062236787317143,59.70377994705329,350.0,Normal,maize-storage-rules-v1,2025-11-07T08:01:49.411779Z,True
60Z78pFpJiFPNfWPCxlo,26.8,64.0,1491.0,OK,2025-11-06T15:55:38.000Z,26.71329055030708,63.91094392720274,1490.3695991917718,Rotten,maize-storage-rules-v1,2025-11-07T08:01:49.411779Z,True
3lXFXQP2KX2O8jfnmBXv,24.2,60.0,140.0,NORMAL,2025-10-21T13:46:21.000Z,24.14086629357529,60.63554880146671,350.0,Normal,maize-storage-rules-v1,2025-11-07T08:01:49.411779Z,True
zCjTlSC6nYVxWV5rLj8I,26.5,62.0,137.0,OK,2025-11-07T03:51:06.000Z,26.545907726810118,62.830662143379314,350.0,Almost Rotten,maize-storage-rules-v1,2025-11-07T08:01:49.411779Z,True
SU0OQkYAgpZYtvIaSEeY,26.1,65.0,1145.0,OK,2025-11-06T16:01:36.000Z,25.80851302974213,64.54440363444965,1134.7279386097096,Almost Rotten,maize-storage-rules-v1,2025-11-07T08:01:49.411779Z,True
7qJUXsCKB9cBEwxMY0qd,26.2,63.0,179.0,OK,2025-11-07T03:31:44.000Z,26.237799301673125,62.25411312931618,350.0,Almost Rotten,maize-storage-rules-v1,2025-11-07T08:01:49.411779Z,True
MmmxsUHENSyyiKt11i7G,26.9,63.0,1501.0,OK,2025-11-06T15:55:05.000Z,26.62540103566796,64.25407287730293,1476.7366074435731,Rotten,maize-storage-rules-v1,2025-11-07T08:01:49.411779Z,True
OXJYzeT2xUrZEnqGotWs,24.2,59.0,137.0,NORMAL,2025-10-21T13:46:42.000Z,24.106239717587272,59.39752682686562,350.0,Normal,maize-storage-rules-v1,2025-11-07T08:01:49.411779Z,True
uDDTHRy05Tanx59eKADA,26.2,62.0,158.0,OK,2025-11-07T03:37:58.000Z,26.7125683525959,63.19198788235362,350.0,Almost Rotten,maize-storage-rules-v1,2025-11-07T08:01:49.411779Z,True
U5t1fI8Tk5fVg9qTwHqz,24.0,67.0,328.0,OK,2025-11-07T04:06:03.000Z,24.29394332682693,66.9195072562533,350.0,Almost Rotten,maize-storage-rules-v1,2025-11-07T08:01:49.411779Z,True
y4YLH5RYsltdB2bl1ssa,24.6,69.0,393.0,OK,2025-11-06T16:30:07.000Z,24.780086717145814,69.5226900521296,391.8019698463441,Almost Rotten,maize-storage-rules-v1,2025-11-07T08:01:49.411779Z,True
2sFhVAGFvd7qI4peoGLN,23.7,68.0,276.0,OK,2025-11-07T04:12:30.000Z,23.265450236821074,68.15364216618936,350.0,Almost Rotten,maize-storage-rules-v1,2025-11-07T08:01:49.411779Z,True
wnjek2OI4R9fx4m9fJmJ,26.5,62.0,149.0,OK,2025-11-07T03:48:52.000Z,26.52904376749762,62.78571376734817,350.0,Almost Rotten,maize-storage-rules-v1,2025-11-07T08:01:49.411779Z,True
Q2rb0jquYxKMH4mN4SwF,27.7,65.0,427.0,OK,2025-10-23T15:13:35.000Z,27.38849312254445,65.26071053161682,427.07968294562966,Almost Rotten,maize-storage-rules-v1,2025-11-07T08:01:49.411779Z,True
cNWkHFavDOH1jLxNJlTK,26.3,62.0,189.0,OK,2025-11-07T03:29:49.000Z,26.73477601325448,62.04746914471964,350.0,Almost Rotten,maize-storage-rules-v1,2025-11-07T08:01:49.411779Z,True
Zc8I5xtR2iy6u2pOQ06o,24.2,59.0,192.0,NORMAL,2025-10-21T13:37:58.000Z,24.12426954870769,58.77957161913663,350.0,Normal,maize-storage-rules-v1,2025-11-07T08:01:49.411779Z,True
6bCq1mp3deuCBdIaY85I,23.8,68.0,256.0,OK,2025-11-07T04:10:29.000Z,23.68022320932364,67.30736904061946,350.0,Almost Rotten,maize-storage-rules-v1,2025-11-07T08:01:49.411779Z,True
ZLeN0eUxAASrcxEU2oB9,24.0,60.0,161.0,OK,2025-10-21T14:27:58.000Z,23.88317742947848,60.787666720890286,350.0,Normal,maize-storage-rules-v1,2025-11-07T08:01:49.411779Z,True
3lmF0wcHXS1Q9kldZ8MY,24.7,69.0,203.0,OK,2025-11-06T16:53:54.000Z,24.22735273492177,68.61515970574135,350.0,Almost Rotten,maize-storage-rules-v1,2025-11-07T08:01:49.411779Z,True
ioAN8F5AfhzPCh1W1zyz,21.6,66.0,644.0,OK,2025-10-28T13:25:28.000Z,21.331047349464985,66.76669102843232,656.7116761816224,Almost Rotten,maize-storage-rules-v1,2025-11-07T08:01:49.411779Z,True
L7m4VJOlW47lflvAxuI1,26.5,62.0,146.0,OK,2025-11-07T03:48:10.000Z,26.186661209106315,62.62328296396242,350.0,Almost Rotten,maize-storage-rules-v1,2025-11-07T08:01:49.411779Z,True
ou2yHLSB8y7bhUFefVzZ,25.5,65.0,2526.0,OK,2025-11-06T15:47:31.000Z,25.08622833269245,64.28665876263894,2540.386151153348,Rotten,maize-storage-rules-v1,2025-11-07T08:01:49.411779Z,True
T3PZDIHkHWHr0ABMrzQB,26.2,63.0,266.0,OK,2025-11-07T03:54:17.000Z,26.16851382542113,63.32193528139301,350.0,Almost Rotten,maize-storage-rules-v1,2025-11-07T08:01:49.411779Z,True
GXS6U8SEvexTphiIOsnU,26.8,63.0,1821.0,OK,2025-11-06T15:50:36.000Z,26.35491802580474,63.16459769845246,1802.8820370334588,Rotten,maize-storage-rules-v1,2025-11-07T08:01:49.411779Z,True
4NC4IEe4nBiuOFNEJcmg,24.0,59.0,125.0,NORMAL,2025-10-21T13:50:27.000Z,24.4726805414936,59.9143180396027,350.0,Normal,maize-storage-rules-v1,2025-11-07T08:01:49.411779Z,True
0KpswunO3n3xKMs2Bzbd,24.5,69.0,314.0,OK,2025-11-06T16:33:46.000Z,24.07254091098209,68.98023232818984,350.0,Almost Rotten,maize-storage-rules-v1,2025-11-07T08:01:49.411779Z,True
tkSdYD4fIsHdWdmzT0ov,26.4,62.0,180.0,OK,2025-11-07T03:46:03.000Z,26.471539352643003,61.38225587960978,350.0,Almost Rotten,maize-storage-rules-v1,2025-11-07T08:01:49.411779Z,True
0B9aYWl14hpzydXEuKF4,24.7,69.0,155.0,OK,2025-11-06T17:02:48.000Z,24.65098130664082,67.70716447271268,350.0,Almost Rotten,maize-storage-rules-v1,2025-11-07T08:01:49.411779Z,True
YzjJPFk6Opg6CosSFZ9n,21.7,66.0,576.0,OK,2025-10-28T13:27:38.000Z,22.05800555518461,66.66924148749641,567.2919813063196,Almost Rotten,maize-storage-rules-v1,2025-11-07T08:01:49.411779Z,True
JLmr1bSJ9HE6YuELolfF,24.6,68.0,217.0,OK,2025-11-06T16:43:06.000Z,25.076895141079763,69.23560971278887,350.0,Almost Rotten,maize-storage-rules-v1,2025-11-07T08:01:49.411779Z,True
Lz1JYvgDDLUMzf67zshG,24.0,67.0,278.0,OK,2025-11-07T04:06:47.000Z,23.80298299159156,67.58471112290287,350.0,Almost Rotten,maize-storage-rules-v1,2025-11-07T08:01:49.411779Z,True
WPHDz3kCPRqOGwaxaQkb,21.1,69.0,3041.0,OK,2025-10-28T08:43:28.000Z,20.9959635026464,70.34985510071664,3009.408214286865,Rotten,maize-storage-rules-v1,2025-11-07T08:01:49.411779Z,True
aEMCLwxNGQ3EC39i2Wtn,27.7,64.0,1951.0,OK,2025-10-23T15:12:51.000Z,27.840522080924902,64.58335670533786,1988.399125920458,Rotten,maize-storage-rules-v1,2025-11-07T08:01:49.411779Z,True
wUxG591lPYYhQ3HKISWm,24.2,59.0,179.0,NORMAL,2025-10-21T13:39:54.000Z,23.763503678197097,58.17575623241158,350.0,Normal,maize-storage-rules-v1,2025-11-07T08:01:49.411779Z,True
nsUvln2RB1HVJybje65k,24.2,59.0,239.0,NORMAL,2025-10-21T13:34:17.000Z,24.23218581591709,58.02401589531438,350.0,Normal,maize-storage-rules-v1,2025-11-07T08:01:49.411779Z,True
ZJPseb3fo8nFgG3vUlKM,21.3,68.0,2242.0,OK,2025-10-28T08:45:20.000Z,20.951173357872197,69.22292027669016,2206.123939218869,Rotten,maize-storage-rules-v1,2025-11-07T08:01:49.411779Z,True
gRomXCKr1JzbgFtNTqJ3,27.0,63.0,1530.0,OK,2025-11-06T15:54:27.000Z,27.442580352551893,63.20663678814909,1518.7915312497314,Rotten,maize-storage-rules-v1,2025-11-07T08:01:49.411779Z,True
8oZLBm5LeNcLJKHKcbqa,26.1,63.0,202.0,OK,2025-11-07T03:17:17.000Z,26.0644884997124,63.94574209880015,350.0,Almost Rotten,maize-storage-rules-v1,2025-11-07T08:01:49.411779Z,True
ryHGFBfe9VpYeNagvr1e,23.6,68.0,311.0,OK,2025-11-07T04:16:44.000Z,23.33215822844889,68.53279024958091,350.0,Almost Rotten,maize-storage-rules-v1,2025-11-07T08:01:49.411779Z,True
Rk9FIsF147Mjbs0qKXPN,24.2,60.0,165.0,NORMAL,2025-10-21T13:43:00.000Z,23.74972352307096,59.62515832541849,350.0,Normal,maize-storage-rules-v1,2025-11-07T08:01:49.411779Z,True
XGFw88in2DY6e957FGun,26.0,67.0,1155.0,OK,2025-11-06T16:00:21.000Z,26.214028883774667,66.84192991206343,1152.3929247675844,Rotten,maize-storage-rules-v1,2025-11-07T08:01:49.411779Z,True
7dKvrAOscbFe6b5XIafM,24.4,61.0,123.0,NORMAL,2025-10-21T13:59:52.000Z,24.423182877948413,60.582942683779095,350.0,Normal,maize-storage-rules-v1,2025-11-07T08:01:49.411779Z,True
6UzFTbfx3J0prAfVGP55,26.4,62.0,172.0,OK,2025-11-07T03:42:27.000Z,26.788332335187462,62.71161401681407,350.0,Almost Rotten,maize-storage-rules-v1,2025-11-07T08:01:49.411779Z,True
2W8aAKWoofTtvA8ngD4B,24.5,67.0,343.0,OK,2025-11-06T16:31:51.000Z,24.208316097499324,68.05185802372189,350.0,Almost Rotten,maize-storage-rules-v1,2025-11-07T08:01:49.411779Z,True
jeHeV87bVoHrLisAR3EK,26.4,62.0,320.0,OK,2025-11-07T03:22:16.000Z,26.24393639320477,61.786223528512686,350.0,Almost Rotten,maize-storage-rules-v1,2025-11-07T08:01:49.411779Z,True
omGzxXasu4zF4gEFYT9e,25.0,69.0,960.0,OK,2025-11-06T16:25:41.000Z,24.934349248225296,69.50176720980703,974.8085287757106,Almost Rotten,maize-storage-rules-v1,2025-11-07T08:01:49.411779Z,True
lEzdQSsxpX9wy9Rs410H,26.3,63.0,368.0,OK,2025-11-07T03:23:03.000Z,26.812652876194917,64.21278087187486,374.2167440904013,Almost Rotten,maize-storage-rules-v1,2025-11-07T08:01:49.411779Z,True
wfQ6eLFGVUEj3ZML6WxU,24.2,59.0,139.0,NORMAL,2025-10-21T13:46:31.000Z,24.48095537441697,58.19551788313352,350.0,Normal,maize-storage-rules-v1,2025-11-07T08:01:49.411779Z,True
Dm1gmK09B0thIMBJk2ed,24.4,61.0,139.0,OK,2025-10-21T14:11:30.000Z,24.242333527698182,61.465178858376575,350.0,Normal,maize-storage-rules-v1,2025-11-07T08:01:49.411779Z,True
aYEYeOJGAg0T8nsFZG7J,24.6,68.0,240.0,OK,2025-11-06T16:41:13.000Z,24.233239779155777,68.05105598634836,350.0,Almost Rotten,maize-storage-rules-v1,2025-11-07T08:01:49.411779Z,True
HwoC86PCMTLdMMOpUi1d,24.4,59.0,290.0,NORMAL,2025-10-21T13:07:23.000Z,24.01253061971104,58.55448653772197,350.0,Normal,maize-storage-rules-v1,2025-11-07T08:01:49.411779Z,True
TXipgYupHd4XfxHRHNmC,26.0,67.0,1167.0,OK,2025-11-06T16:00:48.000Z,25.851664408442137,66.41838516950833,1171.6281318997942,Rotten,maize-storage-rules-v1,2025-11-07T08:01:49.411779Z,True
qsRYRZoOxp1jGd6i5nt1,24.6,69.0,206.0,OK,2025-11-06T16:50:09.000Z,24.470450657579043,69.66280353600096,350.0,Almost Rotten,maize-storage-rules-v1,2025-11-07T08:01:49.411779Z,True
2xv6dKTWCkoRCKWAbqE7,26.3,62.0,296.0,OK,2025-11-07T03:21:55.000Z,25.92603944668708,61.64109821809088,350.0,Almost Rotten,maize-storage-rules-v1,2025-11-07T08:01:49.411779Z,True
5NfQmNsNfcpWHxH8F9OE,24.2,59.0,125.0,NORMAL,2025-10-21T13:57:28.000Z,24.278520877725835,58.59592059068154,350.0,Normal,maize-storage-rules-v1,2025-11-07T08:01:49.411779Z,True
icl4JrcLWrBzbr3ccMGW,24.7,67.0,152.0,OK,2025-11-06T17:15:39.000Z,24.760048046067265,66.98835265186419,350.0,Almost Rotten,maize-storage-rules-v1,2025-11-07T08:01:49.411779Z,True
z6Tfvv24WpZak7uvVqxG,26.4,62.0,226.0,OK,2025-11-07T03:45:29.000Z,26.40759276599762,62.00008981304534,350.0,Almost Rotten,maize-storage-rules-v1,2025-11-07T08:01:49.411779Z,True
3ZwDSWHaKTEuLqOCXHQz,25.8,62.0,340.0,OK,2025-11-07T03:55:52.000Z,25.87402335005211,62.5126058848568,350.0,Almost Rotten,maize-storage-rules-v1,2025-11-07T08:01:49.411779Z,True
11Qn7FhLtj97FV5NPV7k,24.3,66.0,302.0,OK,2025-11-07T04:03:23.000Z,24.4650592028314,66.05537567047523,350.0,Almost Rotten,maize-storage-rules-v1,2025-11-07T08:01:49.411779Z,True
lkGMl5WRJjaW4oRZLgrC,23.9,61.0,675.0,OK,2025-10-21T14:27:10.000Z,23.555636936489197,60.311427937937566,661.652266090208,Normal,maize-storage-rules-v1,2025-11-07T08:01:49.411779Z,True
cAFyi7iZeOIyyiqWDDcw,26.1,63.0,203.0,OK,2025-11-07T03:16:57.000Z,26.569062438021668,62.07746742200697,350.0,Almost Rotten,maize-storage-rules-v1,2025-11-07T08:01:49.411779Z,True
j58MEIkRc6nfwrb5QANU,24.2,59.0,122.0,NORMAL,2025-10-21T13:57:17.000Z,24.303156212469176,59.63851995457284,350.0,Normal,maize-storage-rules-v1,2025-11-07T08:01:49.411779Z,True
7qPsIOMDnXjgRljCeBaI,24.0,59.0,122.0,NORMAL,2025-10-21T13:51:37.000Z,24.0136539553828,59.2904487484064,350.0,Normal,maize-storage-rules-v1,2025-11-07T08:01:49.411779Z,True
MVcjxvz5qMw1jYX00q3L,24.2,59.0,132.0,NORMAL,2025-10-21T13:47:57.000Z,24.62740961332248,57.85891937118725,350.0,Normal,maize-storage-rules-v1,2025-11-07T08:01:49.411779Z,True
QOJXF6FTAf1FufNGVWhO,26.1,63.0,176.0,OK,2025-11-07T03:37:32.000Z,26.01940354717885,62.57481751941731,350.0,Almost Rotten,maize-storage-rules-v1,2025-11-07T08:01:49.411779Z,True
3Q8g2HakIHA8qxzYA3mk,24.8,68.0,167.0,OK,2025-11-06T17:09:40.000Z,24.78244500944736,68.14971501534293,350.0,Almost Rotten,maize-storage-rules-v1,2025-11-07T08:01:49.411779Z,True
KpJzx6KUDON3BlcthtcG,24.0,59.0,128.0,NORMAL,2025-10-21T13:49:17.000Z,23.71156031318351,59.422615135882246,350.0,Normal,maize-storage-rules-v1,2025-11-07T08:01:49.411779Z,True
RPf4yogzjPuFDiD5xvdg,24.7,67.0,155.0,OK,2025-11-06T17:15:44.000Z,25.088314647301868,65.90156711186255,350.0,Almost Rotten,maize-storage-rules-v1,2025-11-07T08:01:49.411779Z,True
jrXMhtjK4zUVMyA5ds20,26.5,62.0,140.0,OK,2025-11-07T03:50:56.000Z,26.473523790644624,61.54645924145034,350.0,Almost Rotten,maize-storage-rules-v1,2025-11-07T08:01:49.411779Z,True
drhbv4Q1isNEnxLjufv4,26.2,63.0,190.0,OK,2025-11-07T03:34:27.000Z,26.53589022916382,62.759965973515214,350.0,Almost Rotten,maize-storage-rules-v1,2025-11-07T08:01:49.411779Z,True
8JQ8B3zPPBHtM0ivTJci,26.1,63.0,208.0,OK,2025-11-07T03:15:23.000Z,25.715915362142816,63.49715138588633,350.0,Almost Rotten,maize-storage-rules-v1,2025-11-07T08:01:49.411779Z,True
9XPsGQjwFlRPZFQKDUYJ,26.2,62.0,189.0,OK,2025-11-07T03:17:43.000Z,26.070424728207907,62.930247744712446,350.0,Almost Rotten,maize-storage-rules-v1,2025-11-07T08:01:49.411779Z,True
ZuBY1DZ5eWhHiXsc5npB,24.5,68.0,327.0,OK,2025-11-06T16:32:45.000Z,24.635178009361717,66.91458726209086,350.0,Almost Rotten,maize-storage-rules-v1,2025-11-07T08:01:49.411779Z,True
mv4xM2pExJUB4sXpeiVN,24.7,67.0,128.0,OK,2025-11-06T17:19:55.000Z,24.461729609590552,65.8826618361747,350.0,Almost Rotten,maize-storage-rules-v1,2025-11-07T08:01:49.411779Z,True
Gj9dwlXRCVOwXwpb58cE,24.2,60.0,181.0,NORMAL,2025-10-21T13:40:15.000Z,24.11088780869508,59.612869520209806,350.0,Normal,maize-storage-rules-v1,2025-11-07T08:01:49.411779Z,True
zsvgcHcKAOQQqZjG4rvg,24.8,69.0,160.0,OK,2025-11-06T17:07:09.000Z,24.46866496819513,67.6288532262911,350.0,Almost Rotten,maize-storage-rules-v1,2025-11-07T08:01:49.411779Z,True
hq686ONQTWmz0vxPqIUd,24.7,66.0,494.0,OK,2025-11-07T03:06:54.000Z,24.433910975823924,65.88927454987265,497.1650740909573,Almost Rotten,maize-storage-rules-v1,2025-11-07T08:01:49.411779Z,True
6QYvAmyaydeghiLQrIbB,24.7,66.0,144.0,OK,2025-11-06T17:21:31.000Z,24.80474363085161,64.8005484335529,350.0,Normal,maize-storage-rules-v1,2025-11-07T08:01:49.411779Z,True
t5U4EU1hw8UWzObHhWHT,26.5,62.0,141.0,OK,2025-11-07T03:50:13.000Z,26.343247702361065,61.29744653478482,350.0,Almost Rotten,maize-storage-rules-v1,2025-11-07T08:01:49.411779Z,True
JDgtpmBg6TbIQ8FpNd7J,26.2,62.0,190.0,OK,2025-11-07T03:32:58.000Z,26.324836802575465,60.8500380767391,350.0,Almost Rotten,maize-storage-rules-v1,2025-11-07T08:01:49.411779Z,True
tePQ7fDM1pLnkAqVo7Zb,23.6,68.0,327.0,OK,2025-11-07T04:17:02.000Z,23.94761519962706,68.35302274725179,350.0,Almost Rotten,maize-storage-rules-v1,2025-11-07T08:01:49.411779Z,True
nFT9wtbSdj8PCtwIif1B,24.7,65.0,151.0,OK,2025-11-06T17:21:04.000Z,24.55067432422184,65.67618663201321,350.0,Almost Rotten,maize-storage-rules-v1,2025-11-07T08:01:49.411779Z,True
ZQ31YEByOO2i4wUJSRM2,26.1,63.0,214.0,OK,2025-11-07T03:14:46.000Z,26.555883158307196,63.728637940469696,350.0,Almost Rotten,maize-storage-rules-v1,2025-11-07T08:01:49.411779Z,True
ftRQ8bG56XF72XXIoVix,24.1,67.0,326.0,OK,2025-11-07T04:05:41.000Z,24.5721894387135,67.11215483789927,350.0,Almost Rotten,maize-storage-rules-v1,2025-11-07T08:01:49.411779Z,True
h4DFWqkGbDGgiNYAc6Vo,26.4,62.0,176.0,OK,2025-11-07T03:43:20.000Z,26.5264236751849,61.39740963880817,350.0,Almost Rotten,maize-storage-rules-v1,2025-11-07T08:01:49.411779Z,True
7nlwqe0drPbowzsMA3tg,24.7,69.0,195.0,OK,2025-11-06T16:55:31.000Z,24.99840156971031,69.3247422628692,350.0,Almost Rotten,maize-storage-rules-v1,2025-11-07T08:01:49.411779Z,True
UZdEdVd1LflgSn0dQ3lH,26.3,62.0,251.0,OK,2025-11-07T03:24:45.000Z,26.44007293961624,60.80955021208993,350.0,Almost Rotten,maize-storage-rules-v1,2025-11-07T08:01:49.411779Z,True
ghhjHWvWe6iLfzQ4WedD,24.5,67.0,273.0,OK,2025-11-06T16:36:11.000Z,24.447902065565867,65.71205307199742,350.0,Almost Rotten,maize-storage-rules-v1,2025-11-07T08:01:49.411779Z,True
NTGJNjz30ENJC8aZxTmE,26.2,62.0,201.0,OK,2025-11-07T03:19:50.000Z,26.508590967959687,63.02954324128784,350.0,Almost Rotten,maize-storage-rules-v1,2025-11-07T08:01:49.411779Z,True
ATvhfxUm4Wvk63zgxcoP,25.3,65.0,325.0,OK,2025-11-07T03:09:23.000Z,25.3045853620753,64.36011682859821,350.0,Almost Rotten,maize-storage-rules-v1,2025-11-07T08:01:49.411779Z,True
rtOd6DB3ZZLaQExy2i6g,26.4,62.0,161.0,OK,2025-11-07T03:42:11.000Z,26.79004608918372,62.40228806208159,350.0,Almost Rotten,maize-storage-rules-v1,2025-11-07T08:01:49.411779Z,True
OF0RBzMFvP30LC42ZqjT,24.8,69.0,164.0,OK,2025-11-06T17:04:24.000Z,25.143239500817447,69.3174672940533,350.0,Almost Rotten,maize-storage-rules-v1,2025-11-07T08:01:49.411779Z,True
cZS4Ti7DhApAH6ByIILU,26.1,64.0,1131.0,OK,2025-11-06T16:01:58.000Z,25.972964006849637,63.86894434245688,1125.5527211190497,Almost Rotten,maize-storage-rules-v1,2025-11-07T08:01:49.411779Z,True
zGj0UfIuZGIoYDsbxWcS,25.7,65.0,1004.0,OK,2025-11-06T16:12:08.000Z,26.16260182015029,66.02515210064993,1020.499790177568,Rotten,maize-storage-rules-v1,2025-11-07T08:01:49.411779Z,True
1kuEiyLT9zqly7o7nwD4,24.4,59.0,253.0,NORMAL,2025-10-21T13:08:14.000Z,24.560370015359528,59.00232037803499,350.0,Normal,maize-storage-rules-v1,2025-11-07T08:01:49.411779Z,True
dEvRGLFfzZ4diNDeJ55k,21.7,66.0,656.0,OK,2025-10-28T13:28:31.000Z,21.956980468539257,65.93739119374092,659.5731515241602,Almost Rotten,maize-storage-rules-v1,2025-11-07T08:01:49.411779Z,True
xFHHSw7nbn7fQyk4a0zJ,25.0,66.0,404.0,OK,2025-11-07T03:07:52.000Z,24.550379738288555,65.45701265356396,403.2061120932997,Almost Rotten,maize-storage-rules-v1,2025-11-07T08:01:49.411779Z,True
A2mASQfznXw3G32beZVM,26.3,62.0,263.0,OK,2025-11-07T03:24:13.000Z,26.717679135639248,60.95717379646908,350.0,Almost Rotten,maize-storage-rules-v1,2025-11-07T08:01:49.411779Z,True
GrJTwmMeOUqL4ovPQTLx,24.5,69.0,322.0,OK,2025-11-06T16:33:29.000Z,24.36807089393515,69.56336813737865,350.0,Almost Rotten,maize-storage-rules-v1,2025-11-07T08:01:49.411779Z,True
HG4m68UUa1yoFhStpOgU,21.2,68.0,2397.0,OK,2025-10-28T08:44:48.000Z,21.02987703120457,67.9645912638696,2357.195800315096,Rotten,maize-storage-rules-v1,2025-11-07T08:01:49.411779Z,True
PkZxRVObb5EX0NOrJRaN,23.9,60.0,80.0,OK,2025-10-21T14:32:29.000Z,23.881460895180844,59.968909184109975,350.0,Normal,maize-storage-rules-v1,2025-11-07T08:01:49.411779Z,True
uho8RbcLbw85ortG2Rih,26.2,62.0,171.0,OK,2025-11-07T03:27:50.000Z,25.938893830454568,60.83726641085015,350.0,Almost Rotten,maize-storage-rules-v1,2025-11-07T08:01:49.411779Z,True
FUCuxwQ7NnaHWLjB9EPe,24.5,59.0,212.0,NORMAL,2025-10-21T13:10:08.000Z,24.79601859124601,58.148051985288944,350.0,Normal,maize-storage-rules-v1,2025-11-07T08:01:49.411779Z,True
ezw9vwx8pIvjTihyZGPZ,26.2,63.0,195.0,OK,2025-11-07T03:35:10.000Z,26.584206056097045,64.05931315046291,350.0,Almost Rotten,maize-storage-rules-v1,2025-11-07T08:01:49.411779Z,True
dz1n63qgV0UNy09IHSEw,26.3,63.0,349.0,OK,2025-11-07T03:22:58.000Z,26.02473213288889,61.758517310441945,350.0,Almost Rotten,maize-storage-rules-v1,2025-11-07T08:01:49.411779Z,True
YHqZ7nH5mnFscagVQhB5,24.5,67.0,703.0,OK,2025-11-07T03:05:29.000Z,24.70074155658232,67.12934709611315,709.0515647215387,Almost Rotten,maize-storage-rules-v1,2025-11-07T08:01:49.411779Z,True
KdwJferLA5F6jlZOELav,21.6,66.0,652.0,OK,2025-10-28T13:26:27.000Z,21.6125997568291,64.88050368598975,643.4933990094279,Normal,maize-storage-rules-v1,2025-11-07T08:01:49.411779Z,True
gZDYVXOP3SLfNELf8jl4,26.1,63.0,196.0,OK,2025-11-07T03:17:07.000Z,26.227223960003133,62.645534365587736,350.0,Almost Rotten,maize-storage-rules-v1,2025-11-07T08:01:49.411779Z,True
xKAEdzafGuvmMsCm9Erb,25.6,67.0,555.0,OK,2025-11-06T16:21:13.000Z,25.60527707633536,66.258504536274,565.9208328846395,Almost Rotten,maize-storage-rules-v1,2025-11-07T08:01:49.411779Z,True
VA12odEqgYolodhnhLli,24.3,60.0,177.0,NORMAL,2025-10-21T13:40:21.000Z,24.71553472355555,59.14404016850289,350.0,Normal,maize-storage-rules-v1,2025-11-07T08:01:49.411779Z,True
kHbimenwgl5ZUV2EjodQ,26.0,67.0,1314.0,OK,2025-11-06T16:10:25.000Z,26.42213830757049,66.4204716967599,1332.500889231088,Rotten,maize-storage-rules-v1,2025-11-07T08:01:49.411779Z,True
IBMGfNS5pbvVcLSvwVQp,24.5,61.0,128.0,OK,2025-10-21T14:11:35.000Z,24.69422593109772,62.08371537785153,350.0,Normal,maize-storage-rules-v1,2025-11-07T08:01:49.411779Z,True
CIkXGmPr37uVjeYFTIrO,26.1,63.0,207.0,OK,2025-11-07T03:17:02.000Z,26.093883878964192,63.65731387760945,350.0,Almost Rotten,maize-storage-rules-v1,2025-11-07T08:01:49.411779Z,True
qggBxHgSnRtTsVAI5ooX,24.4,60.0,105.0,NORMAL,2025-10-21T14:05:08.000Z,24.78881437472483,60.12572349434893,350.0,Normal,maize-storage-rules-v1,2025-11-07T08:01:49.411779Z,True
t0h9ycZih8HmZBcS0b8x,24.5,69.0,321.0,OK,2025-11-06T16:33:08.000Z,24.187092071851477,69.50367042936571,350.0,Almost Rotten,maize-storage-rules-v1,2025-11-07T08:01:49.411779Z,True
ADQVRjBRydubBnstt5oW,24.2,58.0,224.0,NORMAL,2025-10-21T13:34:44.000Z,23.766004863669934,57.59669732944828,350.0,Normal,maize-storage-rules-v1,2025-11-07T08:01:49.411779Z,True
yNewyVqazxjKCoGDZERr,24.4,60.0,111.0,NORMAL,2025-10-21T14:04:19.000Z,24.363497659253746,59.881295533227984,350.0,Normal,maize-storage-rules-v1,2025-11-07T08:01:49.411779Z,True
Tuy6yo0PRlzQefmUnE21,24.6,67.0,144.0,OK,2025-11-06T17:19:27.000Z,24.850203170698887,66.4042304536414,350.0,Almost Rotten,maize-storage-rules-v1,2025-11-07T08:01:49.411779Z,True
IPtFBZ56nG4fNKjOrqDI,26.1,63.0,209.0,OK,2025-11-07T03:14:52.000Z,25.57928731726243,62.476692332316446,350.0,Almost Rotten,maize-storage-rules-v1,2025-11-07T08:01:49.411779Z,True
WWpgFUYuq6msqdcajVYg,24.6,65.0,272.0,OK,2025-11-07T04:01:19.000Z,24.31889718040931,64.03729307795275,350.0,Normal,maize-storage-rules-v1,2025-11-07T08:01:49.411779Z,True
5BshqbY9h8ER4lMo0Ih4,24.9,68.0,555.0,OK,2025-11-06T16:26:41.000Z,24.90073822145753,67.60094757446849,565.6198189333389,Almost Rotten,maize-storage-rules-v1,2025-11-07T08:01:49.411779Z,True
s7bKo8i6r6Ft7AiPzfzz,24.2,59.0,130.0,NORMAL,2025-10-21T13:48:34.000Z,23.909401492877077,58.62310951905301,350.0,Normal,maize-storage-rules-v1,2025-11-07T08:01:49.411779Z,True
1hHqo3YMMB7Ew3n9h0j9,24.4,60.0,109.0,NORMAL,2025-10-21T14:03:52.000Z,24.19854750758028,59.87346164857984,350.0,Normal,maize-storage-rules-v1,2025-11-07T08:01:49.411779Z,True
CBacP36xge7L8HU1wf2n,24.5,59.0,230.0,NORMAL,2025-10-21T13:09:14.000Z,24.51986961244576,58.22105979561212,350.0,Normal,maize-storage-rules-v1,2025-11-07T08:01:49.411779Z,True
tWXHCwZs0uZKRHzG1oHb,24.7,67.0,145.0,OK,2025-11-06T17:19:00.000Z,24.77947303763641,66.5748269034711,350.0,Almost Rotten,maize-storage-rules-v1,2025-11-07T08:01:49.411779Z,True
zP8DGxRXjmAloaUKKZFt,26.7,63.0,1873.0,OK,2025-11-06T15:50:20.000Z,26.825670983871284,61.7493882803556,1899.7350654660663,Rotten,maize-storage-rules-v1,2025-11-07T08:01:49.411779Z,True
pq3vRqDpoeIHbMmQ2M4D,24.2,58.0,208.0,NORMAL,2025-10-21T13:35:48.000Z,24.28146896040943,58.96582071868277,350.0,Normal,maize-storage-rules-v1,2025-11-07T08:01:49.411779Z,True
0hBCEU4zBHIZgQqIF56v,23.6,68.0,277.0,OK,2025-11-07T04:12:35.000Z,23.47771396249692,67.42486417893379,350.0,Almost Rotten,maize-storage-rules-v1,2025-11-07T08:01:49.411779Z,True
x9uzioPKsUjLDahKil9O,23.6,69.0,250.0,OK,2025-11-07T04:22:28.000Z,23.810814392433,68.60666736409881,350.0,Almost Rotten,maize-storage-rules-v1,2025-11-07T08:01:49.411779Z,True
8k7dbiwIDaQEBXg1j6sW,21.8,66.0,604.0,OK,2025-10-28T13:30:37.000Z,21.85663693320397,66.78764614568604,606.3781316562453,Almost Rotten,maize-storage-rules-v1,2025-11-07T08:01:49.411779Z,True
aWglu2HBkQdelbx2EFJ1,27.7,64.0,895.0,OK,2025-10-23T15:13:03.000Z,27.448960109956356,65.27105346466448,893.1905663464009,Almost Rotten,maize-storage-rules-v1,2025-11-07T08:01:49.411779Z,True
1OnyVIvHW2idqKpdlsY8,26.3,62.0,151.0,OK,2025-11-07T03:40:09.000Z,25.894485637359843,61.8831180109658,350.0,Almost Rotten,maize-storage-rules-v1,2025-11-07T08:01:49.411779Z,True
BLqKcnCEh1BkzBjlu6JR,25.2,58.0,4095.0,OK,2025-10-23T14:24:08.000Z,24.97630015014751,57.88042316846375,4047.487240484731,Rotten,maize-storage-rules-v1,2025-11-07T08:01:49.411779Z,True
VNR0i9di4jz2ARL5IAVa,26.4,62.0,146.0,OK,2025-11-07T03:51:59.000Z,25.900018253689613,62.90627100194281,350.0,Almost Rotten,maize-storage-rules-v1,2025-11-07T08:01:49.411779Z,True
it3VG8yd7CXVwGuvqSUX,26.2,62.0,242.0,OK,2025-11-07T03:24:55.000Z,25.861497478855163,62.06180679734671,350.0,Almost Rotten,maize-storage-rules-v1,2025-11-07T08:01:49.411779Z,True
lXe8N8ZFFjH4t3IUCgpe,26.3,63.0,355.0,OK,2025-11-07T03:23:34.000Z,26.77652986996123,62.1981749413679,355.76484723454865,Almost Rotten,maize-storage-rules-v1,2025-11-07T08:01:49.411779Z,True
IshOs1V0J4HVaqzK490R,21.7,66.0,601.0,OK,2025-10-28T13:27:33.000Z,21.27403749062073,65.51968934836691,604.3911872892894,Almost Rotten,maize-storage-rules-v1,2025-11-07T08:01:49.411779Z,True
WxNHd8AaVC9muqwxpHLZ,24.6,68.0,213.0,OK,2025-11-06T16:42:50.000Z,24.530161703415693,66.8477041054455,350.0,Almost Rotten,maize-storage-rules-v1,2025-11-07T08:01:49.411779Z,True
vEyD51WAMeJqnyo0gUNe,26.2,63.0,202.0,OK,2025-11-07T03:18:20.000Z,26.052446208336587,62.21790888150127,350.0,Almost Rotten,maize-storage-rules-v1,2025-11-07T08:01:49.411779Z,True
GOYRl5niNoEKDew6QfbN,25.9,63.0,245.0,OK,2025-11-07T03:12:31.000Z,25.793229910186756,61.83402193685538,350.0,Almost Rotten,maize-storage-rules-v1,2025-11-07T08:01:49.411779Z,True
mF1f40ba2L8M6IM1tIzy,24.6,69.0,189.0,OK,2025-11-06T16:51:24.000Z,24.61489124281665,69.96451461945787,350.0,Almost Rotten,maize-storage-rules-v1,2025-11-07T08:01:49.411779Z,True
rBAR70Tv1MRgsD8D5ypC,21.6,66.0,694.0,OK,2025-10-28T13:25:22.000Z,21.220384961251646,64.87455699684521,698.1054042381693,Normal,maize-storage-rules-v1,2025-11-07T08:01:49.411779Z,True
FnwOKTnTenx2wNemlCWs,24.3,60.0,169.0,NORMAL,2025-10-21T13:42:22.000Z,24.592447187527647,61.08985986976802,350.0,Normal,maize-storage-rules-v1,2025-11-07T08:01:49.411779Z,True
Aq72Sq8J15og6P2NXgrx,26.0,67.0,1265.0,OK,2025-11-06T16:00:05.000Z,25.524044573643373,68.27408358785428,1259.5073023774942,Rotten,maize-storage-rules-v1,2025-11-07T08:01:49.411779Z,True
fg5c6NserV5n2uRJU4L4,24.0,59.0,126.0,NORMAL,2025-10-21T13:54:13.000Z,24.075464924940025,58.25165151420857,350.0,Normal,maize-storage-rules-v1,2025-11-07T08:01:49.411779Z,True
fP1GJP3mIbVrBSdwILnN,24.8,67.0,165.0,OK,2025-11-06T17:08:42.000Z,24.83136001534588,67.18370557153344,350.0,Almost Rotten,maize-storage-rules-v1,2025-11-07T08:01:49.411779Z,True
PUgMDQtdS97ZLmOT4bLm,26.3,63.0,204.0,OK,2025-11-07T03:25:37.000Z,26.24102791648857,62.06404304299552,350.0,Almost Rotten,maize-storage-rules-v1,2025-11-07T08:01:49.411779Z,True
xwPjRlepZaSAfd0e3DqL,26.4,62.0,171.0,OK,2025-11-07T03:43:25.000Z,26.73733999785513,61.66360553691125,350.0,Almost Rotten,maize-storage-rules-v1,2025-11-07T08:01:49.411779Z,True
iyq33sJFJ1RspaYmg4mi,23.5,69.0,252.0,OK,2025-11-07T04:21:49.000Z,23.576823660081192,68.60697106021568,350.0,Almost Rotten,maize-storage-rules-v1,2025-11-07T08:01:49.411779Z,True
VIyLgJZigFMSfYpxSbmH,24.8,67.0,158.0,OK,2025-11-06T17:09:14.000Z,25.220509197341062,67.83858633182464,350.0,Almost Rotten,maize-storage-rules-v1,2025-11-07T08:01:49.411779Z,True
Iu2jV7n2p0NZewuMxD15,23.8,68.0,255.0,OK,2025-11-07T04:09:20.000Z,23.50328252002041,67.58170331858217,350.0,Almost Rotten,maize-storage-rules-v1,2025-11-07T08:01:49.411779Z,True
5jizHcgXpbEFTcuSuseo,24.0,59.0,130.0,NORMAL,2025-10-21T13:49:36.000Z,24.43739832676509,58.84566585460708,350.0,Normal,maize-storage-rules-v1,2025-11-07T08:01:49.411779Z,True
VKfiRhkulgYFUhXl0sNq,24.8,67.0,482.0,OK,2025-11-06T16:27:18.000Z,24.342233663328848,67.8572921264768,487.26335121755454,Almost Rotten,maize-storage-rules-v1,2025-11-07T08:01:49.411779Z,True
0TdOsGa1MOQxT6Q2xZxc,26.2,63.0,192.0,OK,2025-11-07T03:18:25.000Z,26.611990935145663,63.814130393752414,350.0,Almost Rotten,maize-storage-rules-v1,2025-11-07T08:01:49.411779Z,True
Vhg6Y5H5noRz0tGFzhPy,26.1,63.0,211.0,OK,2025-11-07T03:14:25.000Z,26.387003851130107,63.1513448401153,350.0,Almost Rotten,maize-storage-rules-v1,2025-11-07T08:01:49.411779Z,True
xpq6gW7eCP3UbgK5LmMd,21.9,66.0,531.0,OK,2025-10-28T13:32:29.000Z,21.94577373342135,66.68340159428452,530.9423551542418,Almost Rotten,maize-storage-rules-v1,2025-11-07T08:01:49.411779Z,True
5rEVvVAnX5zVwwwPjZuc,26.5,62.0,144.0,OK,2025-11-07T03:47:54.000Z,25.99635106086943,62.44428051372846,350.0,Almost Rotten,maize-storage-rules-v1,2025-11-07T08:01:49.411779Z,True
MrLlsbPKK36RaHmD94IJ,27.7,64.0,603.0,OK,2025-10-23T15:13:14.000Z,27.74051735904341,64.76571506800624,610.3495711565782,Almost Rotten,maize-storage-rules-v1,2025-11-07T08:01:49.411779Z,True
mCUjAmNH10u8GhFVONju,23.6,69.0,259.0,OK,2025-11-07T04:19:59.000Z,23.14860883371365,69.33906866576304,350.0,Almost Rotten,maize-storage-rules-v1,2025-11-07T08:01:49.411779Z,True
I71tGYzradXZs3lTCLJF,25.6,66.0,766.0,OK,2025-11-06T16:16:33.000Z,25.20227877708721,66.92075830455966,773.5637175728982,Almost Rotten,maize-storage-rules-v1,2025-11-07T08:01:49.411779Z,True
MqGTVjqzZW4lStlOoZQR,21.4,68.0,1805.0,OK,2025-10-28T08:47:16.000Z,21.391960375678163,68.05229500366416,1835.2101935667808,Rotten,maize-storage-rules-v1,2025-11-07T08:01:49.411779Z,True
1F4hbocY8oBJfEjqTZFA,24.4,60.0,112.0,NORMAL,2025-10-21T14:01:22.000Z,24.107110405615703,60.91588133098287,350.0,Normal,maize-storage-rules-v1,2025-11-07T08:01:49.411779Z,True
i68HSlG0pqqoYtmBDhpW,23.6,68.0,313.0,OK,2025-11-07T04:18:55.000Z,23.731241686489856,68.8826469841219,350.0,Almost Rotten,maize-storage-rules-v1,2025-11-07T08:01:49.411779Z,True
Qo1iFI0GV0HDwYhZJY4N,27.3,60.0,1609.0,OK,2025-11-06T15:52:29.000Z,27.300836634795665,60.03585533177465,1611.027296996732,Rotten,maize-storage-rules-v1,2025-11-07T08:01:49.411779Z,True
Jr4GQshQ2xRWFDzUzp2U,23.6,68.0,313.0,OK,2025-11-07T04:17:56.000Z,24.06423510527671,69.02813519630016,350.0,Almost Rotten,maize-storage-rules-v1,2025-11-07T08:01:49.411779Z,True
MAT9Be6wCSfxliXyW8qf,25.3,66.0,2843.0,OK,2025-11-06T15:46:37.000Z,25.353533033113237,67.10592166821864,2854.4085575737045,Rotten,maize-storage-rules-v1,2025-11-07T08:01:49.411779Z,True
c1f9F87jVnqh1ojdYy8i,24.0,60.0,98.0,OK,2025-10-21T14:30:39.000Z,24.05472171060619,60.478616904773546,350.0,Normal,maize-storage-rules-v1,2025-11-07T08:01:49.411779Z,True
hAMoI44GCeiHFZKI2xZq,25.5,67.0,971.0,OK,2025-11-06T16:12:46.000Z,25.529230688870456,65.69744688804148,951.7936655997056,Almost Rotten,maize-storage-rules-v1,2025-11-07T08:01:49.411779Z,True
x1U1PLBRSHZEmpMNV47Y,26.8,64.0,1487.0,OK,2025-11-06T15:55:43.000Z,26.897940717653835,63.09098024155735,1465.7292337783024,Rotten,maize-storage-rules-v1,2025-11-07T08:01:49.411779Z,True
1q4zVueUTwfQ6BSRwgYQ,24.0,59.0,122.0,NORMAL,2025-10-21T13:51:22.000Z,24.213464976572595,59.834615578850624,350.0,Normal,maize-storage-rules-v1,2025-11-07T08:01:49.411779Z,True
8jfDJTF7qhM2T7XYN71L,27.7,65.0,537.0,OK,2025-10-23T15:13:19.000Z,27.335790764934806,64.54345472676818,538.0660325540446,Almost Rotten,maize-storage-rules-v1,2025-11-07T08:01:49.411779Z,True
oTQWZ90BMzKj84TUMP5A,26.4,62.0,235.0,OK,2025-11-07T03:45:14.000Z,26.22999217407664,62.106805403377415,350.0,Almost Rotten,maize-storage-rules-v1,2025-11-07T08:01:49.411779Z,True
TGgw6axubWuwpQDmfK2v,23.9,67.0,261.0,OK,2025-11-07T04:08:03.000Z,23.608885103160397,66.53861666412723,350.0,Almost Rotten,maize-storage-rules-v1,2025-11-07T08:01:49.411779Z,True
nHcH7pENRfarDi4d2ihi,25.4,69.0,3329.0,OK,2025-11-06T15:45:09.000Z,25.36597341134856,70.37147001192372,3360.928433886797,Rotten,maize-storage-rules-v1,2025-11-07T08:01:49.411779Z,True
XFfODFmM9u4vbkpQkgbm,24.6,67.0,140.0,OK,2025-11-06T17:19:21.000Z,25.051368205556383,67.4068655964343,350.0,Almost Rotten,maize-storage-rules-v1,2025-11-07T08:01:49.411779Z,True
6BA0tPUtESTHggwDPTdH,24.6,69.0,190.0,OK,2025-11-06T16:51:19.000Z,24.899491140963168,68.23259314918822,350.0,Almost Rotten,maize-storage-rules-v1,2025-11-07T08:01:49.411779Z,True
Sk7zeUxYdMMIGo0jTl87,27.9,64.0,369.0,OK,2025-10-23T15:13:57.000Z,27.63236607536278,63.17620955259,369.8393579227936,Almost Rotten,maize-storage-rules-v1,2025-11-07T08:01:49.411779Z,True
agEcAuieNWn1vKqXp4ly,26.4,63.0,1963.0,OK,2025-11-06T15:49:47.000Z,26.45305311465512,62.94776892338655,1956.5922260478271,Rotten,maize-storage-rules-v1,2025-11-07T08:01:49.411779Z,True
S2pCrhGHZCzwf8kpisar,24.0,60.0,95.0,OK,2025-10-21T14:30:57.000Z,23.898702257221203,60.69607144599341,350.0,Normal,maize-storage-rules-v1,2025-11-07T08:01:49.411779Z,True
hjj8omF2BKLUvDL5MKE5,24.8,68.0,146.0,OK,2025-11-06T17:04:45.000Z,24.627628455266745,67.4959509881466,350.0,Almost Rotten,maize-storage-rules-v1,2025-11-07T08:01:49.411779Z,True
UOrXNVRiysqXckMqysav,25.2,67.0,3219.0,OK,2025-11-06T15:46:03.000Z,25.01965431142315,66.65328374083509,3264.749930355508,Rotten,maize-storage-rules-v1,2025-11-07T08:01:49.411779Z,True
8OXYtYgFhUH37htNA6tS,24.7,68.0,167.0,OK,2025-11-06T17:09:51.000Z,24.28947930019764,69.03878763061788,350.0,Almost Rotten,maize-storage-rules-v1,2025-11-07T08:01:49.411779Z,True
RhaAOegzsiKj4TZmKsxT,26.3,62.0,193.0,OK,2025-11-07T03:20:53.000Z,26.233005125998364,62.6232541186158,350.0,Almost Rotten,maize-storage-rules-v1,2025-11-07T08:01:49.411779Z,True
7PiTA3XS6zLeIkpleG1y,25.5,69.0,592.0,OK,2025-11-06T16:20:08.000Z,25.31435091889109,68.8833491151542,599.0128026047806,Almost Rotten,maize-storage-rules-v1,2025-11-07T08:01:49.411779Z,True
ZbIq8SquOC5ba1g45ecd,24.5,68.0,355.0,OK,2025-11-06T16:31:01.000Z,24.47838764912504,66.71907479053912,359.8957019571657,Almost Rotten,maize-storage-rules-v1,2025-11-07T08:01:49.411779Z,True
6u5kbFtxhudOsEOZwzVE,25.9,63.0,241.0,OK,2025-11-07T03:12:20.000Z,25.70350672218534,62.8278363245661,350.0,Almost Rotten,maize-storage-rules-v1,2025-11-07T08:01:49.411779Z,True
6l8d10KjsPtEKvIv8IML,23.6,68.0,252.0,OK,2025-11-07T04:19:30.000Z,23.83223748054981,67.6742407882061,350.0,Almost Rotten,maize-storage-rules-v1,2025-11-07T08:01:49.411779Z,True
sxab4UPhgMSwsqHPrdEb,25.0,64.0,284.0,OK,2025-11-07T03:59:33.000Z,24.884683472661344,63.03152713567767,350.0,Normal,maize-storage-rules-v1,2025-11-07T08:01:49.411779Z,True
GjAfKhSbWuDlAnXpZuc4,24.8,69.0,157.0,OK,2025-11-06T17:04:19.000Z,24.43972670780539,68.2494991659597,350.0,Almost Rotten,maize-storage-rules-v1,2025-11-07T08:01:49.411779Z,True
VksRACLec1WgPviScghj,24.6,67.0,235.0,OK,2025-11-06T16:40:04.000Z,25.057969298226027,66.03212171649223,350.0,Almost Rotten,maize-storage-rules-v1,2025-11-07T08:01:49.411779Z,True
luuoG9xhA02WWoTsxWPd,24.4,59.0,243.0,NORMAL,2025-10-21T13:08:36.000Z,24.27674877081317,58.58258256650331,350.0,Normal,maize-storage-rules-v1,2025-11-07T08:01:49.411779Z,True
n3Ok1byAuuiHUGNggeOD,26.2,62.0,176.0,OK,2025-11-07T03:27:21.000Z,25.871434492904147,60.84659116372041,350.0,Almost Rotten,maize-storage-rules-v1,2025-11-07T08:01:49.411779Z,True
n80uP16nolFxnQdAVTxE,24.2,60.0,147.0,NORMAL,2025-10-21T13:44:55.000Z,24.37427381747484,59.11772469901044,350.0,Normal,maize-storage-rules-v1,2025-11-07T08:01:49.411779Z,True
G4pVvWxtFBOZ9rGiiHnV,20.9,70.0,4095.0,OK,2025-10-28T08:42:09.000Z,21.04821226586863,69.4397897363181,4090.6365339617446,Rotten,maize-storage-rules-v1,2025-11-07T08:01:49.411779Z,True
JpRB4TC7QU3rHUjBrQr3,24.6,69.0,446.0,OK,2025-11-06T16:28:42.000Z,24.607176018356736,70.12386475040906,452.4444741816092,Rotten,maize-storage-rules-v1,2025-11-07T08:01:49.411779Z,True
cUhAh5DkpxHX4Ns1YQ1i,24.7,67.0,144.0,OK,2025-11-06T17:18:34.000Z,24.630797565301247,67.30666568616628,350.0,Almost Rotten,maize-storage-rules-v1,2025-11-07T08:01:49.411779Z,True
c4Wsg10UYApwwjU2N5R8,26.2,63.0,215.0,OK,2025-11-07T03:25:44.000Z,25.98652201271525,62.96047528348741,350.0,Almost Rotten,maize-storage-rules-v1,2025-11-07T08:01:49.411779Z,True
VYx6jLlHgozHcD8EM48c,24.8,68.0,161.0,OK,2025-11-06T17:05:29.000Z,25.08435651479365,68.43645431524445,350.0,Almost Rotten,maize-storage-rules-v1,2025-11-07T08:01:49.411779Z,True
MC9soOV2GW9sMBCUwyXL,24.5,68.0,314.0,OK,2025-11-06T16:32:55.000Z,24.614421055495765,67.10830420521755,350.0,Almost Rotten,maize-storage-rules-v1,2025-11-07T08:01:49.411779Z,True
zNAA899uTpxEU8NDx6rc,21.6,66.0,641.0,OK,2025-10-28T13:26:16.000Z,21.568653844989058,65.25375595769805,635.5599688007056,Almost Rotten,maize-storage-rules-v1,2025-11-07T08:01:49.411779Z,True
xbIwA1NQH2ZYSzwjVnV0,26.4,62.0,147.0,OK,2025-11-07T03:52:26.000Z,26.88480544291989,61.78573578792636,350.0,Almost Rotten,maize-storage-rules-v1,2025-11-07T08:01:49.411779Z,True
EWeUWAinqHYF15tOqsRv,24.4,59.0,132.0,NORMAL,2025-10-21T13:58:48.000Z,23.936227376635404,57.9561547051328,350.0,Normal,maize-storage-rules-v1,2025-11-07T08:01:49.411779Z,True
Yv6RX4NuJVhmzdTupey9,24.4,67.0,845.0,OK,2025-11-07T03:05:02.000Z,23.95993882030004,66.49971210173321,830.1436687986774,Almost Rotten,maize-storage-rules-v1,2025-11-07T08:01:49.411779Z,True
puiLMNLBcGPuP33FtR0d,24.5,68.0,270.0,OK,2025-11-06T16:37:32.000Z,24.56258515540189,67.50740397124612,350.0,Almost Rotten,maize-storage-rules-v1,2025-11-07T08:01:49.411779Z,True
En96pdzPULwZipGTGK18,24.2,60.0,155.0,NORMAL,2025-10-21T13:43:49.000Z,24.32948914033105,60.12823528772877,350.0,Normal,maize-storage-rules-v1,2025-11-07T08:01:49.411779Z,True
Jp2qd4tLh2f56DLl6IiM,24.7,69.0,183.0,OK,2025-11-06T16:58:07.000Z,24.890778281806544,69.9230067959372,350.0,Almost Rotten,maize-storage-rules-v1,2025-11-07T08:01:49.411779Z,True
YQMh89x2ckfhmlvcw2ut,24.7,68.0,190.0,OK,2025-11-06T16:57:19.000Z,24.59280875958422,67.24301624358496,350.0,Almost Rotten,maize-storage-rules-v1,2025-11-07T08:01:49.411779Z,True
DZYyj5j4fp75DK40zdIf,24.0,67.0,320.0,OK,2025-11-07T04:06:36.000Z,24.1633951251373,68.2923782692292,350.0,Almost Rotten,maize-storage-rules-v1,2025-11-07T08:01:49.411779Z,True
yRz2ZPPQHl4055SnTNN7,24.2,59.0,199.0,NORMAL,2025-10-21T13:37:36.000Z,23.80965680561354,59.023573873648,350.0,Normal,maize-storage-rules-v1,2025-11-07T08:01:49.411779Z,True
vUPMupr55wzYRGAqxOvz,26.4,62.0,158.0,OK,2025-11-07T03:46:40.000Z,26.4590065395488,62.40406069739033,350.0,Almost Rotten,maize-storage-rules-v1,2025-11-07T08:01:49.411779Z,True
92AWEHmm5DPCvO4oirHe,24.5,67.0,285.0,OK,2025-11-06T16:36:17.000Z,24.65470601933972,68.10957376959392,350.0,Almost Rotten,maize-storage-rules-v1,2025-11-07T08:01:49.411779Z,True
HN5T7rbA6b2EaM0IVZ6a,24.6,68.0,202.0,OK,2025-11-06T16:49:41.000Z,24.386714982318114,66.7120231555495,350.0,Almost Rotten,maize-storage-rules-v1,2025-11-07T08:01:49.411779Z,True
zWTktC75eSYp3qZLT8Mk,24.7,67.0,144.0,OK,2025-11-06T17:19:32.000Z,25.189608635990744,67.39890978310288,350.0,Almost Rotten,maize-storage-rules-v1,2025-11-07T08:01:49.411779Z,True
wx1IoVf64sBOpWkbJsUQ,26.3,62.0,151.0,OK,2025-11-07T03:40:56.000Z,26.644467776839203,61.15975676244994,350.0,Almost Rotten,maize-storage-rules-v1,2025-11-07T08:01:49.411779Z,True
b6kERHUBpklhulcZGFOy,24.4,66.0,299.0,OK,2025-11-07T04:03:02.000Z,24.03974896291008,65.35375149494158,350.0,Almost Rotten,maize-storage-rules-v1,2025-11-07T08:01:49.411779Z,True
vQr4uu3y9hstEuCHiQY2,25.0,66.0,384.0,OK,2025-11-07T03:08:19.000Z,25.392541494795083,65.61241587046334,388.779813709336,Almost Rotten,maize-storage-rules-v1,2025-11-07T08:01:49.411779Z,True
mSbmrdF2daXF4NssnqQC,25.6,66.0,751.0,OK,2025-11-06T16:16:49.000Z,25.73553157198469,66.50094519008286,741.8909654979165,Almost Rotten,maize-storage-rules-v1,2025-11-07T08:01:49.411779Z,True
DDuz94bx0xYEqGsHoxKO,24.4,66.0,934.0,OK,2025-11-07T03:04:52.000Z,23.990128100838675,67.30948159347066,940.2777892473304,Almost Rotten,maize-storage-rules-v1,2025-11-07T08:01:49.411779Z,True
P7uQfQW3lkaHPy1NCF4I,25.1,64.0,303.0,OK,2025-11-07T03:58:24.000Z,25.511968217826,63.25809297856262,350.0,Almost Rotten,maize-storage-rules-v1,2025-11-07T08:01:49.411779Z,True
fvMeAaFTSKPcCIdwXDTM,24.4,60.0,106.0,NORMAL,2025-10-21T14:05:43.000Z,24.041361071008577,61.14914077067291,350.0,Normal,maize-storage-rules-v1,2025-11-07T08:01:49.411779Z,True
e2f2jDDL5ix9LGgU28Eu,24.7,69.0,190.0,OK,2025-11-06T16:53:33.000Z,24.983448684872627,68.05131617684314,350.0,Almost Rotten,maize-storage-rules-v1,2025-11-07T08:01:49.411779Z,True
1Liw1vUW7i3qIYGJOFC6,26.3,62.0,352.0,OK,2025-11-07T03:22:42.000Z,26.372315738142444,62.77851089559974,350.0,Almost Rotten,maize-storage-rules-v1,2025-11-07T08:01:49.411779Z,True
UkBOHUMrdgW6wrGoo5Fn,20.9,70.0,4095.0,OK,2025-10-28T08:42:31.000Z,20.956793016638212,71.32843770915548,4070.048678622263,Rotten,maize-storage-rules-v1,2025-11-07T08:01:49.411779Z,True
YYW2VcXyF3iZ6TFObP58,24.8,65.0,278.0,OK,2025-11-07T04:00:10.000Z,24.746504309776864,65.77081328553722,350.0,Almost Rotten,maize-storage-rules-v1,2025-11-07T08:01:49.411779Z,True
7SUzYLG1Ftm7pprA8vFo,26.0,63.0,214.0,OK,2025-11-07T03:13:39.000Z,26.365176891895093,62.0385828359341,350.0,Almost Rotten,maize-storage-rules-v1,2025-11-07T08:01:49.411779Z,True
ZVKNHKhEdlZhU7dqpfBd,25.6,63.0,330.0,OK,2025-11-07T03:56:39.000Z,25.53514750908297,63.37073934594538,350.0,Almost Rotten,maize-storage-rules-v1,2025-11-07T08:01:49.411779Z,True
qajNwZ8OYUWPj6Zb6bWG,24.7,68.0,175.0,OK,2025-11-06T16:56:10.000Z,25.142123128504245,69.19846191501576,350.0,Almost Rotten,maize-storage-rules-v1,2025-11-07T08:01:49.411779Z,True
ekMN3z9gOgovB8JgK6Jg,25.5,67.0,958.0,OK,2025-11-06T16:12:57.000Z,25.56479370170893,67.94773963495493,967.191968033198,Almost Rotten,maize-storage-rules-v1,2025-11-07T08:01:49.411779Z,True
82KXeCJs1L1opXPlClMX,25.0,68.0,656.0,OK,2025-11-06T16:26:03.000Z,25.185743345455947,68.09081381186041,653.376655889383,Almost Rotten,maize-storage-rules-v1,2025-11-07T08:01:49.411779Z,True
AXDScE4e5rqcsjhgbLRx,26.4,62.0,206.0,OK,2025-11-07T03:53:02.000Z,26.53729250787268,63.20370411417719,350.0,Almost Rotten,maize-storage-rules-v1,2025-11-07T08:01:49.411779Z,True
nAsERmfj1fLmLqaKqiHo,24.6,69.0,441.0,OK,2025-11-06T16:28:30.000Z,24.772015748367377,70.03399373668651,444.70197095837307,Rotten,maize-storage-rules-v1,2025-11-07T08:01:49.411779Z,True
zsEvPEsTulygwlPqiDoR,26.4,62.0,237.0,OK,2025-11-07T03:45:19.000Z,26.342191081046057,62.39157161788687,350.0,Almost Rotten,maize-storage-rules-v1,2025-11-07T08:01:49.411779Z,True
YgQXmBC7MgoHYWWxgdmD,24.5,60.0,118.0,NORMAL,2025-10-21T14:01:06.000Z,24.16437287449113,59.95207439862292,350.0,Normal,maize-storage-rules-v1,2025-11-07T08:01:49.411779Z,True
dd1VxHNaInKyIuQijESr,24.7,67.0,153.0,OK,2025-11-06T17:14:40.000Z,25.063014457008794,67.49812437088444,350.0,Almost Rotten,maize-storage-rules-v1,2025-11-07T08:01:49.411779Z,True
4oit4krzBBCX6oWHCkjR,24.7,69.0,187.0,OK,2025-11-06T16:58:40.000Z,24.299333068044778,69.38030051077143,350.0,Almost Rotten,maize-storage-rules-v1,2025-11-07T08:01:49.411779Z,True
ldn4QUy4prRkBCPcYPuT,21.9,65.0,593.0,OK,2025-10-28T13:33:57.000Z,21.890596307167776,66.09983811352416,584.2395044729737,Almost Rotten,maize-storage-rules-v1,2025-11-07T08:01:49.411779Z,True
MwaigWpL5dikJc21O8OA,25.2,67.0,2954.0,OK,2025-11-06T15:46:21.000Z,25.181887005663043,67.5656658686601,2906.3851074006216,Rotten,maize-storage-rules-v1,2025-11-07T08:01:49.411779Z,True
SBiVQF1HGMlvPQAaeGX7,26.0,66.0,1204.0,OK,2025-11-06T16:10:52.000Z,25.707956785137775,66.83903404792461,1206.5716576788775,Rotten,maize-storage-rules-v1,2025-11-07T08:01:49.411779Z,True
vIry7tylWg9loROgATRp,23.7,68.0,267.0,OK,2025-11-07T04:11:10.000Z,24.165699907476743,66.65870819001339,350.0,Almost Rotten,maize-storage-rules-v1,2025-11-07T08:01:49.411779Z,True
c02cWaBAq515Qz97uf5h,24.6,68.0,240.0,OK,2025-11-06T16:38:59.000Z,24.447126632327432,66.98649025109133,350.0,Almost Rotten,maize-storage-rules-v1,2025-11-07T08:01:49.411779Z,True
6g8nnIANlfNvCrdPtu5L,24.8,68.0,144.0,OK,2025-11-06T17:08:19.000Z,24.754265707019687,66.81464807625807,350.0,Almost Rotten,maize-storage-rules-v1,2025-11-07T08:01:49.411779Z,True
rSQAzNUavrfijHVK633Q,25.6,65.0,978.0,OK,2025-11-06T16:12:35.000Z,25.47596078730031,65.40538020113209,986.3695009539553,Almost Rotten,maize-storage-rules-v1,2025-11-07T08:01:49.411779Z,True
nHkf86q990sKo6ECEpDh,26.3,62.0,144.0,OK,2025-11-07T03:40:20.000Z,26.154086441593023,61.62271924106825,350.0,Almost Rotten,maize-storage-rules-v1,2025-11-07T08:01:49.411779Z,True
7eb5lTYvFnv4EK6CV7qe,26.3,62.0,192.0,OK,2025-11-07T03:21:13.000Z,25.82866388352129,60.820088798137206,350.0,Almost Rotten,maize-storage-rules-v1,2025-11-07T08:01:49.411779Z,True
fD889EVEp4ge5d9lXUD5,24.2,58.0,234.0,NORMAL,2025-10-21T13:34:23.000Z,24.64384280456824,58.0261469554916,350.0,Normal,maize-storage-rules-v1,2025-11-07T08:01:49.411779Z,True
VaKuoM1GhtWbIczz9Tbj,24.8,68.0,170.0,OK,2025-11-06T17:10:34.000Z,25.17573351082428,67.23251743392339,350.0,Almost Rotten,maize-storage-rules-v1,2025-11-07T08:01:49.411779Z,True
vK2a8HLNZSnOOfijEm2p,24.2,66.0,293.0,OK,2025-11-07T04:04:22.000Z,23.965373665307663,66.93705513958461,350.0,Almost Rotten,maize-storage-rules-v1,2025-11-07T08:01:49.411779Z,True
SH8HcBjQ6ti4EqKauR3D,24.7,69.0,222.0,OK,2025-11-06T16:51:51.000Z,25.01923033133322,67.85453031862704,350.0,Almost Rotten,maize-storage-rules-v1,2025-11-07T08:01:49.411779Z,True
SuUANAVP0eCDfLGM6YOB,24.7,66.0,144.0,OK,2025-11-06T17:16:47.000Z,24.51697262314161,65.04314875738208,350.0,Almost Rotten,maize-storage-rules-v1,2025-11-07T08:01:49.411779Z,True
VFJw7HAifBClM42o1DOg,24.4,60.0,107.0,NORMAL,2025-10-21T14:04:57.000Z,24.834827413637377,59.69848280070617,350.0,Normal,maize-storage-rules-v1,2025-11-07T08:01:49.411779Z,True
o4f8atp8crZUVTo2R7Rf,26.1,64.0,2039.0,OK,2025-11-06T15:49:09.000Z,25.691012416899756,65.02702443327645,2008.5301418114284,Rotten,maize-storage-rules-v1,2025-11-07T08:01:49.411779Z,True
I7E7UxJ9coPB6chwDNbV,24.7,69.0,176.0,OK,2025-11-06T17:02:00.000Z,24.58589032545405,69.01786633697553,350.0,Almost Rotten,maize-storage-rules-v1,2025-11-07T08:01:49.411779Z,True
Iu3Qij3M8k1kXqGq4u25,24.0,59.0,130.0,NORMAL,2025-10-21T13:52:45.000Z,23.550032172385578,59.20094885907347,350.0,Normal,maize-storage-rules-v1,2025-11-07T08:01:49.411779Z,True
ZYj9xv6HjI5TLUE1Vg0l,24.6,69.0,196.0,OK,2025-11-06T16:50:35.000Z,24.586500122867854,68.10250027888422,350.0,Almost Rotten,maize-storage-rules-v1,2025-11-07T08:01:49.411779Z,True
PDzQT8oGRXvOmH0jv6Df,26.1,71.0,176.0,OK,2025-10-21T10:45:29.000Z,26.572851057098934,69.81553887294561,350.0,Almost Rotten,maize-storage-rules-v1,2025-11-07T08:01:49.411779Z,True
zOaFSZGPbQqLZTN6rpyA,24.7,68.0,159.0,OK,2025-11-06T17:10:39.000Z,24.23662285101936,66.81071611597123,350.0,Almost Rotten,maize-storage-rules-v1,2025-11-07T08:01:49.411779Z,True
xWIHRJ0VlTIGeDPvtP0F,26.2,62.0,147.0,OK,2025-11-07T03:39:23.000Z,26.07774324749421,61.19266611652623,350.0,Almost Rotten,maize-storage-rules-v1,2025-11-07T08:01:49.411779Z,True
ACFmQ9wgiaAXxOgorwfE,27.3,59.0,1575.0,OK,2025-11-06T15:52:51.000Z,26.79348967986021,60.057628535455,1588.2859240119578,Rotten,maize-storage-rules-v1,2025-11-07T08:01:49.411779Z,True
Xp10tpP8qpysgT5wKQi8,24.4,61.0,105.0,NORMAL,2025-10-21T14:06:40.000Z,24.758487767529157,60.367984271042005,350.0,Normal,maize-storage-rules-v1,2025-11-07T08:01:49.411779Z,True
OXFiRuNuEUMqifbS3lp8,24.7,68.0,170.0,OK,2025-11-06T16:56:26.000Z,24.935648584134388,68.9125954618123,350.0,Almost Rotten,maize-storage-rules-v1,2025-11-07T08:01:49.411779Z,True
i4DjB5cxv8zf6fX28eaA,24.0,60.0,97.0,OK,2025-10-21T14:30:46.000Z,24.47378162222001,59.15754677803085,350.0,Normal,maize-storage-rules-v1,2025-11-07T08:01:49.411779Z,True
yO4nmen8cvVgmR5p5vys,26.3,62.0,320.0,OK,2025-11-07T03:22:11.000Z,26.21559316618789,61.16847122841734,350.0,Almost Rotten,maize-storage-rules-v1,2025-11-07T08:01:49.411779Z,True
7bZyBxeRbBmyiKqeLApy,24.3,60.0,173.0,NORMAL,2025-10-21T13:42:06.000Z,24.36923813749398,58.802375985423325,350.0,Normal,maize-storage-rules-v1,2025-11-07T08:01:49.411779Z,True
aMkd6rfKSUX69cB8vZ5C,26.1,62.0,304.0,OK,2025-11-07T03:54:59.000Z,25.78436432947385,62.664286291571855,350.0,Almost Rotten,maize-storage-rules-v1,2025-11-07T08:01:49.411779Z,True
qMPcUidgbZPDvfEAKDFO,27.9,64.0,346.0,OK,2025-10-23T15:14:02.000Z,27.70276472695145,64.66048451874137,350.91920226457614,Almost Rotten,maize-storage-rules-v1,2025-11-07T08:01:49.411779Z,True
6F0JD2HC9ZfyNU6qDpZu,26.2,62.0,144.0,OK,2025-11-07T03:38:51.000Z,26.49843209481629,61.907741365785625,350.0,Almost Rotten,maize-storage-rules-v1,2025-11-07T08:01:49.411779Z,True
XaihIOv6Y1L8FKOitxJr,26.5,62.0,160.0,OK,2025-11-07T03:49:20.000Z,26.94068954935143,60.96008733846837,350.0,Almost Rotten,maize-storage-rules-v1,2025-11-07T08:01:49.411779Z,True
Srp99sJTgEZ77ZqXqg34,23.6,68.0,311.0,OK,2025-11-07T04:14:42.000Z,23.38353774285138,68.81101775260069,350.0,Almost Rotten,maize-storage-rules-v1,2025-11-07T08:01:49.411779Z,True
B0rn1qB1dcL0XN7BZL5t,21.1,69.0,3081.0,OK,2025-10-28T08:43:23.000Z,20.800489934937303,69.32387799579489,3074.209576806232,Rotten,maize-storage-rules-v1,2025-11-07T08:01:49.411779Z,True
1LbZiYeEAmhDVpVmOec8,25.9,67.0,1122.0,OK,2025-11-06T15:59:55.000Z,25.85743674345772,66.78603645012603,1122.4214179766857,Rotten,maize-storage-rules-v1,2025-11-07T08:01:49.411779Z,True
O1MG8EaPTbwuWoDRIMa3,24.5,68.0,285.0,OK,2025-11-06T16:36:28.000Z,24.59770144958167,67.02949512666129,350.0,Almost Rotten,maize-storage-rules-v1,2025-11-07T08:01:49.411779Z,True
2WQZDhqZ8NnKMBoQshn6,24.4,60.0,106.0,NORMAL,2025-10-21T14:05:49.000Z,24.210613665171035,59.35187524276471,350.0,Normal,maize-storage-rules-v1,2025-11-07T08:01:49.411779Z,True
ZQ3z4byq8UZF4V0m6LYm,24.4,67.0,647.0,OK,2025-11-07T03:05:34.000Z,24.0953938931396,66.41392466598201,656.9257959866463,Almost Rotten,maize-storage-rules-v1,2025-11-07T08:01:49.411779Z,True
YdyvbVrHL6OnMDDdCBf8,21.1,68.0,2640.0,OK,2025-10-28T08:44:11.000Z,21.1947145312533,68.41333758120999,2616.0646677994764,Rotten,maize-storage-rules-v1,2025-11-07T08:01:49.411779Z,True
a2FhJ1vuUoc2gPoIzBEM,21.7,66.0,634.0,OK,2025-10-28T13:28:07.000Z,21.634970974202265,66.49303045054945,642.0682715334128,Almost Rotten,maize-storage-rules-v1,2025-11-07T08:01:49.411779Z,True
15UgATu0NYqogHjUtAj2,25.4,63.0,336.0,OK,2025-11-07T03:57:12.000Z,25.737575958217523,62.23992506746945,350.0,Almost Rotten,maize-storage-rules-v1,2025-11-07T08:01:49.411779Z,True
9F09zplqpkFIAuYjtNXv,26.3,62.0,275.0,OK,2025-11-07T03:24:08.000Z,26.157130002696203,61.46299456460353,350.0,Almost Rotten,maize-storage-rules-v1,2025-11-07T08:01:49.411779Z,True
PVfZFI7csvxuYbyqRsWY,24.8,66.0,435.0,OK,2025-11-07T03:07:20.000Z,25.23244999944024,65.68319576151667,438.5570651837714,Almost Rotten,maize-storage-rules-v1,2025-11-07T08:01:49.411779Z,True
gqZ4vSmf8xAuEjsO0jX5,26.0,63.0,222.0,OK,2025-11-07T03:14:08.000Z,26.342939906529907,62.15184180610483,350.0,Almost Rotten,maize-storage-rules-v1,2025-11-07T08:01:49.411779Z,True
njHAAl4FWR2IS9vSubkE,24.7,68.0,170.0,OK,2025-11-06T17:00:13.000Z,24.907834881718557,69.29881627683069,350.0,Almost Rotten,maize-storage-rules-v1,2025-11-07T08:01:49.411779Z,True
A0dpnmjpbO83czww6beH,24.9,68.0,592.0,OK,2025-11-06T16:26:19.000Z,25.06502199716211,68.74641650970068,592.7496242261432,Almost Rotten,maize-storage-rules-v1,2025-11-07T08:01:49.411779Z,True
13tzr48YWbvpz6jbWcGm,23.6,68.0,264.0,OK,2025-11-07T04:19:43.000Z,23.789050256290125,67.2092343853957,350.0,Almost Rotten,maize-storage-rules-v1,2025-11-07T08:01:49.411779Z,True
ILWvlXwyolWll9U0KOfZ,24.2,60.0,178.0,NORMAL,2025-10-21T13:41:23.000Z,23.82448411912674,60.05920202266457,350.0,Normal,maize-storage-rules-v1,2025-11-07T08:01:49.411779Z,True
WQrSFssQUw8BPDn3yNjs,24.6,68.0,187.0,OK,2025-11-06T16:47:26.000Z,24.71681534171893,69.21561214131323,350.0,Almost Rotten,maize-storage-rules-v1,2025-11-07T08:01:49.411779Z,True
whgwHVsojBhzvVvRWMfF,24.5,68.0,227.0,OK,2025-11-06T16:42:02.000Z,24.536757509286463,67.25342380653,350.0,Almost Rotten,maize-storage-rules-v1,2025-11-07T08:01:49.411779Z,True
1sB704j1PEMquvBXSv0u,24.6,69.0,425.0,OK,2025-11-06T16:28:52.000Z,24.266691430569068,69.2282035943769,419.5223638288732,Almost Rotten,maize-storage-rules-v1,2025-11-07T08:01:49.411779Z,True
g2r0O85tBPBHWfJLw1oO,26.4,62.0,250.0,OK,2025-11-07T03:45:45.000Z,26.2374433969874,61.17077004091062,350.0,Almost Rotten,maize-storage-rules-v1,2025-11-07T08:01:49.411779Z,True
QmQqsbz4hpTEHBUOKtSV,23.6,69.0,254.0,OK,2025-11-07T04:20:20.000Z,23.5277796525776,68.93157236473257,350.0,Almost Rotten,maize-storage-rules-v1,2025-11-07T08:01:49.411779Z,True
ybai00fKhTrgR6Z59bDm,25.9,63.0,238.0,OK,2025-11-07T03:12:25.000Z,25.76334462875249,63.67208800032937,350.0,Almost Rotten,maize-storage-rules-v1,2025-11-07T08:01:49.411779Z,True
89Tf8c44Jdyj4DSwhA0o,23.6,68.0,282.0,OK,2025-11-07T04:13:21.000Z,23.400018899788243,66.80317507007214,350.0,Almost Rotten,maize-storage-rules-v1,2025-11-07T08:01:49.411779Z,True
CYBTsarPtU1H87SmSfJ4,24.7,65.0,131.0,OK,2025-11-06T17:20:54.000Z,24.57379443431325,64.11468198657823,350.0,Normal,maize-storage-rules-v1,2025-11-07T08:01:49.411779Z,True
lvO8YNb7u7FNVFXSPO5A,24.6,68.0,206.0,OK,2025-11-06T16:43:44.000Z,24.214928299271403,67.00999465100087,350.0,Almost Rotten,maize-storage-rules-v1,2025-11-07T08:01:49.411779Z,True
jO4ywfJGtZ2hUQAfB8he,26.4,62.0,161.0,OK,2025-11-07T03:46:34.000Z,26.08614671795527,62.22068848061016,350.0,Almost Rotten,maize-storage-rules-v1,2025-11-07T08:01:49.411779Z,True
ixhNuy8caZtrMc3eS4bB,24.2,59.0,206.0,NORMAL,2025-10-21T13:36:21.000Z,23.778868482275225,58.07301759622993,350.0,Normal,maize-storage-rules-v1,2025-11-07T08:01:49.411779Z,True
TZ00CVAKx4e1be64u5YD,26.4,62.0,172.0,OK,2025-11-07T03:43:10.000Z,26.516672231112924,62.35395878040654,350.0,Almost Rotten,maize-storage-rules-v1,2025-11-07T08:01:49.411779Z,True
VMkhTe4HHWTN5dasIwd4,27.7,65.0,461.0,OK,2025-10-23T15:13:30.000Z,27.76943615932578,64.93377823188851,469.1650616905141,Almost Rotten,maize-storage-rules-v1,2025-11-07T08:01:49.411779Z,True
qYJr8mF6EcDl72IPRKPG,27.9,65.0,373.0,OK,2025-10-23T15:13:52.000Z,27.43993947117305,65.04551363542323,365.7440853725633,Almost Rotten,maize-storage-rules-v1,2025-11-07T08:01:49.411779Z,True
a0sUyiSVnqceBE3yIlHo,24.7,69.0,181.0,OK,2025-11-06T16:57:41.000Z,25.155059918956542,69.25137422279258,350.0,Almost Rotten,maize-storage-rules-v1,2025-11-07T08:01:49.411779Z,True
3sKbv0YrDgVnvfs9jJV1,21.4,68.0,1829.0,OK,2025-10-28T08:47:05.000Z,21.09205322018281,67.14772092205158,1855.9774409577867,Rotten,maize-storage-rules-v1,2025-11-07T08:01:49.411779Z,True
7nwttuqo6PzrwTqlnwFd,24.5,67.0,282.0,OK,2025-11-06T16:35:50.000Z,24.773887989955902,67.29557707056632,350.0,Almost Rotten,maize-storage-rules-v1,2025-11-07T08:01:49.411779Z,True
mLZ0CC3NAuvW3dv67Okp,24.5,68.0,349.0,OK,2025-11-06T16:31:06.000Z,24.93355616579235,67.85638118459202,350.0,Almost Rotten,maize-storage-rules-v1,2025-11-07T08:01:49.411779Z,True
4WFtjuX3bSSIoOVAzZfg,24.0,61.0,108.0,OK,2025-10-21T14:30:07.000Z,24.37516079124339,60.64552978371958,350.0,Normal,maize-storage-rules-v1,2025-11-07T08:01:49.411779Z,True
wHKiI1o0RW4NaleYHfvc,21.7,66.0,555.0,OK,2025-10-28T13:29:09.000Z,21.645427140629423,66.06545919688023,544.9863280406737,Almost Rotten,maize-storage-rules-v1,2025-11-07T08:01:49.411779Z,True
YouvQ0ajf7rRHiGj8vxC,23.8,68.0,237.0,OK,2025-11-07T04:08:51.000Z,23.814999403826228,68.38182002697604,350.0,Almost Rotten,maize-storage-rules-v1,2025-11-07T08:01:49.411779Z,True
rzZfZhifwfvuA46IgVFR,24.2,59.0,181.0,NORMAL,2025-10-21T13:39:32.000Z,24.548814822276764,59.19935178351912,350.0,Normal,maize-storage-rules-v1,2025-11-07T08:01:49.411779Z,True
p7vJI8u69ehCBfJImgEh,25.4,69.0,823.0,OK,2025-11-06T16:15:06.000Z,25.312804361938152,68.95180336543757,815.241291026736,Almost Rotten,maize-storage-rules-v1,2025-11-07T08:01:49.411779Z,True
BZVAxRi4pzc6ieXSrEwR,24.2,60.0,147.0,NORMAL,2025-10-21T13:45:32.000Z,23.75090591958049,59.44151920514543,350.0,Normal,maize-storage-rules-v1,2025-11-07T08:01:49.411779Z,True
ZdlAssrWr57w6GU183sJ,24.7,67.0,150.0,OK,2025-11-06T17:18:02.000Z,24.79184115157582,67.19827767784867,350.0,Almost Rotten,maize-storage-rules-v1,2025-11-07T08:01:49.411779Z,True
aA7HLu8oEfY1pytE1Qgc,24.0,60.0,95.0,OK,2025-10-21T14:30:34.000Z,24.23539568906977,60.977796447824815,350.0,Normal,maize-storage-rules-v1,2025-11-07T08:01:49.411779Z,True
XuGWQTrFfnEObGU93uJM,24.2,59.0,182.0,NORMAL,2025-10-21T13:39:59.000Z,24.51945856542594,58.25456855247207,350.0,Normal,maize-storage-rules-v1,2025-11-07T08:01:49.411779Z,True
266Z0N8MsUFV7gkAGpdk,24.2,67.0,305.0,OK,2025-11-07T04:04:58.000Z,23.800845121897986,68.0069791423814,350.0,Almost Rotten,maize-storage-rules-v1,2025-11-07T08:01:49.411779Z,True
l8w4tPEY8OL1qmgLCAjg,24.3,60.0,172.0,NORMAL,2025-10-21T13:41:55.000Z,24.71472371441501,60.42696860414763,350.0,Normal,maize-storage-rules-v1,2025-11-07T08:01:49.411779Z,True
tAGsFPq678BJblzAq1cr,26.2,63.0,190.0,OK,2025-11-07T03:34:17.000Z,26.19611060248504,64.11175749549946,350.0,Almost Rotten,maize-storage-rules-v1,2025-11-07T08:01:49.411779Z,True
gSYrAgn3dN2pKtijaG4t,24.2,66.0,304.0,OK,2025-11-07T04:04:32.000Z,24.0015785940336,65.21068263250876,350.0,Almost Rotten,maize-storage-rules-v1,2025-11-07T08:01:49.411779Z,True
YBni0UXhxQCpUDbiK6nK,24.4,61.0,129.0,NORMAL,2025-10-21T13:59:42.000Z,24.688689639602963,60.42363794290887,350.0,Normal,maize-storage-rules-v1,2025-11-07T08:01:49.411779Z,True
4wy8RvA4uJBRXirkgXck,26.2,63.0,192.0,OK,2025-11-07T03:34:22.000Z,25.86387318694931,63.84637468759861,350.0,Almost Rotten,maize-storage-rules-v1,2025-11-07T08:01:49.411779Z,True
5AX8jPHicMXNpPDarYZu,25.0,89.0,4095.0,OK,2025-10-23T14:27:39.000Z,25.471826426060968,89.45128718900469,4076.6016315365073,Rotten,maize-storage-rules-v1,2025-11-07T08:01:49.411779Z,True
RIocQ97zraT7JZ9eKSG8,24.2,59.0,135.0,NORMAL,2025-10-21T13:46:47.000Z,24.02725622040919,58.31841717926858,350.0,Normal,maize-storage-rules-v1,2025-11-07T08:01:49.411779Z,True
SWEaKoGvlriJwTXLQcsM,21.4,68.0,1757.0,OK,2025-10-28T08:47:31.000Z,21.21945554588229,67.05757897213286,1790.4704487251424,Rotten,maize-storage-rules-v1,2025-11-07T08:01:49.411779Z,True
eOSF79v6tejEokMIpsMa,24.5,65.0,281.0,OK,2025-11-07T04:02:02.000Z,24.47445408288532,65.4889605060633,350.0,Almost Rotten,maize-storage-rules-v1,2025-11-07T08:01:49.411779Z,True
5GvCEkhXW9HZCbidlPjR,26.1,63.0,192.0,OK,2025-11-07T03:18:36.000Z,25.81776089531881,64.25553577241699,350.0,Almost Rotten,maize-storage-rules-v1,2025-11-07T08:01:49.411779Z,True
zjZfdzRb1mTogElXqX9h,24.7,69.0,192.0,OK,2025-11-06T16:53:59.000Z,25.121068009919565,68.10132114119162,350.0,Almost Rotten,maize-storage-rules-v1,2025-11-07T08:01:49.411779Z,True
1GtniTh0A5Fdo8FTXYTB,26.2,62.0,150.0,OK,2025-11-07T03:39:49.000Z,25.68371565869905,62.56893793980628,350.0,Almost Rotten,maize-storage-rules-v1,2025-11-07T08:01:49.411779Z,True
904Yv54EFg5wPZhjyY34,24.5,68.0,329.0,OK,2025-11-06T16:32:18.000Z,24.127338916731095,67.067109352749,350.0,Almost Rotten,maize-storage-rules-v1,2025-11-07T08:01:49.411779Z,True
TyAZG75BoMzrNbjQe4jM,24.7,66.0,138.0,OK,2025-11-06T17:20:00.000Z,25.19071708498092,66.27420244087723,350.0,Almost Rotten,maize-storage-rules-v1,2025-11-07T08:01:49.411779Z,True
K4HjiHZ43oojRQNmcsca,25.5,66.0,718.0,OK,2025-11-06T16:17:53.000Z,25.268650935330893,65.47071297432507,728.259947526368,Almost Rotten,maize-storage-rules-v1,2025-11-07T08:01:49.411779Z,True
9TNEwYCb3wuDARMzFC5J,25.4,68.0,702.0,OK,2025-11-06T16:18:31.000Z,25.633360680016217,68.01557118251522,712.6490091867114,Almost Rotten,maize-storage-rules-v1,2025-11-07T08:01:49.411779Z,True
wplTQrfJsQ7cJ86EwOeR,26.1,63.0,140.0,OK,2025-11-07T03:36:03.000Z,26.19633504826396,63.25865444386098,350.0,Almost Rotten,maize-storage-rules-v1,2025-11-07T08:01:49.411779Z,True
CyVBXfK7MEGqbcIxymuJ,25.6,65.0,974.0,OK,2025-11-06T16:12:19.000Z,25.65731269430113,65.89195142651094,989.0541603317504,Almost Rotten,maize-storage-rules-v1,2025-11-07T08:01:49.411779Z,True
Ljd4g2Sz9Sf9oKf6PPav,24.7,67.0,153.0,OK,2025-11-06T17:12:05.000Z,24.66879564155181,67.84783695450322,350.0,Almost Rotten,maize-storage-rules-v1,2025-11-07T08:01:49.411779Z,True
v3Kfnz8bTfpdXRpNINIK,24.7,67.0,477.0,OK,2025-11-06T16:27:40.000Z,25.181340096057195,66.26014416973537,484.6840212148687,Almost Rotten,maize-storage-rules-v1,2025-11-07T08:01:49.411779Z,True
aJSTocohiXT0Y0kuGEt9,24.1,64.0,131.0,NORMAL,2025-10-21T13:55:34.000Z,24.539628979779817,64.69327432149092,350.0,Normal,maize-storage-rules-v1,2025-11-07T08:01:49.411779Z,True
y71g7d0nPaGaMNC548qj,25.4,63.0,323.0,OK,2025-11-07T03:57:17.000Z,25.85770421011955,63.36152483006709,350.0,Almost Rotten,maize-storage-rules-v1,2025-11-07T08:01:49.411779Z,True
jB4TEmO4PE9c0eOhTMdp,25.8,64.0,2167.0,OK,2025-11-06T15:48:36.000Z,25.74102276991132,63.88485570709296,2165.169361647681,Rotten,maize-storage-rules-v1,2025-11-07T08:01:49.411779Z,True
XbClzDywPAjlH6gAJOJO,24.7,66.0,146.0,OK,2025-11-06T17:12:37.000Z,24.76663873618673,65.53423387433824,350.0,Almost Rotten,maize-storage-rules-v1,2025-11-07T08:01:49.411779Z,True
E3tIuD98NmjHEGighYyU,26.2,62.0,196.0,OK,2025-11-07T03:19:18.000Z,26.629210751577173,62.4265216533917,350.0,Almost Rotten,maize-storage-rules-v1,2025-11-07T08:01:49.411779Z,True
moGq2hoQrqEVqqeTNPoO,24.7,69.0,180.0,OK,2025-11-06T16:59:30.000Z,24.257100833766398,68.77018102074756,350.0,Almost Rotten,maize-storage-rules-v1,2025-11-07T08:01:49.411779Z,True
qRVUubdI3JVx2SifvXHr,26.1,63.0,197.0,OK,2025-11-07T03:16:26.000Z,26.053387614787,62.76967393442067,350.0,Almost Rotten,maize-storage-rules-v1,2025-11-07T08:01:49.411779Z,True
cQ03rUm23w9sCXkr59f9,25.6,65.0,2461.0,OK,2025-11-06T15:47:47.000Z,25.92202124905568,64.15501290195358,2469.052870333785,Rotten,maize-storage-rules-v1,2025-11-07T08:01:49.411779Z,True
FIReDBBNEEAhERLm2GO9,21.7,66.0,605.0,OK,2025-10-28T13:29:26.000Z,21.94073383469533,66.65446022967119,605.3330029130309,Almost Rotten,maize-storage-rules-v1,2025-11-07T08:01:49.411779Z,True
IqDI1BejokUFGewTKoYh,26.4,62.0,161.0,OK,2025-11-07T03:42:33.000Z,26.8422772923684,62.41406616563725,350.0,Almost Rotten,maize-storage-rules-v1,2025-11-07T08:01:49.411779Z,True
yNDY3EB80o2GIsWNnn8b,21.1,68.0,2845.0,OK,2025-10-28T08:43:44.000Z,21.22011589545077,68.88527522648248,2853.83599492024,Rotten,maize-storage-rules-v1,2025-11-07T08:01:49.411779Z,True
rTeZXtxBM76ZqgffywcW,24.8,65.0,271.0,OK,2025-11-07T04:00:15.000Z,24.8868193366154,64.0551714472271,350.0,Normal,maize-storage-rules-v1,2025-11-07T08:01:49.411779Z,True
29OjpI7nlSauN9Ul8b3O,24.7,67.0,141.0,OK,2025-11-06T17:19:16.000Z,25.15635489257492,68.00460027479784,350.0,Almost Rotten,maize-storage-rules-v1,2025-11-07T08:01:49.411779Z,True
FcbI1ePr2nMiwOEN2n5i,25.4,58.0,4095.0,OK,2025-10-23T14:23:57.000Z,25.57811051872616,57.10012573925594,4125.585423887609,Rotten,maize-storage-rules-v1,2025-11-07T08:01:49.411779Z,True
JzN1M7H7nYXY150c7nuB,25.9,64.0,2097.0,OK,2025-11-06T15:48:42.000Z,25.399176674765865,64.04070117438572,2065.029808165151,Rotten,maize-storage-rules-v1,2025-11-07T08:01:49.411779Z,True
G8q8v6k7TjGZTw7L5pc2,26.2,63.0,193.0,OK,2025-11-07T03:34:06.000Z,25.707028439006788,62.02938337956851,350.0,Almost Rotten,maize-storage-rules-v1,2025-11-07T08:01:49.411779Z,True
FutAWDThbLiFOY36dC2D,26.4,62.0,157.0,OK,2025-11-07T03:41:45.000Z,25.92370567757338,61.466464432300846,350.0,Almost Rotten,maize-storage-rules-v1,2025-11-07T08:01:49.411779Z,True
RWQvXobCytgNN20noEqN,24.7,67.0,160.0,OK,2025-11-06T17:13:47.000Z,24.300942090176218,68.00873793201237,350.0,Almost Rotten,maize-storage-rules-v1,2025-11-07T08:01:49.411779Z,True
jmhcgjk4x7NhCDQJyGGo,24.0,59.0,112.0,NORMAL,2025-10-21T13:52:07.000Z,23.61868578829896,59.6386380250267,350.0,Normal,maize-storage-rules-v1,2025-11-07T08:01:49.411779Z,True
HhwPXFP9jTOmprYtS9nW,24.2,59.0,125.0,NORMAL,2025-10-21T13:57:07.000Z,24.34802861851395,59.275267878094446,350.0,Normal,maize-storage-rules-v1,2025-11-07T08:01:49.411779Z,True
DPXK5CtFV4maSsIQghja,26.5,62.0,143.0,OK,2025-11-07T03:47:49.000Z,26.017328034312737,61.21580433324315,350.0,Almost Rotten,maize-storage-rules-v1,2025-11-07T08:01:49.411779Z,True
TVwgbCS41Vdtkp7MmCrn,24.4,62.0,135.0,OK,2025-10-21T14:11:14.000Z,24.26410047804181,60.85905597421444,350.0,Normal,maize-storage-rules-v1,2025-11-07T08:01:49.411779Z,True
LoTLGtPFGwpf7VSFR1iI,24.4,60.0,135.0,NORMAL,2025-10-21T13:59:15.000Z,24.848308371292354,60.850086016067976,350.0,Normal,maize-storage-rules-v1,2025-11-07T08:01:49.411779Z,True
veig1wcJoqyRnQ5nV8YI,24.2,58.0,256.0,NORMAL,2025-10-21T13:33:34.000Z,23.81985387168297,57.385073664987125,350.0,Normal,maize-storage-rules-v1,2025-11-07T08:01:49.411779Z,True
IKwux97OfkhvMcNwQRrN,24.7,68.0,162.0,OK,2025-11-06T17:10:28.000Z,24.2076407791827,67.5956711385468,350.0,Almost Rotten,maize-storage-rules-v1,2025-11-07T08:01:49.411779Z,True
JGOD9RyhgY4uOv0pBG1p,23.8,68.0,243.0,OK,2025-11-07T04:10:02.000Z,23.47893179877192,68.96604593443706,350.0,Almost Rotten,maize-storage-rules-v1,2025-11-07T08:01:49.411779Z,True
cQblKAoBq9Ey9f0JqzCw,25.5,69.0,816.0,OK,2025-11-06T16:15:22.000Z,25.229961516183955,67.90251981372711,820.3020024729233,Almost Rotten,maize-storage-rules-v1,2025-11-07T08:01:49.411779Z,True
9pdhxx53n1r924kfkdvH,24.3,60.0,174.0,NORMAL,2025-10-21T13:41:34.000Z,24.70672552244112,60.37227333941943,350.0,Normal,maize-storage-rules-v1,2025-11-07T08:01:49.411779Z,True
XKafIOGfQhzdWNePmdYv,24.7,67.0,151.0,OK,2025-11-06T17:14:56.000Z,24.250573368760765,66.65717014286294,350.0,Almost Rotten,maize-storage-rules-v1,2025-11-07T08:01:49.411779Z,True
3kxP3zs0fE80pwaGiUyU,25.0,64.0,290.0,OK,2025-11-07T03:59:12.000Z,25.02067240247154,63.16794326396797,350.0,Almost Rotten,maize-storage-rules-v1,2025-11-07T08:01:49.411779Z,True
9iJVChUWAZABsxxKZpjE,21.7,66.0,611.0,OK,2025-10-28T13:30:26.000Z,21.66401973500114,66.12923996631346,610.7440838556369,Almost Rotten,maize-storage-rules-v1,2025-11-07T08:01:49.411779Z,True
WA2p0NorG0PzDuXaniEn,21.7,66.0,621.0,OK,2025-10-28T13:28:20.000Z,21.51285671280972,64.92058701592565,631.5071209485201,Normal,maize-storage-rules-v1,2025-11-07T08:01:49.411779Z,True
Rh5ODPcURBUwRQodfGCf,23.6,68.0,285.0,OK,2025-11-07T04:13:04.000Z,23.128489694492423,67.86600623886574,350.0,Almost Rotten,maize-storage-rules-v1,2025-11-07T08:01:49.411779Z,True
BrbfxIs1O7dKRGDBh9Jo,24.6,67.0,198.0,OK,2025-11-06T16:44:00.000Z,24.882833306434183,68.12315350295573,350.0,Almost Rotten,maize-storage-rules-v1,2025-11-07T08:01:49.411779Z,True
aG74WORIuNsouygzKkdH,26.5,62.0,149.0,OK,2025-11-07T03:49:31.000Z,26.762105988203597,63.03000978867111,350.0,Almost Rotten,maize-storage-rules-v1,2025-11-07T08:01:49.411779Z,True
krjaPUzcchiJEHc1pamp,24.7,69.0,170.0,OK,2025-11-06T17:03:04.000Z,24.57056069066074,69.14838338017202,350.0,Almost Rotten,maize-storage-rules-v1,2025-11-07T08:01:49.411779Z,True
AuV9lMssGwS4QLOgsLRT,24.4,60.0,112.0,NORMAL,2025-10-21T14:02:01.000Z,24.001519701684416,59.396819188886816,350.0,Normal,maize-storage-rules-v1,2025-11-07T08:01:49.411779Z,True
K2Db24ThSdN4aU2Nn8qE,24.7,67.0,137.0,OK,2025-11-06T17:22:03.000Z,25.09253457335705,67.42570767790878,350.0,Almost Rotten,maize-storage-rules-v1,2025-11-07T08:01:49.411779Z,True
CWYwRERcYfJGu7RhcgK4,21.7,66.0,561.0,OK,2025-10-28T13:30:04.000Z,21.98398653248396,65.87142914442633,563.6049977091599,Almost Rotten,maize-storage-rules-v1,2025-11-07T08:01:49.411779Z,True
SpJYJGNpHkPWtWaJNzzZ,25.8,65.0,1091.0,OK,2025-11-06T16:11:24.000Z,26.137063052166983,65.43185883927569,1078.2432534672723,Almost Rotten,maize-storage-rules-v1,2025-11-07T08:01:49.411779Z,True
w19OfCTgaEo6sY8ANVAG,24.9,66.0,448.0,OK,2025-11-07T03:07:31.000Z,25.22688506107938,66.28828452501011,444.7723497854697,Almost Rotten,maize-storage-rules-v1,2025-11-07T08:01:49.411779Z,True
qAq8dJD0zQ44HGfH8891,24.6,66.0,208.0,OK,2025-11-06T16:44:44.000Z,24.612047083568925,65.40396673111057,350.0,Almost Rotten,maize-storage-rules-v1,2025-11-07T08:01:49.411779Z,True
PHuu0BloXmsgVHmy4Hv9,23.6,68.0,319.0,OK,2025-11-07T04:17:13.000Z,24.04946520081297,67.21847520238728,350.0,Almost Rotten,maize-storage-rules-v1,2025-11-07T08:01:49.411779Z,True
i2cBts99NgvWqZjzEsu6,26.1,63.0,236.0,OK,2025-11-07T03:35:47.000Z,25.852437670774812,63.07050924173338,350.0,Almost Rotten,maize-storage-rules-v1,2025-11-07T08:01:49.411779Z,True
F0Hed6YC5UnY5eRbdR2p,26.4,62.0,155.0,OK,2025-11-07T03:41:24.000Z,26.697797460299512,62.64853921459334,350.0,Almost Rotten,maize-storage-rules-v1,2025-11-07T08:01:49.411779Z,True
gfHhPcNxXH7BmgCVz4FM,24.5,68.0,230.0,OK,2025-11-06T16:41:24.000Z,24.678936359772543,68.81058136528607,350.0,Almost Rotten,maize-storage-rules-v1,2025-11-07T08:01:49.411779Z,True
ecziEqGnMZ8lKJwCJvdG,21.7,66.0,613.0,OK,2025-10-28T13:28:58.000Z,21.527546070451148,66.33645767788349,612.4520267385818,Almost Rotten,maize-storage-rules-v1,2025-11-07T08:01:49.411779Z,True
8k9wJhxrjmioGeWZbZ94,24.8,65.0,284.0,OK,2025-11-07T03:59:54.000Z,24.87185106992158,66.19000286084011,350.0,Almost Rotten,maize-storage-rules-v1,2025-11-07T08:01:49.411779Z,True
L5v7BlvtuP4hH7PAcepR,25.6,64.0,283.0,OK,2025-11-07T03:11:02.000Z,25.90525177427797,62.73719240745827,350.0,Almost Rotten,maize-storage-rules-v1,2025-11-07T08:01:49.411779Z,True
7TAHIJnQ2eCegggn7GxH,24.0,60.0,148.0,OK,2025-10-21T14:28:03.000Z,23.56173605953228,59.320305949755465,350.0,Normal,maize-storage-rules-v1,2025-11-07T08:01:49.411779Z,True
Kna8fjwtQRvwNLPuF1B8,25.0,69.0,743.0,OK,2025-11-06T16:25:52.000Z,25.46154962954103,70.04595408778663,740.7967541089737,Rotten,maize-storage-rules-v1,2025-11-07T08:01:49.411779Z,True
VhRpthL8TONMx1yUO4Gu,24.0,58.0,130.0,NORMAL,2025-10-21T13:53:24.000Z,23.779528116671354,58.98122873402921,350.0,Normal,maize-storage-rules-v1,2025-11-07T08:01:49.411779Z,True
owJrsyZqFTtL1ZsUwj5R,26.3,63.0,344.0,OK,2025-11-07T03:23:29.000Z,25.872120992401197,61.92040000142283,350.0,Almost Rotten,maize-storage-rules-v1,2025-11-07T08:01:49.411779Z,True
3m4MeZynNlWgCNYpj6gN,26.2,62.0,151.0,OK,2025-11-07T03:38:03.000Z,26.54195393655568,62.701248143179136,350.0,Almost Rotten,maize-storage-rules-v1,2025-11-07T08:01:49.411779Z,True
cyDDgrfa9m96Mkn0Jp2d,26.2,63.0,315.0,OK,2025-11-07T03:54:22.000Z,26.399541248332245,63.14278168973237,350.0,Almost Rotten,maize-storage-rules-v1,2025-11-07T08:01:49.411779Z,True
MdlxJPKdgwQZ1NGwmLws,24.4,60.0,108.0,NORMAL,2025-10-21T14:03:42.000Z,24.15137275767065,60.93310918603544,350.0,Normal,maize-storage-rules-v1,2025-11-07T08:01:49.411779Z,True
B4jovhZPSKQIOYx7XKXv,25.6,65.0,2476.0,OK,2025-11-06T15:47:42.000Z,25.39657485569507,64.26048384685856,2462.1722194470844,Rotten,maize-storage-rules-v1,2025-11-07T08:01:49.411779Z,True
Mj5VeIWsc9nRdGXGdvdH,24.4,66.0,293.0,OK,2025-11-07T04:03:07.000Z,24.243178414238884,65.55126426617647,350.0,Almost Rotten,maize-storage-rules-v1,2025-11-07T08:01:49.411779Z,True
PDcpgdZCamuDHY2XnjkL,24.6,67.0,240.0,OK,2025-11-06T16:40:36.000Z,24.798168843623536,66.51131599175795,350.0,Almost Rotten,maize-storage-rules-v1,2025-11-07T08:01:49.411779Z,True
RxWHcjVuykDhPNSFYf9C,23.6,68.0,321.0,OK,2025-11-07T04:17:18.000Z,23.636761027353398,66.8804214403356,350.0,Almost Rotten,maize-storage-rules-v1,2025-11-07T08:01:49.411779Z,True
hLoC8LHBuT2PvAFPXqI1,24.2,60.0,142.0,NORMAL,2025-10-21T13:46:15.000Z,23.925974806876003,58.87159705923116,350.0,Normal,maize-storage-rules-v1,2025-11-07T08:01:49.411779Z,True
1Dpv4e5ZyVJiEnbhIlRp,25.8,65.0,1069.0,OK,2025-11-06T16:11:35.000Z,25.428224563084807,64.45673091637168,1071.7720608088396,Almost Rotten,maize-storage-rules-v1,2025-11-07T08:01:49.411779Z,True
PoHYN9r0HAczR3U3xDNC,24.0,59.0,125.0,NORMAL,2025-10-21T13:50:53.000Z,24.13902642658492,58.64131071462372,350.0,Normal,maize-storage-rules-v1,2025-11-07T08:01:49.411779Z,True
AQUdjspeJQbJ82znjzkP,26.1,70.0,192.0,OK,2025-10-21T10:44:21.000Z,25.788660523590696,70.81173674885964,350.0,Rotten,maize-storage-rules-v1,2025-11-07T08:01:49.411779Z,True
rzeExYESAnWml2rX46Fm,24.1,59.0,128.0,NORMAL,2025-10-21T13:49:12.000Z,24.24305536853604,59.04558082150104,350.0,Normal,maize-storage-rules-v1,2025-11-07T08:01:49.411779Z,True
40YYwQ8b6Uh7jBwi30Ak,26.3,63.0,338.0,OK,2025-11-07T03:23:24.000Z,26.01618511842141,63.50003995753868,350.0,Almost Rotten,maize-storage-rules-v1,2025-11-07T08:01:49.411779Z,True
XkaYbpfjNFqlJ0ua96AK,25.5,64.0,278.0,OK,2025-11-07T03:10:19.000Z,25.306867268782703,63.589535907339,350.0,Almost Rotten,maize-storage-rules-v1,2025-11-07T08:01:49.411779Z,True
NAUiZAmqbkxaJvloM4Km,24.0,60.0,83.0,OK,2025-10-21T14:31:35.000Z,24.10380404343801,60.62867562855402,350.0,Normal,maize-storage-rules-v1,2025-11-07T08:01:49.411779Z,True
wllU1l0ZwFcHiXsQwUSz,24.4,60.0,110.0,NORMAL,2025-10-21T14:04:52.000Z,24.178600783748102,59.08868571637462,350.0,Normal,maize-storage-rules-v1,2025-11-07T08:01:49.411779Z,True
IEpWejQROw0L5spyCjOg,24.1,62.0,4095.0,OK,2025-10-23T14:25:27.000Z,23.90919699230743,60.82497968078573,4146.969189517781,Rotten,maize-storage-rules-v1,2025-11-07T08:01:49.411779Z,True
XGVcRwbzcOVp32LsASuM,24.6,69.0,187.0,OK,2025-11-06T16:50:14.000Z,24.404936628829784,69.22424178307526,350.0,Almost Rotten,maize-storage-rules-v1,2025-11-07T08:01:49.411779Z,True
AOL4CDpouuQIAAIvsMhH,24.5,67.0,237.0,OK,2025-11-06T16:40:15.000Z,24.694158368299068,67.96394320732853,350.0,Almost Rotten,maize-storage-rules-v1,2025-11-07T08:01:49.411779Z,True
B0UAOAQ2MJZVrVoh4JNb,26.2,63.0,190.0,OK,2025-11-07T03:33:35.000Z,26.27588898115665,62.98874770646441,350.0,Almost Rotten,maize-storage-rules-v1,2025-11-07T08:01:49.411779Z,True
ZSVZyQ5gsLQiWyE0HxLt,26.5,63.0,1932.0,OK,2025-11-06T15:49:53.000Z,26.4975065645073,64.0334259788081,1959.0159486582013,Rotten,maize-storage-rules-v1,2025-11-07T08:01:49.411779Z,True
0NANS2Cu4n3qk7JwgF36,24.5,68.0,272.0,OK,2025-11-06T16:37:10.000Z,24.35743544876727,67.17715118106811,350.0,Almost Rotten,maize-storage-rules-v1,2025-11-07T08:01:49.411779Z,True
Zfr033qWkZp69pEcTA7W,24.7,69.0,181.0,OK,2025-11-06T16:57:46.000Z,24.256223460405096,68.63974008746025,350.0,Almost Rotten,maize-storage-rules-v1,2025-11-07T08:01:49.411779Z,True
7nyX8KhPN4nUj8pOseB2,24.0,61.0,202.0,OK,2025-10-21T14:27:36.000Z,24.136783944955724,62.187543611705216,350.0,Normal,maize-storage-rules-v1,2025-11-07T08:01:49.411779Z,True
zaZSwVROuXjQVwpRGVMU,21.6,66.0,645.0,OK,2025-10-28T13:25:17.000Z,21.70360740687907,66.57138358399558,632.1996881644161,Almost Rotten,maize-storage-rules-v1,2025-11-07T08:01:49.411779Z,True
NjhKc8AO99sou0R1z70J,24.8,67.0,164.0,OK,2025-11-06T17:08:52.000Z,25.28942155042389,65.89262518817993,350.0,Almost Rotten,maize-storage-rules-v1,2025-11-07T08:01:49.411779Z,True
VcPevMBh8Nk0jRM6bNxi,24.4,61.0,132.0,OK,2025-10-21T14:11:24.000Z,24.27610713345666,61.895094632289855,350.0,Normal,maize-storage-rules-v1,2025-11-07T08:01:49.411779Z,True
6idPhHqiBzkvzu5Z8f9Y,24.8,68.0,169.0,OK,2025-11-06T17:05:12.000Z,24.5387690640936,67.66399686158532,350.0,Almost Rotten,maize-storage-rules-v1,2025-11-07T08:01:49.411779Z,True
4AyQiaBzSbi5ZMZPvSkT,26.2,63.0,196.0,OK,2025-11-07T03:19:08.000Z,26.52304754272339,61.9933154435701,350.0,Almost Rotten,maize-storage-rules-v1,2025-11-07T08:01:49.411779Z,True
1ysWYnyABVIHxqZjUtMb,24.7,67.0,151.0,OK,2025-11-06T17:18:39.000Z,24.5038939440781,67.02986528599224,350.0,Almost Rotten,maize-storage-rules-v1,2025-11-07T08:01:49.411779Z,True
ydjVgiuU4vOoVuQKc0Q9,24.8,69.0,165.0,OK,2025-11-06T17:04:03.000Z,24.453785186383588,69.33845790046298,350.0,Almost Rotten,maize-storage-rules-v1,2025-11-07T08:01:49.411779Z,True
UqxF5oqQXK4EYrQCtJJ1,24.8,68.0,168.0,OK,2025-11-06T17:09:45.000Z,24.67956404525925,67.02748595661322,350.0,Almost Rotten,maize-storage-rules-v1,2025-11-07T08:01:49.411779Z,True
bE0ZLon3lnjcgPhWprKP,24.8,69.0,158.0,OK,2025-11-06T17:06:17.000Z,25.22656332057588,69.10441190123453,350.0,Almost Rotten,maize-storage-rules-v1,2025-11-07T08:01:49.411779Z,True
ASJiOFzxDrc8tN37sNXr,24.3,60.0,176.0,NORMAL,2025-10-21T13:41:50.000Z,23.93542581628509,58.95469783789178,350.0,Normal,maize-storage-rules-v1,2025-11-07T08:01:49.411779Z,True
PhGFCNFMtTr7ye7cTej7,24.3,60.0,178.0,NORMAL,2025-10-21T13:41:00.000Z,24.05136726074444,60.90795535414526,350.0,Normal,maize-storage-rules-v1,2025-11-07T08:01:49.411779Z,True
dP7KAunKGakU4KZqqGJz,26.1,62.0,164.0,OK,2025-11-07T03:37:47.000Z,25.81257581142589,61.13158542507692,350.0,Almost Rotten,maize-storage-rules-v1,2025-11-07T08:01:49.411779Z,True
3tOgFFwimiJjgKqURnst,25.6,66.0,742.0,OK,2025-11-06T16:16:59.000Z,25.199181558922696,64.76695107880367,736.0082696231079,Almost Rotten,maize-storage-rules-v1,2025-11-07T08:01:49.411779Z,True
8t4AWa4MfztNnmrqD6ya,24.5,67.0,618.0,OK,2025-11-07T03:05:45.000Z,24.52217914000286,66.07158868341999,612.8099827228033,Almost Rotten,maize-storage-rules-v1,2025-11-07T08:01:49.411779Z,True
2e845vKORmMrWoO0T7DD,24.3,60.0,174.0,NORMAL,2025-10-21T13:41:29.000Z,24.513317993184312,59.39920890944119,350.0,Normal,maize-storage-rules-v1,2025-11-07T08:01:49.411779Z,True
FCt15KII0jjvbNN4lCYc,24.2,62.0,4095.0,OK,2025-10-23T14:25:16.000Z,24.44198406472134,62.4991516016312,4128.622333274772,Rotten,maize-storage-rules-v1,2025-11-07T08:01:49.411779Z,True
yDRdbb7QFmrlHD8ONdlG,24.2,66.0,287.0,OK,2025-11-07T04:04:43.000Z,23.767618682215478,66.16699618972162,350.0,Almost Rotten,maize-storage-rules-v1,2025-11-07T08:01:49.411779Z,True
DSsape0plDu0B9UF9TwX,25.0,88.0,4095.0,OK,2025-10-23T14:27:44.000Z,24.99019754240159,87.48558241041813,4169.361626255349,Rotten,maize-storage-rules-v1,2025-11-07T08:01:49.411779Z,True
72P5KQEtZksZ2wUymtm3,24.7,69.0,171.0,OK,2025-11-06T17:02:43.000Z,24.357770034449757,68.49691364407366,350.0,Almost Rotten,maize-storage-rules-v1,2025-11-07T08:01:49.411779Z,True
qPJeSlu1zsivNZ5ovPed,25.2,64.0,314.0,OK,2025-11-07T03:58:14.000Z,24.800984705753294,64.80582489220657,350.0,Normal,maize-storage-rules-v1,2025-11-07T08:01:49.411779Z,True
pbXvMuhxmxMN8qH5WshV,26.2,62.0,147.0,OK,2025-11-07T03:38:40.000Z,26.268948149904045,62.35733540619486,350.0,Almost Rotten,maize-storage-rules-v1,2025-11-07T08:01:49.411779Z,True
dW4miZBOPrFNSOPkOTdt,25.3,65.0,2691.0,OK,2025-11-06T15:46:59.000Z,25.586300137461787,64.90943715317579,2713.5214080613496,Rotten,maize-storage-rules-v1,2025-11-07T08:01:49.411779Z,True
JYep5IX1YDv189lAEjBC,24.0,59.0,128.0,NORMAL,2025-10-21T13:54:57.000Z,23.54864137929571,58.45369220842999,350.0,Normal,maize-storage-rules-v1,2025-11-07T08:01:49.411779Z,True
zxQxZgPXgrHOaFSD91Ou,26.4,62.0,321.0,OK,2025-11-07T03:53:29.000Z,26.1839326792136,62.17977414795618,350.0,Almost Rotten,maize-storage-rules-v1,2025-11-07T08:01:49.411779Z,True
DpzHtYKJXy1xEPjUCNQy,24.7,69.0,189.0,OK,2025-11-06T16:55:10.000Z,24.682781638484247,68.14042581703139,350.0,Almost Rotten,maize-storage-rules-v1,2025-11-07T08:01:49.411779Z,True
vL9GBNsso3HfMfC8yT5n,24.2,60.0,333.0,NORMAL,2025-10-21T13:32:23.000Z,24.253487440063257,60.22919929418428,350.0,Normal,maize-storage-rules-v1,2025-11-07T08:01:49.411779Z,True
7l5hqK67c3BAhkA2m46u,26.1,71.0,176.0,OK,2025-10-21T10:44:31.000Z,26.45869224946805,69.94027884421128,350.0,Almost Rotten,maize-storage-rules-v1,2025-11-07T08:01:49.411779Z,True
ABxtfyljqtKNDLRKLrBp,24.7,66.0,141.0,OK,2025-11-06T17:16:42.000Z,24.85439381085556,66.55161353021708,350.0,Almost Rotten,maize-storage-rules-v1,2025-11-07T08:01:49.411779Z,True
NipJTQxsrEbXWMZJ8OGi,26.3,62.0,161.0,OK,2025-11-07T03:40:15.000Z,25.77642882876125,62.75885664431614,350.0,Almost Rotten,maize-storage-rules-v1,2025-11-07T08:01:49.411779Z,True
dsGlPxLGBPDhxCNSzzWp,24.4,60.0,112.0,NORMAL,2025-10-21T14:01:29.000Z,24.643368393018225,60.85616804264826,350.0,Normal,maize-storage-rules-v1,2025-11-07T08:01:49.411779Z,True
BqyPerdpg4YQC1MX9qjv,24.5,60.0,108.0,NORMAL,2025-10-21T14:03:26.000Z,24.319889868787563,60.11235230457722,350.0,Normal,maize-storage-rules-v1,2025-11-07T08:01:49.411779Z,True
NaCQMXH3hkwPfCmFbivG,24.5,69.0,304.0,OK,2025-11-06T16:34:18.000Z,24.21771551885893,69.77102682360884,350.0,Almost Rotten,maize-storage-rules-v1,2025-11-07T08:01:49.411779Z,True
D61OdLfbsOvvb4ORYlB0,26.3,62.0,320.0,OK,2025-11-07T03:22:21.000Z,26.81581839087124,62.68672949629294,350.0,Almost Rotten,maize-storage-rules-v1,2025-11-07T08:01:49.411779Z,True
Pj4XxAHp4AdUPrhgQYdD,23.6,68.0,320.0,OK,2025-11-07T04:15:32.000Z,24.05142498264175,66.7850702254442,350.0,Almost Rotten,maize-storage-rules-v1,2025-11-07T08:01:49.411779Z,True
jew9SBSx9PkuhM4cgeCy,,,,,,,,,Normal,maize-storage-rules-v1,2025-11-07T08:01:49.411779Z,True
beLbQ3xkRVZvFwvNOQKj,21.8,66.0,560.0,OK,2025-10-28T13:31:17.000Z,21.84548587728146,65.74696797401904,569.1810765885999,Almost Rotten,maize-storage-rules-v1,2025-11-07T08:01:49.411779Z,True
fcrakQHyJsYU2oSAmHWJ,24.5,68.0,290.0,OK,2025-11-06T16:35:02.000Z,24.80551732379488,68.05327407659495,350.0,Almost Rotten,maize-storage-rules-v1,2025-11-07T08:01:49.411779Z,True
JyG6OwuWFeIbFFEzYYdA,26.3,62.0,178.0,OK,2025-11-07T03:30:04.000Z,25.778216000179476,62.7750192672444,350.0,Almost Rotten,maize-storage-rules-v1,2025-11-07T08:01:49.411779Z,True
la8ZGTMqfezXDngOLd7g,25.4,65.0,2631.0,OK,2025-11-06T15:47:09.000Z,25.009753247164355,64.73317798549141,2662.148393905009,Rotten,maize-storage-rules-v1,2025-11-07T08:01:49.411779Z,True
veMa5wthusVRLWSQ7JjY,25.3,58.0,4095.0,OK,2025-10-23T14:24:02.000Z,25.28696080495542,57.77458726878461,4160.08130578469,Rotten,maize-storage-rules-v1,2025-11-07T08:01:49.411779Z,True
mhoZYbJ2DygZSFx7RmhG,24.0,59.0,126.0,NORMAL,2025-10-21T13:51:16.000Z,24.32894843684947,58.55160573931688,350.0,Normal,maize-storage-rules-v1,2025-11-07T08:01:49.411779Z,True
6fq9oDphnD1tmHPw1QpJ,23.8,68.0,241.0,OK,2025-11-07T04:08:46.000Z,24.149851081428217,67.272544201354,350.0,Almost Rotten,maize-storage-rules-v1,2025-11-07T08:01:49.411779Z,True
P3pdQQbEjmifdP8EAr32,25.6,69.0,4095.0,OK,2025-11-06T15:44:04.000Z,25.340600706279574,67.76298211916605,4105.796862552701,Rotten,maize-storage-rules-v1,2025-11-07T08:01:49.411779Z,True
hDUvRKYGIJLcc5B1XUE1,27.3,59.0,1553.0,OK,2025-11-06T15:53:12.000Z,27.760480002787425,58.35911007325313,1523.6132497471935,Rotten,maize-storage-rules-v1,2025-11-07T08:01:49.411779Z,True
hBGZrpzYAqyXcCaZoGpw,24.6,67.0,207.0,OK,2025-11-06T16:44:27.000Z,24.833714895100965,67.02857049306292,350.0,Almost Rotten,maize-storage-rules-v1,2025-11-07T08:01:49.411779Z,True
cH0Irqk3PlrTh1U12d8L,27.4,60.0,1599.0,OK,2025-11-06T15:52:34.000Z,27.741939068855554,60.80612404212755,1615.518039817031,Rotten,maize-storage-rules-v1,2025-11-07T08:01:49.411779Z,True
YLzaTckdiphO7rZhmz9z,24.7,67.0,177.0,OK,2025-11-06T16:56:37.000Z,24.587705359736503,65.89513725866146,350.0,Almost Rotten,maize-storage-rules-v1,2025-11-07T08:01:49.411779Z,True
weiMSU41GY4bBt14lH4M,23.8,68.0,249.0,OK,2025-11-07T04:09:35.000Z,23.934752937580495,68.89932672939337,350.0,Almost Rotten,maize-storage-rules-v1,2025-11-07T08:01:49.411779Z,True
ai4wwRy2eGZ57VgsmtTo,26.3,62.0,208.0,OK,2025-11-07T03:21:29.000Z,26.28014150305484,62.57322565473199,350.0,Almost Rotten,maize-storage-rules-v1,2025-11-07T08:01:49.411779Z,True
AgdBUqXPdNRbTh9UBAqt,24.6,67.0,127.0,OK,2025-11-06T17:22:29.000Z,24.806546222124805,66.67764779497087,350.0,Almost Rotten,maize-storage-rules-v1,2025-11-07T08:01:49.411779Z,True
d8Pm1fZCMey7DwPkcWg2,24.7,69.0,202.0,OK,2025-11-06T16:53:49.000Z,24.404155721665692,69.10211983003505,350.0,Almost Rotten,maize-storage-rules-v1,2025-11-07T08:01:49.411779Z,True
OG1TXVyuQrIh9b9mkCEJ,25.0,64.0,282.0,OK,2025-11-07T03:59:17.000Z,24.540253739939924,64.99906031013451,350.0,Normal,maize-storage-rules-v1,2025-11-07T08:01:49.411779Z,True
Kh4bpiMZQBUIxBKBZ4bc,24.6,68.0,224.0,OK,2025-11-06T16:42:18.000Z,24.619906385973263,67.51676146203788,350.0,Almost Rotten,maize-storage-rules-v1,2025-11-07T08:01:49.411779Z,True
fvlfqreWyzryIfT1T3in,25.0,66.0,408.0,OK,2025-11-07T03:07:47.000Z,25.327254595590738,66.64601669679989,414.6769048398268,Almost Rotten,maize-storage-rules-v1,2025-11-07T08:01:49.411779Z,True
UmPnFbsKdFIelBByK7cy,24.7,69.0,187.0,OK,2025-11-06T16:58:35.000Z,24.753746235099207,69.9643206827153,350.0,Almost Rotten,maize-storage-rules-v1,2025-11-07T08:01:49.411779Z,True
iWzBOVpM42yNLyqgwWOK,26.6,63.0,1894.0,OK,2025-11-06T15:50:03.000Z,26.40938447880749,63.37270779871575,1927.8937899985256,Rotten,maize-storage-rules-v1,2025-11-07T08:01:49.411779Z,True
QKEcCQowbEySeFcC8wDn,26.9,56.0,4095.0,OK,2025-10-23T14:22:53.000Z,26.781707347008425,56.16588433295128,4118.648383915636,Rotten,maize-storage-rules-v1,2025-11-07T08:01:49.411779Z,True
gJ4kDBAbSeTPPBWDZnyj,26.4,62.0,219.0,OK,2025-11-07T03:45:40.000Z,26.220692568151204,61.55385981939864,350.0,Almost Rotten,maize-storage-rules-v1,2025-11-07T08:01:49.411779Z,True
hEhe4JmWUSpgHAkHt8VS,25.7,65.0,1011.0,OK,2025-11-06T16:11:57.000Z,25.66743350966577,64.6860914715243,1030.682632432025,Almost Rotten,maize-storage-rules-v1,2025-11-07T08:01:49.411779Z,True
ePoUEDcAmxizGQqElXVr,24.5,68.0,199.0,OK,2025-11-06T16:46:53.000Z,24.97689617192597,67.92325715884343,350.0,Almost Rotten,maize-storage-rules-v1,2025-11-07T08:01:49.411779Z,True
64S623sDatZ0L3eXu2SD,25.4,69.0,818.0,OK,2025-11-06T16:15:11.000Z,25.87369162273747,68.22718189254324,827.339728410774,Almost Rotten,maize-storage-rules-v1,2025-11-07T08:01:49.411779Z,True
lyEzCHJrxgYriuOUESON,26.2,63.0,224.0,OK,2025-11-07T03:35:52.000Z,25.93621237178379,62.86542365909612,350.0,Almost Rotten,maize-storage-rules-v1,2025-11-07T08:01:49.411779Z,True
w19m2JqJXhPdiqkiW114,24.0,58.0,128.0,NORMAL,2025-10-21T13:53:13.000Z,24.209616540646227,57.84893123825778,350.0,Normal,maize-storage-rules-v1,2025-11-07T08:01:49.411779Z,True
lDZBUfqIms9MrZD3BSP6,25.3,69.0,891.0,OK,2025-11-06T16:13:56.000Z,25.49524170967289,69.96560959316118,907.859881691362,Almost Rotten,maize-storage-rules-v1,2025-11-07T08:01:49.411779Z,True
lUT23n1aBXZhEdw5Fmzp,24.5,68.0,208.0,OK,2025-11-06T16:46:37.000Z,24.51967047401626,67.21484423767258,350.0,Almost Rotten,maize-storage-rules-v1,2025-11-07T08:01:49.411779Z,True
dJF7qVA55ZdV69XrUhF3,24.6,68.0,271.0,OK,2025-11-06T16:36:44.000Z,24.358652696515588,66.69654016257428,350.0,Almost Rotten,maize-storage-rules-v1,2025-11-07T08:01:49.411779Z,True
cTjzdcbBFrlzwdf5F2Lm,21.4,68.0,1888.0,OK,2025-10-28T08:46:49.000Z,21.19849555017631,66.92781551530234,1864.591887898928,Rotten,maize-storage-rules-v1,2025-11-07T08:01:49.411779Z,True
oZwJuYj2lav3gU49liHm,24.8,68.0,149.0,OK,2025-11-06T17:08:13.000Z,24.329003307549154,66.83083547059978,350.0,Almost Rotten,maize-storage-rules-v1,2025-11-07T08:01:49.411779Z,True
W55L7EF0ysW91NRJ5zqL,24.4,61.0,122.0,NORMAL,2025-10-21T13:59:57.000Z,24.273104743018862,60.24575975763622,350.0,Normal,maize-storage-rules-v1,2025-11-07T08:01:49.411779Z,True
qdr8L8LhOElyld0C9Iz0,24.2,60.0,147.0,NORMAL,2025-10-21T13:44:49.000Z,24.118844506305138,60.00145645945597,350.0,Normal,maize-storage-rules-v1,2025-11-07T08:01:49.411779Z,True
pzpEIcWUodCnAnSMoAA4,24.3,66.0,301.0,OK,2025-11-07T04:03:44.000Z,24.395116064276436,66.48721576035987,350.0,Almost Rotten,maize-storage-rules-v1,2025-11-07T08:01:49.411779Z,True
N64mv5cXWLIUMa5j7IXB,24.0,61.0,100.0,OK,2025-10-21T14:30:23.000Z,23.76305722188154,61.76174494651691,350.0,Normal,maize-storage-rules-v1,2025-11-07T08:01:49.411779Z,True
fDWHsiskLEGPT1lcM7Bc,25.8,65.0,1041.0,OK,2025-11-06T16:11:46.000Z,26.016737420216373,65.81015153595133,1046.9944088968064,Almost Rotten,maize-storage-rules-v1,2025-11-07T08:01:49.411779Z,True
VHHmwwlPzU8LNTUCajik,25.5,65.0,726.0,OK,2025-11-06T16:17:37.000Z,25.390334428950244,65.43808515484331,738.0470218063244,Almost Rotten,maize-storage-rules-v1,2025-11-07T08:01:49.411779Z,True
rILIu7RRH9lzPXzTU5YF,21.9,66.0,605.0,OK,2025-10-28T13:31:39.000Z,22.011210250218664,65.4058196668018,601.5576119982903,Almost Rotten,maize-storage-rules-v1,2025-11-07T08:01:49.411779Z,True
sQaGgi9euhPYSuXlFO8F,24.5,68.0,337.0,OK,2025-11-06T16:32:23.000Z,24.048733146316422,67.25206427274226,350.0,Almost Rotten,maize-storage-rules-v1,2025-11-07T08:01:49.411779Z,True
hagr2SB7p3naqlBKcOSB,23.6,68.0,272.0,OK,2025-11-07T04:11:42.000Z,24.01637601281788,67.44617396951699,350.0,Almost Rotten,maize-storage-rules-v1,2025-11-07T08:01:49.411779Z,True
tWMWPsZzwtDZnwis2uEO,24.9,84.0,4095.0,OK,2025-10-23T14:28:00.000Z,24.898006297629983,83.9139239665822,4016.325935119456,Rotten,maize-storage-rules-v1,2025-11-07T08:01:49.411779Z,True
wI0WwidxrO4AuSMscQpD,24.4,59.0,130.0,NORMAL,2025-10-21T13:58:42.000Z,24.64997391030924,59.27137112056117,350.0,Normal,maize-storage-rules-v1,2025-11-07T08:01:49.411779Z,True
zgTeti65xX7mv03262kG,25.6,65.0,729.0,OK,2025-11-06T16:17:21.000Z,25.967581439686075,65.8767465586403,725.4270101269965,Almost Rotten,maize-storage-rules-v1,2025-11-07T08:01:49.411779Z,True
5eY57BClwZQYbC5Q7wgn,25.8,64.0,276.0,OK,2025-11-07T03:11:28.000Z,25.59457904991793,64.15020619897615,350.0,Almost Rotten,maize-storage-rules-v1,2025-11-07T08:01:49.411779Z,True
4atCwBMdqllGXVHLtIdt,21.6,66.0,653.0,OK,2025-10-28T13:26:00.000Z,21.93993789669896,66.39229552948194,665.9823285660152,Almost Rotten,maize-storage-rules-v1,2025-11-07T08:01:49.411779Z,True
RoKmJxBA3AkQit9g3LxB,26.4,62.0,162.0,OK,2025-11-07T03:46:29.000Z,26.741222447191493,61.449803928765526,350.0,Almost Rotten,maize-storage-rules-v1,2025-11-07T08:01:49.411779Z,True
dbCHg31bCBXgm7cSQelc,25.0,66.0,389.0,OK,2025-11-07T03:08:08.000Z,24.72766114679921,65.42747660166303,386.32489710953945,Almost Rotten,maize-storage-rules-v1,2025-11-07T08:01:49.411779Z,True
wSIHcdmA09GRHcJzlxMw,26.0,63.0,231.0,OK,2025-11-07T03:13:08.000Z,26.074432575886988,62.34667224288097,350.0,Almost Rotten,maize-storage-rules-v1,2025-11-07T08:01:49.411779Z,True
fnSJxHQ6YrQhwF49IP9p,21.9,66.0,607.0,OK,2025-10-28T13:34:09.000Z,21.5408412185555,65.96345793629227,610.203963951699,Almost Rotten,maize-storage-rules-v1,2025-11-07T08:01:49.411779Z,True
5h3MCsTlXXFVgRQv6V5X,24.2,60.0,155.0,NORMAL,2025-10-21T13:44:21.000Z,24.357652557955145,60.23214324103663,350.0,Normal,maize-storage-rules-v1,2025-11-07T08:01:49.411779Z,True
KyRldQZVuDoHxJsnuXmM,25.8,62.0,333.0,OK,2025-11-07T03:56:07.000Z,26.049451335656364,62.70006413028882,350.0,Almost Rotten,maize-storage-rules-v1,2025-11-07T08:01:49.411779Z,True
BI57lI6M1591jtH62xC2,25.4,65.0,313.0,OK,2025-11-07T03:09:41.000Z,25.302498940992617,64.85968246999772,350.0,Almost Rotten,maize-storage-rules-v1,2025-11-07T08:01:49.411779Z,True
iKf8rni3XmWQLRbieQP6,23.7,68.0,272.0,OK,2025-11-07T04:11:21.000Z,23.642938972271484,67.09024568420249,350.0,Almost Rotten,maize-storage-rules-v1,2025-11-07T08:01:49.411779Z,True
pduqXNXbZwpcimf0W6BR,25.5,65.0,721.0,OK,2025-11-06T16:17:42.000Z,25.830390608271816,63.71144239694924,729.1770251457507,Almost Rotten,maize-storage-rules-v1,2025-11-07T08:01:49.411779Z,True
PhdjCaZa6NmVZQG3LfYJ,26.1,66.0,1178.0,OK,2025-11-06T16:00:59.000Z,26.53082939600678,65.53016997524198,1164.8672455697524,Almost Rotten,maize-storage-rules-v1,2025-11-07T08:01:49.411779Z,True
FEKnRwf5uI0D1VYnjcTO,24.0,61.0,117.0,OK,2025-10-21T14:29:23.000Z,23.63891498386965,61.22012038940088,350.0,Normal,maize-storage-rules-v1,2025-11-07T08:01:49.411779Z,True
7s09deHwEqvSvaJNWPHI,21.1,68.0,2736.0,OK,2025-10-28T08:44:00.000Z,21.0030155347087,69.17298185346414,2786.81562806868,Rotten,maize-storage-rules-v1,2025-11-07T08:01:49.411779Z,True
1iDsJkqaCGOI6EE0NFbL,24.8,67.0,163.0,OK,2025-11-06T17:05:01.000Z,24.96062118260908,66.72836811988715,350.0,Almost Rotten,maize-storage-rules-v1,2025-11-07T08:01:49.411779Z,True
VuXSYYAar0ZER6mp64Sp,23.5,69.0,190.0,OK,2025-11-07T04:24:10.000Z,23.381996100262,68.9919702265862,350.0,Almost Rotten,maize-storage-rules-v1,2025-11-07T08:01:49.411779Z,True
5N1ehtrOHdpByEzuQ2ub,26.3,63.0,145.0,OK,2025-11-07T03:29:24.000Z,26.306659088064908,62.03994085795507,350.0,Almost Rotten,maize-storage-rules-v1,2025-11-07T08:01:49.411779Z,True
OZgJst2GAnUH9tt0KmQp,24.0,60.0,121.0,OK,2025-10-21T14:28:56.000Z,23.9225289484107,59.25544352930584,350.0,Normal,maize-storage-rules-v1,2025-11-07T08:01:49.411779Z,True
dd0xhOc3875zh3KJCS72,24.0,67.0,322.0,OK,2025-11-07T04:05:58.000Z,23.56851454910405,67.84942081220647,350.0,Almost Rotten,maize-storage-rules-v1,2025-11-07T08:01:49.411779Z,True
xULDkYVzi3fjKk7KpDCA,23.7,68.0,269.0,OK,2025-11-07T04:11:26.000Z,23.326251130313512,67.046671931411,350.0,Almost Rotten,maize-storage-rules-v1,2025-11-07T08:01:49.411779Z,True
37E9SkkDyUEa2EPbrAxC,24.7,67.0,150.0,OK,2025-11-06T17:14:51.000Z,24.374545852914444,67.64538482078392,350.0,Almost Rotten,maize-storage-rules-v1,2025-11-07T08:01:49.411779Z,True
GuF6qbhrbxKHmwAcAfsX,21.4,68.0,1894.0,OK,2025-10-28T08:46:44.000Z,21.144894056261595,67.95503473166573,1878.0461662782045,Rotten,maize-storage-rules-v1,2025-11-07T08:01:49.411779Z,True
o9cHW7LWq5KOZx8A9nvM,24.7,69.0,181.0,OK,2025-11-06T16:54:43.000Z,24.482002554447405,69.24941901182802,350.0,Almost Rotten,maize-storage-rules-v1,2025-11-07T08:01:49.411779Z,True
kEveckRCYeuBGM0LScpr,27.0,56.0,4095.0,OK,2025-10-23T14:22:48.000Z,27.284060840518883,55.445041759568575,4138.483721369635,Rotten,maize-storage-rules-v1,2025-11-07T08:01:49.411779Z,True
ZcLGF47SGNLiz9yOj5uy,24.2,59.0,197.0,NORMAL,2025-10-21T13:36:58.000Z,23.78068733055101,59.35213330273333,350.0,Normal,maize-storage-rules-v1,2025-11-07T08:01:49.411779Z,True
s1ohm5L7PWXQK74nhrbw,26.1,67.0,1168.0,OK,2025-11-06T16:00:54.000Z,26.3127439131,66.6985014352439,1166.1712332604138,Rotten,maize-storage-rules-v1,2025-11-07T08:01:49.411779Z,True
6d6FjbYZGCwMUBsHkYX9,25.8,64.0,267.0,OK,2025-11-07T03:11:34.000Z,25.956792818398537,64.22482413969672,350.0,Almost Rotten,maize-storage-rules-v1,2025-11-07T08:01:49.411779Z,True
jeqWhi4LNqzXUmiW4VGx,24.0,67.0,304.0,OK,2025-11-07T04:05:53.000Z,23.537700290760185,67.93950600881247,350.0,Almost Rotten,maize-storage-rules-v1,2025-11-07T08:01:49.411779Z,True
sHUMrvKyvYSkuGLU8vSy,23.5,69.0,186.0,OK,2025-11-07T04:23:59.000Z,23.69569341755357,67.92098988589152,350.0,Almost Rotten,maize-storage-rules-v1,2025-11-07T08:01:49.411779Z,True
bdW0fxNfbetikkNlPPuk,24.5,68.0,322.0,OK,2025-11-06T16:32:39.000Z,24.40921514010571,67.31695286056224,350.0,Almost Rotten,maize-storage-rules-v1,2025-11-07T08:01:49.411779Z,True
bbYoIHutLfXjMZah26no,25.6,67.0,565.0,OK,2025-11-06T16:21:02.000Z,25.57665344848172,66.72224435501928,563.048722117678,Almost Rotten,maize-storage-rules-v1,2025-11-07T08:01:49.411779Z,True
Ubh0r3jVX1bpenav44cS,26.2,57.0,4095.0,OK,2025-10-23T14:23:21.000Z,26.647254322280467,56.81437636626434,4031.941521278094,Rotten,maize-storage-rules-v1,2025-11-07T08:01:49.411779Z,True
a2Qz4vW0en1E8XOGevtf,24.2,59.0,186.0,NORMAL,2025-10-21T13:38:58.000Z,24.502135026429077,59.95625490466377,350.0,Normal,maize-storage-rules-v1,2025-11-07T08:01:49.411779Z,True
5DuAPE14zX7EacLhc3ZM,25.3,69.0,903.0,OK,2025-11-06T16:13:45.000Z,24.939624272581867,69.49537920239236,901.689252380713,Almost Rotten,maize-storage-rules-v1,2025-11-07T08:01:49.411779Z,True
DWQADtdC3jxWYg2ANi6b,26.2,62.0,196.0,OK,2025-11-07T03:20:42.000Z,25.931363491850387,60.93417875979903,350.0,Almost Rotten,maize-storage-rules-v1,2025-11-07T08:01:49.411779Z,True
ZwVw74sPavng1SM8qTmi,26.5,62.0,131.0,OK,2025-11-07T03:51:01.000Z,26.672281370028173,61.30379394228927,350.0,Almost Rotten,maize-storage-rules-v1,2025-11-07T08:01:49.411779Z,True
k8Z1PWpUT1JXepQJTscl,26.5,62.0,142.0,OK,2025-11-07T03:49:52.000Z,26.95534729050125,63.21435307174593,350.0,Almost Rotten,maize-storage-rules-v1,2025-11-07T08:01:49.411779Z,True
JeSzgxrFcKwSoArtzZmu,24.7,67.0,143.0,OK,2025-11-06T17:17:41.000Z,24.93571742181989,68.14417337165992,350.0,Almost Rotten,maize-storage-rules-v1,2025-11-07T08:01:49.411779Z,True
JnJh6dffbCmpcx56NnSH,23.8,68.0,242.0,OK,2025-11-07T04:08:56.000Z,23.44397707734279,68.40246038243654,350.0,Almost Rotten,maize-storage-rules-v1,2025-11-07T08:01:49.411779Z,True
HS5kEKq3eGrFBhxmkf8e,25.6,68.0,4095.0,OK,2025-11-06T15:44:09.000Z,25.536907528790216,69.35839227705448,4099.779064711162,Rotten,maize-storage-rules-v1,2025-11-07T08:01:49.411779Z,True
4sMtNLp5LiAoNoXWTJpp,23.8,68.0,249.0,OK,2025-11-07T04:10:07.000Z,23.553403987405414,68.50823081888478,350.0,Almost Rotten,maize-storage-rules-v1,2025-11-07T08:01:49.411779Z,True
zGahD6U1W7UQwPpnC7Uf,24.0,59.0,122.0,NORMAL,2025-10-21T13:51:44.000Z,24.137990846807305,58.96067063119008,350.0,Normal,maize-storage-rules-v1,2025-11-07T08:01:49.411779Z,True
rsGKVdVTnM37KkEOSG39,24.4,60.0,112.0,NORMAL,2025-10-21T14:02:07.000Z,24.40749274952269,59.4514546021545,350.0,Normal,maize-storage-rules-v1,2025-11-07T08:01:49.411779Z,True
aNPeXc57DCIIcK8XBPGm,24.7,66.0,169.0,OK,2025-11-06T17:13:20.000Z,24.493833500115763,65.38719158948396,350.0,Almost Rotten,maize-storage-rules-v1,2025-11-07T08:01:49.411779Z,True
U0UsBLhsFejBczkuDYrI,25.8,99.0,4095.0,OK,2025-10-23T14:26:57.000Z,25.698105443040067,100.0,4059.725740945516,Rotten,maize-storage-rules-v1,2025-11-07T08:01:49.411779Z,True
TuSLMedlZv1612EtlaFp,24.0,59.0,127.0,NORMAL,2025-10-21T13:54:18.000Z,24.338287025213056,58.820680351650445,350.0,Normal,maize-storage-rules-v1,2025-11-07T08:01:49.411779Z,True
29hjTcioD8dgKARcK3Xo,24.2,58.0,222.0,NORMAL,2025-10-21T13:35:01.000Z,24.59550610860496,57.22480918895816,350.0,Normal,maize-storage-rules-v1,2025-11-07T08:01:49.411779Z,True
1ywPachKusNXGqtYotv9,27.8,99.0,4095.0,OK,2025-10-23T14:26:19.000Z,27.94487424354821,100.0,4031.492484441279,Rotten,maize-storage-rules-v1,2025-11-07T08:01:49.411779Z,True
zjawsow3hXT4pfG92FmL,24.5,69.0,248.0,OK,2025-11-06T16:38:37.000Z,24.035497055480537,67.75384504707063,350.0,Almost Rotten,maize-storage-rules-v1,2025-11-07T08:01:49.411779Z,True
qGxPqM6jQCvfMtgexZme,23.9,61.0,496.0,OK,2025-10-21T14:27:15.000Z,23.53545556292737,60.22274887093552,491.2544850361718,Normal,maize-storage-rules-v1,2025-11-07T08:01:49.411779Z,True
4IRdk95ZZGk4nnbr4EQl,24.6,73.0,4095.0,OK,2025-10-25T10:25:17.000Z,24.35986964911852,73.51200585437446,4036.3900689318616,Rotten,maize-storage-rules-v1,2025-11-07T08:01:49.411779Z,True
jRv7mbjxbme4iIudLNMe,24.6,68.0,197.0,OK,2025-11-06T16:47:37.000Z,25.045898005833926,66.95079538244941,350.0,Almost Rotten,maize-storage-rules-v1,2025-11-07T08:01:49.411779Z,True
mOjQH420jFoAXWu4LSc5,26.2,63.0,194.0,OK,2025-11-07T03:30:31.000Z,26.30623865542629,62.42361066322414,350.0,Almost Rotten,maize-storage-rules-v1,2025-11-07T08:01:49.411779Z,True
RGmup5fAtvni9fe7pTBu,26.1,63.0,189.0,OK,2025-11-07T03:37:16.000Z,26.43536494120816,63.74540341210938,350.0,Almost Rotten,maize-storage-rules-v1,2025-11-07T08:01:49.411779Z,True
7CTth4zKqn5n7i0mlgPd,21.3,68.0,2096.0,OK,2025-10-28T08:45:46.000Z,20.921196888607952,66.9768907166717,2111.536829924429,Rotten,maize-storage-rules-v1,2025-11-07T08:01:49.411779Z,True
dN7xdwpftQ4e4dsnbX4i,24.5,59.0,235.0,NORMAL,2025-10-21T13:09:02.000Z,24.934922400741637,59.70847186556615,350.0,Normal,maize-storage-rules-v1,2025-11-07T08:01:49.411779Z,True
tXlzlAUoAiUkH73Wt1T0,21.5,68.0,1727.0,OK,2025-10-28T08:47:47.000Z,21.393992339259352,67.2278247898235,1716.7622239142145,Rotten,maize-storage-rules-v1,2025-11-07T08:01:49.411779Z,True
5yXeYV8AQEUBG0jkz6v8,26.2,62.0,150.0,OK,2025-11-07T03:38:35.000Z,25.82307589772298,62.5929050799607,350.0,Almost Rotten,maize-storage-rules-v1,2025-11-07T08:01:49.411779Z,True
1I926CXIgidRxf0UZUKM,26.2,62.0,189.0,OK,2025-11-07T03:18:09.000Z,26.500696747622243,62.74089957284917,350.0,Almost Rotten,maize-storage-rules-v1,2025-11-07T08:01:49.411779Z,True
giYV0M1nxEwZN367kihK,24.5,69.0,315.0,OK,2025-11-06T16:33:57.000Z,24.227920569338877,69.26370248525835,350.0,Almost Rotten,maize-storage-rules-v1,2025-11-07T08:01:49.411779Z,True
UZ6ByX4jdLZt7lIxggMY,24.0,60.0,90.0,OK,2025-10-21T14:31:46.000Z,23.934258243539865,61.08702909750244,350.0,Normal,maize-storage-rules-v1,2025-11-07T08:01:49.411779Z,True
8NKNhv2mTTHIbczVTDTe,24.8,69.0,161.0,OK,2025-11-06T17:07:20.000Z,25.023909903245254,69.1742541002949,350.0,Almost Rotten,maize-storage-rules-v1,2025-11-07T08:01:49.411779Z,True
M8zXcGV4QMHhHksl8Azl,21.9,65.0,598.0,OK,2025-10-28T13:34:03.000Z,21.524916195080525,65.53889470490789,609.4761910768378,Almost Rotten,maize-storage-rules-v1,2025-11-07T08:01:49.411779Z,True
d4ebXLs147Tz1yOE1tJc,26.2,62.0,183.0,OK,2025-11-07T03:33:14.000Z,26.440846378125404,60.92656365461509,350.0,Almost Rotten,maize-storage-rules-v1,2025-11-07T08:01:49.411779Z,True
cBGsBKLt14IOoPXF7aNj,24.0,60.0,137.0,OK,2025-10-21T14:28:19.000Z,23.906764424167324,58.967066404316654,350.0,Normal,maize-storage-rules-v1,2025-11-07T08:01:49.411779Z,True
HOKXhkE00DOHXSJyoHnU,24.2,59.0,201.0,NORMAL,2025-10-21T13:37:04.000Z,24.482631243536847,58.5732505733709,350.0,Normal,maize-storage-rules-v1,2025-11-07T08:01:49.411779Z,True
DY0N4CKXMY2kBLNqZKWr,24.4,60.0,112.0,NORMAL,2025-10-21T14:00:50.000Z,24.53428657166697,60.99846301159787,350.0,Normal,maize-storage-rules-v1,2025-11-07T08:01:49.411779Z,True
bD66pQPUtyFbupE8jdkd,23.9,67.0,272.0,OK,2025-11-07T04:07:14.000Z,23.647613383065245,66.77401755754079,350.0,Almost Rotten,maize-storage-rules-v1,2025-11-07T08:01:49.411779Z,True
J1hYz47bIxKr0YhXJDFS,26.1,62.0,301.0,OK,2025-11-07T03:54:54.000Z,26.225435855239944,61.54045578582009,350.0,Almost Rotten,maize-storage-rules-v1,2025-11-07T08:01:49.411779Z,True
Z9AFvtslhNRKuBGu8XYi,26.3,62.0,341.0,OK,2025-11-07T03:23:39.000Z,26.61621396894889,61.404299649153245,350.0,Almost Rotten,maize-storage-rules-v1,2025-11-07T08:01:49.411779Z,True
AKS4e7uX2YOT1wTmX690,24.5,68.0,330.0,OK,2025-11-06T16:32:50.000Z,24.066087301350198,68.19238724864707,350.0,Almost Rotten,maize-storage-rules-v1,2025-11-07T08:01:49.411779Z,True
9XtSOUyTKyh5L0iYLbiG,25.4,68.0,927.0,OK,2025-11-06T16:13:18.000Z,25.6212443997797,67.39675065268219,944.881119160294,Almost Rotten,maize-storage-rules-v1,2025-11-07T08:01:49.411779Z,True
CPDrZBL8A12lKJ22uPfO,24.5,67.0,640.0,OK,2025-11-07T03:05:50.000Z,24.17953455628776,66.46880615109438,637.8124294167121,Almost Rotten,maize-storage-rules-v1,2025-11-07T08:01:49.411779Z,True
wLcjvBY2tSFkMNzd1Ojv,25.0,64.0,304.0,OK,2025-11-07T03:58:40.000Z,24.660389324067737,65.01307094595877,350.0,Almost Rotten,maize-storage-rules-v1,2025-11-07T08:01:49.411779Z,True
yldF4fZnQBeIYqqOd28H,24.6,68.0,198.0,OK,2025-11-06T16:46:26.000Z,24.996050127944155,67.81408856603541,350.0,Almost Rotten,maize-storage-rules-v1,2025-11-07T08:01:49.411779Z,True
ZL5D9PjcWgwWe9OkyocM,24.7,69.0,176.0,OK,2025-11-06T16:58:51.000Z,25.14034532800258,68.85812995012729,350.0,Almost Rotten,maize-storage-rules-v1,2025-11-07T08:01:49.411779Z,True
7Ti3bmhfc82ioDUr9K0W,24.7,67.0,157.0,OK,2025-11-06T17:14:35.000Z,24.385320428681368,66.39584825247526,350.0,Almost Rotten,maize-storage-rules-v1,2025-11-07T08:01:49.411779Z,True
vbBElFYsi7c9gzUOYByb,25.4,68.0,641.0,OK,2025-11-06T16:19:08.000Z,25.43803657452764,68.54911827952769,642.893858913506,Almost Rotten,maize-storage-rules-v1,2025-11-07T08:01:49.411779Z,True
TVUMkvaMmTh6v6hsiM4E,24.2,66.0,313.0,OK,2025-11-07T04:03:54.000Z,24.026144493082192,66.48996349363608,350.0,Almost Rotten,maize-storage-rules-v1,2025-11-07T08:01:49.411779Z,True
pl9Xm6cYYOaxNYjLrZUh,26.1,70.0,176.0,OK,2025-10-21T10:45:02.000Z,25.72635649858912,69.37186321460406,350.0,Almost Rotten,maize-storage-rules-v1,2025-11-07T08:01:49.411779Z,True
iYtqYfxRDjaX63bjNMrm,24.2,59.0,296.0,NORMAL,2025-10-21T13:32:45.000Z,24.24576979028632,57.91557752656275,350.0,Normal,maize-storage-rules-v1,2025-11-07T08:01:49.411779Z,True
rc27Rk57strwsdMcxv7M,26.0,64.0,2047.0,OK,2025-11-06T15:48:58.000Z,25.926262826328028,62.94206916681729,2046.1115519089265,Rotten,maize-storage-rules-v1,2025-11-07T08:01:49.411779Z,True
AzONJfeGFt4MYUtPhWtf,21.5,68.0,1718.0,OK,2025-10-28T08:47:26.000Z,21.744309615573613,68.76931978175173,1713.5060064046309,Rotten,maize-storage-rules-v1,2025-11-07T08:01:49.411779Z,True
xE5ZylvXmR1ZBmURJFDy,26.1,70.0,175.0,OK,2025-10-21T10:45:07.000Z,25.9624346112433,70.00889607665019,350.0,Rotten,maize-storage-rules-v1,2025-11-07T08:01:49.411779Z,True
d5vYeYp4RZBpdEZe1tIY,26.2,62.0,292.0,OK,2025-11-07T03:54:38.000Z,25.77848182132282,61.71308051457782,350.0,Almost Rotten,maize-storage-rules-v1,2025-11-07T08:01:49.411779Z,True
BU98gw18gt7DYcV6QqsO,26.2,62.0,186.0,OK,2025-11-07T03:26:03.000Z,26.10757781962168,62.91534783888595,350.0,Almost Rotten,maize-storage-rules-v1,2025-11-07T08:01:49.411779Z,True
HCoTJOYoZ9ZyA9QRhoHP,24.7,67.0,155.0,OK,2025-11-06T17:14:45.000Z,24.93941013402496,67.59083052965394,350.0,Almost Rotten,maize-storage-rules-v1,2025-11-07T08:01:49.411779Z,True
BmgtHaSQBGlSvWvQMU0m,24.4,61.0,112.0,NORMAL,2025-10-21T14:01:45.000Z,24.54877466316453,60.88681859542928,350.0,Normal,maize-storage-rules-v1,2025-11-07T08:01:49.411779Z,True
7s7WjTA6Cp0U4l7RsEpW,26.5,62.0,154.0,OK,2025-11-07T03:49:25.000Z,26.647937067511336,61.13008476653184,350.0,Almost Rotten,maize-storage-rules-v1,2025-11-07T08:01:49.411779Z,True
bKX9meU4E6Xr7jGES28D,27.4,60.0,1605.0,OK,2025-11-06T15:52:24.000Z,27.80242081516095,60.19409123624733,1617.3213587336752,Rotten,maize-storage-rules-v1,2025-11-07T08:01:49.411779Z,True
rrgMCCQEz8NHYXnHz1gl,24.0,59.0,128.0,NORMAL,2025-10-21T13:53:57.000Z,24.241458777868218,59.91147521959899,350.0,Normal,maize-storage-rules-v1,2025-11-07T08:01:49.411779Z,True
deir2SY6RtjzxQZtYCdB,25.8,65.0,1021.0,OK,2025-11-06T16:11:51.000Z,25.41639864278348,65.76200652500705,1013.8430613309638,Almost Rotten,maize-storage-rules-v1,2025-11-07T08:01:49.411779Z,True
bippUHbpplVDpqPKCo1R,24.2,59.0,141.0,NORMAL,2025-10-21T13:46:26.000Z,23.93397198079017,60.090353898612506,350.0,Normal,maize-storage-rules-v1,2025-11-07T08:01:49.411779Z,True
rx4HTfOTxtdHn0xz8EZF,21.4,68.0,1950.0,OK,2025-10-28T08:46:28.000Z,21.448098894058905,67.30513948604491,1927.597744179238,Rotten,maize-storage-rules-v1,2025-11-07T08:01:49.411779Z,True
I2X66DmSiFyxfhxMoTKR,24.7,68.0,161.0,OK,2025-11-06T17:00:18.000Z,24.51481910964024,68.94349783246984,350.0,Almost Rotten,maize-storage-rules-v1,2025-11-07T08:01:49.411779Z,True
IapRfrfEyYcIPdYq8zr3,24.8,69.0,170.0,OK,2025-11-06T17:03:35.000Z,25.22694154064844,67.72687437939203,350.0,Almost Rotten,maize-storage-rules-v1,2025-11-07T08:01:49.411779Z,True
iwMcopYb0cANN51bOk2J,26.0,63.0,235.0,OK,2025-11-07T03:12:36.000Z,25.766032282255463,64.2502406892493,350.0,Almost Rotten,maize-storage-rules-v1,2025-11-07T08:01:49.411779Z,True
L1xWB4J9G7CqVr2LPPT5,24.2,59.0,320.0,NORMAL,2025-10-21T13:32:29.000Z,24.267695936445,57.868245440216896,350.0,Normal,maize-storage-rules-v1,2025-11-07T08:01:49.411779Z,True
O7SUe3ZO1ZD27okycctm,26.2,62.0,206.0,OK,2025-11-07T03:20:21.000Z,26.171477603451432,61.3712601156469,350.0,Almost Rotten,maize-storage-rules-v1,2025-11-07T08:01:49.411779Z,True
zjiCVptWZBGz2zk9h8AE,26.3,62.0,263.0,OK,2025-11-07T03:24:19.000Z,26.653682138007586,61.23644327613805,350.0,Almost Rotten,maize-storage-rules-v1,2025-11-07T08:01:49.411779Z,True
J7iu39RYHjMdTG1Rbk6l,26.5,62.0,144.0,OK,2025-11-07T03:51:12.000Z,26.595607105732096,62.36557884073265,350.0,Almost Rotten,maize-storage-rules-v1,2025-11-07T08:01:49.411779Z,True
LtNnDi7YnskTXCPXOqtG,26.3,62.0,334.0,OK,2025-11-07T03:22:26.000Z,26.460450199191804,61.786788403688256,350.0,Almost Rotten,maize-storage-rules-v1,2025-11-07T08:01:49.411779Z,True
7pIGxvx1MBhxOjujeWD6,27.2,62.0,1744.0,OK,2025-11-06T15:51:30.000Z,26.802392802753506,63.17676221350488,1755.3874848688963,Rotten,maize-storage-rules-v1,2025-11-07T08:01:49.411779Z,True
9vJxGbcPjcLaE7Iw8uat,21.0,70.0,4095.0,OK,2025-10-28T08:42:25.000Z,21.31852802041851,70.92181919536873,4116.884300137277,Rotten,maize-storage-rules-v1,2025-11-07T08:01:49.411779Z,True
vYEGO3ugpNhyDk6DEyaJ,21.8,66.0,619.0,OK,2025-10-28T13:31:50.000Z,22.213842840354967,66.72342358702004,630.9968335695208,Almost Rotten,maize-storage-rules-v1,2025-11-07T08:01:49.411779Z,True
DnAxkWKDpllcArYxrcLA,26.8,63.0,1842.0,OK,2025-11-06T15:50:30.000Z,27.169281352163864,61.98240132003648,1872.2745925361,Rotten,maize-storage-rules-v1,2025-11-07T08:01:49.411779Z,True
CDFFR5jjschpzzjWO6gX,26.0,63.0,218.0,OK,2025-11-07T03:14:15.000Z,26.31186522719439,64.1420735117618,350.0,Almost Rotten,maize-storage-rules-v1,2025-11-07T08:01:49.411779Z,True
EHDzJUB5UE9cgPqjEPLd,24.6,68.0,225.0,OK,2025-11-06T16:42:23.000Z,24.598835887194983,66.74929387754943,350.0,Almost Rotten,maize-storage-rules-v1,2025-11-07T08:01:49.411779Z,True
Y4HN0z0NBd9m720OSRrF,24.8,67.0,164.0,OK,2025-11-06T17:08:47.000Z,25.23983529246763,66.09303071331568,350.0,Almost Rotten,maize-storage-rules-v1,2025-11-07T08:01:49.411779Z,True
QW7AhUlACrln3TZclD49,26.1,63.0,204.0,OK,2025-11-07T03:16:00.000Z,26.403530444747418,64.24046296242939,350.0,Almost Rotten,maize-storage-rules-v1,2025-11-07T08:01:49.411779Z,True
imkO1itmcPYit8VeVR88,26.1,63.0,186.0,OK,2025-11-07T03:36:39.000Z,25.71082390421507,63.34251654827692,350.0,Almost Rotten,maize-storage-rules-v1,2025-11-07T08:01:49.411779Z,True
1JyZ4mHhX9k9yFwcp853,24.2,59.0,287.0,NORMAL,2025-10-21T13:32:57.000Z,24.39860008651029,59.81736952009633,350.0,Normal,maize-storage-rules-v1,2025-11-07T08:01:49.411779Z,True
2yyL3BEBMcTwRJraxtd1,24.7,68.0,160.0,OK,2025-11-06T17:10:55.000Z,24.30816213210988,67.75612849620539,350.0,Almost Rotten,maize-storage-rules-v1,2025-11-07T08:01:49.411779Z,True
EG7Gifgv16E0FcdsNevk,24.5,68.0,336.0,OK,2025-11-06T16:31:24.000Z,24.34377897967969,68.48419142734728,350.0,Almost Rotten,maize-storage-rules-v1,2025-11-07T08:01:49.411779Z,True
Mq6tU8wvJYLs6uRmV4TG,26.1,63.0,222.0,OK,2025-11-07T03:14:30.000Z,26.11843862822439,62.60697366401307,350.0,Almost Rotten,maize-storage-rules-v1,2025-11-07T08:01:49.411779Z,True
hKTM05C0u0UK5OEU8jcD,26.3,62.0,176.0,OK,2025-11-07T03:27:58.000Z,25.96429042069884,61.34741429575568,350.0,Almost Rotten,maize-storage-rules-v1,2025-11-07T08:01:49.411779Z,True
PckmmdvErGxbbexXZ2kD,24.5,69.0,368.0,OK,2025-11-06T16:30:18.000Z,24.629558450112565,68.57454745661978,361.189567561866,Almost Rotten,maize-storage-rules-v1,2025-11-07T08:01:49.411779Z,True
z8BAHxhDC467yjb6JSCG,25.9,62.0,318.0,OK,2025-11-07T03:55:41.000Z,25.640819826970876,61.323929545144665,350.0,Almost Rotten,maize-storage-rules-v1,2025-11-07T08:01:49.411779Z,True
YjTOc4p0laWf9sNuqrUa,26.3,62.0,179.0,OK,2025-11-07T03:28:48.000Z,25.990522422249683,63.004862081950094,350.0,Almost Rotten,maize-storage-rules-v1,2025-11-07T08:01:49.411779Z,True
Iamm70SOjfhK5ATOhISx,24.3,59.0,125.0,NORMAL,2025-10-21T13:57:38.000Z,24.13547514127733,58.09399436664767,350.0,Normal,maize-storage-rules-v1,2025-11-07T08:01:49.411779Z,True
anJY9VmdTZYqgRDJC5aH,24.4,60.0,133.0,NORMAL,2025-10-21T14:02:13.000Z,24.34948285797451,60.02232075173957,350.0,Normal,maize-storage-rules-v1,2025-11-07T08:01:49.411779Z,True
5N8MVWzL97ZMtOGgTN1P,26.4,62.0,176.0,OK,2025-11-07T03:43:41.000Z,26.605141132038888,61.36701730801916,350.0,Almost Rotten,maize-storage-rules-v1,2025-11-07T08:01:49.411779Z,True
HTMJFRnLIRemUYbKyRAM,24.4,60.0,121.0,NORMAL,2025-10-21T14:00:08.000Z,24.37682713318064,60.524855211610856,350.0,Normal,maize-storage-rules-v1,2025-11-07T08:01:49.411779Z,True
7X9HtQQWOvGW15ytjbU2,25.3,66.0,2791.0,OK,2025-11-06T15:46:43.000Z,25.03358580955765,65.73944872540899,2840.6218427998715,Rotten,maize-storage-rules-v1,2025-11-07T08:01:49.411779Z,True
gZlq7mCGyLflOxXHRSfm,21.8,66.0,583.0,OK,2025-10-28T13:30:21.000Z,21.89621245902504,65.83921756183827,574.3236085484402,Almost Rotten,maize-storage-rules-v1,2025-11-07T08:01:49.411779Z,True
IYpsY3fqtxmcQca4j0l5,24.4,60.0,122.0,NORMAL,2025-10-21T14:00:45.000Z,24.578860157075,59.74250414054622,350.0,Normal,maize-storage-rules-v1,2025-11-07T08:01:49.411779Z,True
Ra93I81ErWeXprnC3lhk,24.8,66.0,451.0,OK,2025-11-07T03:07:15.000Z,24.37097833234592,64.90402629098503,453.4881444427989,Normal,maize-storage-rules-v1,2025-11-07T08:01:49.411779Z,True
rGRF36g6qz3oaefdAVgX,25.7,68.0,4095.0,OK,2025-11-06T15:43:53.000Z,25.455229473052547,67.79595023004188,4027.763200134214,Rotten,maize-storage-rules-v1,2025-11-07T08:01:49.411779Z,True
wySjFAYwASxwQ57NwqIc,27.0,62.0,1769.0,OK,2025-11-06T15:51:03.000Z,27.10093277439717,61.509087123351314,1788.5583798338496,Rotten,maize-storage-rules-v1,2025-11-07T08:01:49.411779Z,True
FMqBXkfV8RqFjP67pN9g,24.4,59.0,288.0,NORMAL,2025-10-21T13:07:29.000Z,24.3136981781414,58.46721946311472,350.0,Normal,maize-storage-rules-v1,2025-11-07T08:01:49.411779Z,True
LRRztbTRCcmUvckMVTU2,27.4,59.0,1585.0,OK,2025-11-06T15:52:45.000Z,27.067629430102688,59.15173904575735,1604.7094127355338,Rotten,maize-storage-rules-v1,2025-11-07T08:01:49.411779Z,True
F8fkWt8BnVrOsc0J25Pv,21.8,66.0,674.0,OK,2025-10-28T13:30:48.000Z,21.93437730106862,64.68954688623224,676.8373879676421,Normal,maize-storage-rules-v1,2025-11-07T08:01:49.411779Z,True
kqdUfVvcSXvpFR0w01Aq,26.1,57.0,4095.0,OK,2025-10-23T14:23:26.000Z,26.590114761409517,57.58146014070132,4086.694531300809,Rotten,maize-storage-rules-v1,2025-11-07T08:01:49.411779Z,True
qmZj4nPIyOUcjKsfHgqd,24.5,68.0,273.0,OK,2025-11-06T16:36:38.000Z,24.6523502048656,67.12667541698555,350.0,Almost Rotten,maize-storage-rules-v1,2025-11-07T08:01:49.411779Z,True
FBOMtZgk5VTxFBXFEgjw,24.1,64.0,128.0,NORMAL,2025-10-21T13:55:45.000Z,24.567133270500086,63.00028755379409,350.0,Normal,maize-storage-rules-v1,2025-11-07T08:01:49.411779Z,True
WTOBniElSfShKkjpQlQQ,23.6,68.0,315.0,OK,2025-11-07T04:18:28.000Z,23.56387047414218,67.7170310644058,350.0,Almost Rotten,maize-storage-rules-v1,2025-11-07T08:01:49.411779Z,True
uX67vQjdDGW5GGgUGmX0,25.5,94.0,4095.0,OK,2025-10-23T14:27:12.000Z,25.36391268476903,93.03629979591506,4153.02463078674,Rotten,maize-storage-rules-v1,2025-11-07T08:01:49.411779Z,True
1rP9iz2Donfs7VT2ZHQq,24.2,60.0,156.0,NORMAL,2025-10-21T13:44:14.000Z,24.163097158883343,59.16838129289806,350.0,Normal,maize-storage-rules-v1,2025-11-07T08:01:49.411779Z,True
g3dHFaVHbzoH2L7phRJw,23.9,68.0,243.0,OK,2025-11-07T04:08:29.000Z,23.8690757445424,68.24626175135316,350.0,Almost Rotten,maize-storage-rules-v1,2025-11-07T08:01:49.411779Z,True
seFK5HPLtFiMWdScjBsK,26.2,63.0,192.0,OK,2025-11-07T03:31:08.000Z,26.1853754215398,63.9797451712399,350.0,Almost Rotten,maize-storage-rules-v1,2025-11-07T08:01:49.411779Z,True
L94lHvxwulWn6qnVmc9a,26.2,63.0,196.0,OK,2025-11-07T03:30:57.000Z,26.455293182632825,63.73841238727601,350.0,Almost Rotten,maize-storage-rules-v1,2025-11-07T08:01:49.411779Z,True
bCG3bQpFEIay3ROP2HLv,26.4,62.0,174.0,OK,2025-11-07T03:43:04.000Z,26.261952120456066,61.83901762210513,350.0,Almost Rotten,maize-storage-rules-v1,2025-11-07T08:01:49.411779Z,True
A95iVRfT2R9IKanNfhwu,26.2,63.0,177.0,OK,2025-11-07T03:31:50.000Z,26.490052801845444,63.66042401299604,350.0,Almost Rotten,maize-storage-rules-v1,2025-11-07T08:01:49.411779Z,True
PEoDXDWy1Cz7MYYf42ip,25.3,63.0,336.0,OK,2025-11-07T03:57:48.000Z,25.41138120868182,62.13949567338104,350.0,Almost Rotten,maize-storage-rules-v1,2025-11-07T08:01:49.411779Z,True
Szpa6vFxj37SDyWu4Wdj,26.2,63.0,197.0,OK,2025-11-07T03:30:21.000Z,26.353312719863528,63.46829272801204,350.0,Almost Rotten,maize-storage-rules-v1,2025-11-07T08:01:49.411779Z,True
8u6WqfJpildE5o7kLGIQ,24.2,59.0,192.0,NORMAL,2025-10-21T13:38:16.000Z,24.455477841526378,59.65298527618432,350.0,Normal,maize-storage-rules-v1,2025-11-07T08:01:49.411779Z,True
sGUqLZw8HnncjujLvRWI,21.9,66.0,563.0,OK,2025-10-28T13:33:13.000Z,22.31353347516665,66.91200885260874,563.0651759535126,Almost Rotten,maize-storage-rules-v1,2025-11-07T08:01:49.411779Z,True
eqduuBic7pNNMcgJ2lrL,26.8,64.0,1429.0,OK,2025-11-06T15:55:55.000Z,26.63735174707068,64.13012906247748,1420.387226956493,Rotten,maize-storage-rules-v1,2025-11-07T08:01:49.411779Z,True
86Y1KjnHlZHvJ4GBBQgR,24.2,66.0,304.0,OK,2025-11-07T04:03:39.000Z,24.34770454566217,67.31838969639834,350.0,Almost Rotten,maize-storage-rules-v1,2025-11-07T08:01:49.411779Z,True
CwtWDCtNmGkThfWn1jNa,26.3,62.0,342.0,OK,2025-11-07T03:22:37.000Z,25.948534025006115,60.8665349158916,350.0,Almost Rotten,maize-storage-rules-v1,2025-11-07T08:01:49.411779Z,True
5rD2xMpaP9c0e2SwtIvw,24.6,69.0,193.0,OK,2025-11-06T16:50:46.000Z,25.01801149444304,68.41435288129337,350.0,Almost Rotten,maize-storage-rules-v1,2025-11-07T08:01:49.411779Z,True
SIYmCbelyNvvrXMPfqK6,24.5,60.0,4095.0,OK,2025-10-23T14:24:44.000Z,24.1444670326348,59.34285333552495,4060.8297103694968,Rotten,maize-storage-rules-v1,2025-11-07T08:01:49.411779Z,True
LMkSLIPvvFLVXPQFWaT9,24.2,60.0,141.0,NORMAL,2025-10-21T13:46:04.000Z,24.298517963679934,60.78411580704525,350.0,Normal,maize-storage-rules-v1,2025-11-07T08:01:49.411779Z,True
6aiKUKdxCN8yI5tMsZGA,21.8,66.0,511.0,OK,2025-10-28T13:30:10.000Z,21.72376240840665,65.8369492627112,504.9536157942826,Almost Rotten,maize-storage-rules-v1,2025-11-07T08:01:49.411779Z,True
zb5MsTi4bONvvulidI8s,25.8,64.0,272.0,OK,2025-11-07T03:11:39.000Z,26.003020143523337,64.32174794306655,350.0,Almost Rotten,maize-storage-rules-v1,2025-11-07T08:01:49.411779Z,True
jgV7WYy21h5447wJ4s5v,26.1,63.0,190.0,OK,2025-11-07T03:17:12.000Z,26.215261889977977,63.56496308840793,350.0,Almost Rotten,maize-storage-rules-v1,2025-11-07T08:01:49.411779Z,True
Adypw5T3jWk5wctxDx8C,26.4,62.0,208.0,OK,2025-11-07T03:52:52.000Z,26.07585181435756,61.21708880518285,350.0,Almost Rotten,maize-storage-rules-v1,2025-11-07T08:01:49.411779Z,True
qnzs2aYo1Ahbz9ZlOqKf,23.5,69.0,188.0,OK,2025-11-07T04:24:33.000Z,23.92286029712091,69.79161296511136,350.0,Almost Rotten,maize-storage-rules-v1,2025-11-07T08:01:49.411779Z,True
FCbgmKvbyAnIC7OdGqDA,25.5,66.0,730.0,OK,2025-11-06T16:17:47.000Z,25.738428567386677,65.6084943118447,736.6255005175021,Almost Rotten,maize-storage-rules-v1,2025-11-07T08:01:49.411779Z,True
iJZvmCnxhh5HIrA8s651,24.7,67.0,157.0,OK,2025-11-06T17:13:26.000Z,25.028843010005573,66.12877743342553,350.0,Almost Rotten,maize-storage-rules-v1,2025-11-07T08:01:49.411779Z,True
M4odVjlFbLKbZLg5HsBu,23.9,67.0,266.0,OK,2025-11-07T04:08:08.000Z,24.361142549047933,66.40523842644966,350.0,Almost Rotten,maize-storage-rules-v1,2025-11-07T08:01:49.411779Z,True
bt3UPVQEMVW6LHkB8qXJ,26.6,56.0,4095.0,OK,2025-10-23T14:23:04.000Z,26.71310255967705,56.893349838834695,4097.6845875739145,Rotten,maize-storage-rules-v1,2025-11-07T08:01:49.411779Z,True
M2XyYVk9h8UBvFMdiI9p,25.4,69.0,3413.0,OK,2025-11-06T15:44:58.000Z,25.892321705982763,69.50058869937607,3458.7562474044084,Rotten,maize-storage-rules-v1,2025-11-07T08:01:49.411779Z,True
anmqEKoIQE2fmpfmzCZm,21.9,66.0,595.0,OK,2025-10-28T13:33:24.000Z,22.18080800439252,64.73377277052676,602.2867864227936,Normal,maize-storage-rules-v1,2025-11-07T08:01:49.411779Z,True
ejTIoXtGwZTJJgHjjk0Z,24.5,68.0,235.0,OK,2025-11-06T16:42:12.000Z,24.225754733329254,69.18253945084452,350.0,Almost Rotten,maize-storage-rules-v1,2025-11-07T08:01:49.411779Z,True
jvs56UjNc31pJRnSmBRX,24.3,66.0,302.0,OK,2025-11-07T04:03:18.000Z,24.400510590677957,66.40648910733269,350.0,Almost Rotten,maize-storage-rules-v1,2025-11-07T08:01:49.411779Z,True
TTZt1gIlZdt2NmG3ds9I,26.2,62.0,203.0,OK,2025-11-07T03:17:33.000Z,25.817157242119663,61.47996695663503,350.0,Almost Rotten,maize-storage-rules-v1,2025-11-07T08:01:49.411779Z,True
U9oQiTkmxeQ46MOx0ZQM,24.7,71.0,4095.0,OK,2025-10-23T14:28:21.000Z,24.6986558723138,70.55613661867167,4096.709673813793,Rotten,maize-storage-rules-v1,2025-11-07T08:01:49.411779Z,True
nQrXK19275PJTocDhEIh,27.3,61.0,1664.0,OK,2025-11-06T15:51:51.000Z,26.796565480270758,60.37673333761753,1683.7957606643745,Rotten,maize-storage-rules-v1,2025-11-07T08:01:49.411779Z,True
YG2YkPNeim6ZDRTAKOuI,24.7,67.0,145.0,OK,2025-11-06T17:18:07.000Z,25.166142172822948,67.17459694202499,350.0,Almost Rotten,maize-storage-rules-v1,2025-11-07T08:01:49.411779Z,True
a4CEoUlE2MPX8ueYc6lo,24.2,59.0,208.0,NORMAL,2025-10-21T13:36:37.000Z,24.42900275413603,59.37467121452799,350.0,Normal,maize-storage-rules-v1,2025-11-07T08:01:49.411779Z,True
p4fb32ylELhn7GYlITaM,24.5,69.0,304.0,OK,2025-11-06T16:33:24.000Z,24.84972318407824,68.16281700055569,350.0,Almost Rotten,maize-storage-rules-v1,2025-11-07T08:01:49.411779Z,True
FZWYuB76TxrZxPNlpBkE,21.6,66.0,657.0,OK,2025-10-28T13:25:44.000Z,21.49001482288902,66.39096797594321,648.4323930523491,Almost Rotten,maize-storage-rules-v1,2025-11-07T08:01:49.411779Z,True
TWITRJ9Dfj1l2A554Hnb,26.0,57.0,4095.0,OK,2025-10-23T14:23:31.000Z,25.53748122588128,57.67266248863523,4163.248901480061,Rotten,maize-storage-rules-v1,2025-11-07T08:01:49.411779Z,True
jJmsurIlSBQALUm3ovtL,24.6,65.0,270.0,OK,2025-11-07T04:01:03.000Z,24.283746508885965,64.77030480733731,350.0,Normal,maize-storage-rules-v1,2025-11-07T08:01:49.411779Z,True
qNv0nhcQKxk3Tss8FKVF,24.5,68.0,218.0,OK,2025-11-06T16:45:38.000Z,24.16316549552176,67.89835446899303,350.0,Almost Rotten,maize-storage-rules-v1,2025-11-07T08:01:49.411779Z,True
JfYOki0SIgbewuQxgNTU,21.7,66.0,587.0,OK,2025-10-28T13:29:53.000Z,21.54128895254082,64.87742325036021,591.4101739537538,Normal,maize-storage-rules-v1,2025-11-07T08:01:49.411779Z,True
ENWpeZDnGkk0Wsh9BTfX,25.4,65.0,320.0,OK,2025-11-07T03:09:47.000Z,25.824015075312506,65.01880886165814,350.0,Almost Rotten,maize-storage-rules-v1,2025-11-07T08:01:49.411779Z,True
f6iI0dCIKkMbYyJ7STjG,25.2,70.0,3258.0,OK,2025-11-06T15:45:47.000Z,25.4815041031234,70.95270285775787,3319.870636347664,Rotten,maize-storage-rules-v1,2025-11-07T08:01:49.411779Z,True
fNVM98qFfJUcnvcikt03,24.6,68.0,272.0,OK,2025-11-06T16:37:00.000Z,24.840090807131872,66.97893989109635,350.0,Almost Rotten,maize-storage-rules-v1,2025-11-07T08:01:49.411779Z,True
OolEN2cqkiYjp3HH7uwO,27.4,60.0,1617.0,OK,2025-11-06T15:52:40.000Z,26.87366402409559,60.082508263832665,1607.432715156944,Rotten,maize-storage-rules-v1,2025-11-07T08:01:49.411779Z,True
1nE5fupHfJ1OV7hLljQp,24.4,60.0,111.0,NORMAL,2025-10-21T14:02:31.000Z,24.30863357676551,59.933146682449554,350.0,Normal,maize-storage-rules-v1,2025-11-07T08:01:49.411779Z,True
ii5mlG2jH4dWLiDHHSJH,26.4,64.0,1965.0,OK,2025-11-06T15:49:36.000Z,26.663127910125205,64.84095218756586,1967.344601325064,Rotten,maize-storage-rules-v1,2025-11-07T08:01:49.411779Z,True
4EtQTW2uy2Z95dlU1VRt,24.2,59.0,208.0,NORMAL,2025-10-21T13:36:26.000Z,24.022990448252383,58.56520416771678,350.0,Normal,maize-storage-rules-v1,2025-11-07T08:01:49.411779Z,True
KUHb7ShDyCAMLOs0OXBG,24.6,68.0,237.0,OK,2025-11-06T16:39:37.000Z,24.8542874813898,68.15666816786124,350.0,Almost Rotten,maize-storage-rules-v1,2025-11-07T08:01:49.411779Z,True
SRsn9BnyvAOFXA3dtGW4,23.6,68.0,304.0,OK,2025-11-07T04:14:54.000Z,23.95197885708283,68.53895342393032,350.0,Almost Rotten,maize-storage-rules-v1,2025-11-07T08:01:49.411779Z,True
KiWgUjNtqGgaWr9R5B8Q,23.6,68.0,305.0,OK,2025-11-07T04:15:04.000Z,23.216803933156392,68.26177119397038,350.0,Almost Rotten,maize-storage-rules-v1,2025-11-07T08:01:49.411779Z,True
R8B9ko1SFE20TPz3Zx2k,23.5,69.0,209.0,OK,2025-11-07T04:22:38.000Z,23.46353635268732,70.12305067383328,350.0,Rotten,maize-storage-rules-v1,2025-11-07T08:01:49.411779Z,True
moXXwjTcTJdeAMl8KUyF,27.2,62.0,1737.0,OK,2025-11-06T15:51:24.000Z,27.684613230814666,62.91783656624216,1739.4186889716884,Rotten,maize-storage-rules-v1,2025-11-07T08:01:49.411779Z,True
tVKlILbfa2Q9JHi673uu,23.8,67.0,265.0,OK,2025-11-07T04:08:19.000Z,23.87010591669352,68.01780090224314,350.0,Almost Rotten,maize-storage-rules-v1,2025-11-07T08:01:49.411779Z,True
SI08HRGpUspjzUc5sb5S,24.7,67.0,133.0,OK,2025-11-06T17:22:19.000Z,25.184503795872157,68.16038647142004,350.0,Almost Rotten,maize-storage-rules-v1,2025-11-07T08:01:49.411779Z,True
SA7ezOuBUehqVLMsUnpz,26.2,62.0,190.0,OK,2025-11-07T03:26:22.000Z,26.46227875536975,63.09088278128442,350.0,Almost Rotten,maize-storage-rules-v1,2025-11-07T08:01:49.411779Z,True
CAhFOghZQZQh5PQLg1BC,26.9,64.0,1479.0,OK,2025-11-06T15:55:22.000Z,26.90390902749701,63.37967895365888,1500.0376190489153,Rotten,maize-storage-rules-v1,2025-11-07T08:01:49.411779Z,True
bnGn86cXw9GrtYnzErAv,26.4,62.0,189.0,OK,2025-11-07T03:44:08.000Z,26.81173335146838,62.1377849995156,350.0,Almost Rotten,maize-storage-rules-v1,2025-11-07T08:01:49.411779Z,True
90wz9fwdPtvkIkayacDV,23.9,67.0,270.0,OK,2025-11-07T04:07:09.000Z,23.533951009000504,65.69164835631973,350.0,Almost Rotten,maize-storage-rules-v1,2025-11-07T08:01:49.411779Z,True
pov2xALcQwvZR0QmqDhW,23.9,67.0,272.0,OK,2025-11-07T04:07:19.000Z,23.584499466263168,66.48708911819324,350.0,Almost Rotten,maize-storage-rules-v1,2025-11-07T08:01:49.411779Z,True
ZLpJQccmi2tN3Z739jGd,24.0,61.0,114.0,OK,2025-10-21T14:29:29.000Z,24.038857624483924,60.49501192561608,350.0,Normal,maize-storage-rules-v1,2025-11-07T08:01:49.411779Z,True
o3ZnTv9K6Y8LTATqZA8U,24.7,69.0,186.0,OK,2025-11-06T16:58:02.000Z,24.467399386487404,68.29876031562601,350.0,Almost Rotten,maize-storage-rules-v1,2025-11-07T08:01:49.411779Z,True
0WVGzCAqQ8aSNnnmhR5k,24.6,66.0,219.0,OK,2025-11-06T16:44:38.000Z,24.259820860194463,67.14001612769962,350.0,Almost Rotten,maize-storage-rules-v1,2025-11-07T08:01:49.411779Z,True
MvAUDx2qwMp0atBvZdm4,24.4,60.0,135.0,NORMAL,2025-10-21T13:59:09.000Z,24.03464792039969,60.294459226454514,350.0,Normal,maize-storage-rules-v1,2025-11-07T08:01:49.411779Z,True
zPfsO35ajyHxM61vrutu,26.7,63.0,1366.0,OK,2025-11-06T15:57:10.000Z,26.96350947144703,63.22561709823264,1388.009986892774,Rotten,maize-storage-rules-v1,2025-11-07T08:01:49.411779Z,True
okM4kgThEN25cTJ6PF27,24.6,68.0,203.0,OK,2025-11-06T16:49:35.000Z,24.989176503961737,68.66896864814541,350.0,Almost Rotten,maize-storage-rules-v1,2025-11-07T08:01:49.411779Z,True
WeClKgNcniZ1jdLxVDw0,25.0,66.0,384.0,OK,2025-11-07T03:08:13.000Z,24.904994061495817,65.09756316004143,378.1344188407991,Almost Rotten,maize-storage-rules-v1,2025-11-07T08:01:49.411779Z,True
heMiNylGjRieMFlwRD5U,26.3,63.0,366.0,OK,2025-11-07T03:23:45.000Z,26.433224457017754,61.84299237422462,367.84335966414926,Almost Rotten,maize-storage-rules-v1,2025-11-07T08:01:49.411779Z,True
KXqBnFHfNOAxrT7DlKrO,26.3,63.0,352.0,OK,2025-11-07T03:23:13.000Z,26.215074552071645,62.36471225837458,357.9672290245439,Almost Rotten,maize-storage-rules-v1,2025-11-07T08:01:49.411779Z,True
fz4RbXoiirULhtHtdYEq,21.4,68.0,2064.0,OK,2025-10-28T08:46:02.000Z,21.418939079525096,67.41249582043343,2069.353384498387,Rotten,maize-storage-rules-v1,2025-11-07T08:01:49.411779Z,True
1VRv2ATOczwXcCJZudon,21.8,66.0,647.0,OK,2025-10-28T13:31:22.000Z,21.74481756341062,65.97785128254527,639.0807211514774,Almost Rotten,maize-storage-rules-v1,2025-11-07T08:01:49.411779Z,True
xbqAouibhPRqbBEeK4u5,24.5,59.0,218.0,NORMAL,2025-10-21T13:09:47.000Z,24.404095313405485,59.67006662437275,350.0,Normal,maize-storage-rules-v1,2025-11-07T08:01:49.411779Z,True
wgVjCtEm19bpKtoVaqr0,24.6,67.0,133.0,OK,2025-11-06T17:21:58.000Z,24.72276446452964,68.28705559573955,350.0,Almost Rotten,maize-storage-rules-v1,2025-11-07T08:01:49.411779Z,True
iiJ6FUL1G6bwOXZOhNFI,25.4,68.0,622.0,OK,2025-11-06T16:19:36.000Z,25.230886725302007,69.278771310568,629.3808340968674,Almost Rotten,maize-storage-rules-v1,2025-11-07T08:01:49.411779Z,True
N7V5gfmhNkp2hth7eVZa,24.6,65.0,143.0,OK,2025-11-06T17:21:09.000Z,24.137573705501,65.93790674084866,350.0,Almost Rotten,maize-storage-rules-v1,2025-11-07T08:01:49.411779Z,True
II1O0fGaZvlhndevIQ7K,24.8,69.0,161.0,OK,2025-11-06T17:06:48.000Z,24.717276756004598,68.6320576690705,350.0,Almost Rotten,maize-storage-rules-v1,2025-11-07T08:01:49.411779Z,True
89lSApf831o0BeW2dHwJ,24.5,68.0,331.0,OK,2025-11-06T16:32:34.000Z,24.73019529906409,68.24422875608794,350.0,Almost Rotten,maize-storage-rules-v1,2025-11-07T08:01:49.411779Z,True
eKYEcNWDCQWJEyZEu2Rj,25.4,63.0,331.0,OK,2025-11-07T03:57:22.000Z,25.824545756571744,62.75546610926168,350.0,Almost Rotten,maize-storage-rules-v1,2025-11-07T08:01:49.411779Z,True
TRENQtCv82IkLtWUe42r,26.2,62.0,148.0,OK,2025-11-07T03:39:59.000Z,25.860592937533387,61.92605203754348,350.0,Almost Rotten,maize-storage-rules-v1,2025-11-07T08:01:49.411779Z,True
dlg3gCq0TrpVg6RlDB9d,24.2,60.0,155.0,NORMAL,2025-10-21T13:43:38.000Z,24.22657898591024,59.30784619548884,350.0,Normal,maize-storage-rules-v1,2025-11-07T08:01:49.411779Z,True
AYfrTUz5RIlwVZA85HCq,24.7,66.0,136.0,OK,2025-11-06T17:20:16.000Z,25.046917526564798,66.54410025751689,350.0,Almost Rotten,maize-storage-rules-v1,2025-11-07T08:01:49.411779Z,True
wbPAgjMWR3pRm5vsrjNs,24.7,69.0,194.0,OK,2025-11-06T16:54:48.000Z,24.784169055089304,68.29836570713704,350.0,Almost Rotten,maize-storage-rules-v1,2025-11-07T08:01:49.411779Z,True
6W6ScCXisFJWiHsg5eWV,23.9,67.0,258.0,OK,2025-11-07T04:08:14.000Z,23.998570442415826,66.8204352166551,350.0,Almost Rotten,maize-storage-rules-v1,2025-11-07T08:01:49.411779Z,True
G1QY5mEW82xEUZLlnNAP,24.6,69.0,375.0,OK,2025-11-06T16:30:34.000Z,24.952395299750822,70.09917122869167,368.9459023120507,Rotten,maize-storage-rules-v1,2025-11-07T08:01:49.411779Z,True
FYqgTbBmJesQWWXBKtDN,25.4,68.0,923.0,OK,2025-11-06T16:13:29.000Z,24.92956225883639,67.16995850722938,931.1562995777048,Almost Rotten,maize-storage-rules-v1,2025-11-07T08:01:49.411779Z,True
JII5KtKkoj8b7EcOKcI9,24.6,68.0,215.0,OK,2025-11-06T16:43:28.000Z,24.358195268014093,67.79419508667058,350.0,Almost Rotten,maize-storage-rules-v1,2025-11-07T08:01:49.411779Z,True
AK5eQqmIye0YdXZbMiTa,24.0,60.0,85.0,OK,2025-10-21T14:32:02.000Z,24.33543248920615,59.93818219542093,350.0,Normal,maize-storage-rules-v1,2025-11-07T08:01:49.411779Z,True
BYxlf5cBxlIA0c9lq1LJ,24.7,66.0,500.0,OK,2025-11-07T03:06:43.000Z,24.51923642038143,66.28725261630278,500.9828115377116,Almost Rotten,maize-storage-rules-v1,2025-11-07T08:01:49.411779Z,True
0AjasVV98kTbBuiDJkgu,25.4,68.0,624.0,OK,2025-11-06T16:19:14.000Z,25.022163450798352,68.68941266726685,630.322608005284,Almost Rotten,maize-storage-rules-v1,2025-11-07T08:01:49.411779Z,True
z3QNccRJnFrbjFtpgq0e,25.6,65.0,981.0,OK,2025-11-06T16:12:30.000Z,25.100694747049776,64.94215586391768,984.9251552939934,Almost Rotten,maize-storage-rules-v1,2025-11-07T08:01:49.411779Z,True
ew25kC2YHGJLle1pAqGx,23.6,68.0,272.0,OK,2025-11-07T04:11:54.000Z,24.02021998356121,68.13862321019687,350.0,Almost Rotten,maize-storage-rules-v1,2025-11-07T08:01:49.411779Z,True
IobQRNB6l9vMVF8v4pMt,24.4,66.0,286.0,OK,2025-11-07T04:02:23.000Z,24.046888442719204,66.4697689969208,350.0,Almost Rotten,maize-storage-rules-v1,2025-11-07T08:01:49.411779Z,True
zDHwQ5Bwr5vb6jJdxxkK,24.7,67.0,140.0,OK,2025-11-06T17:16:21.000Z,24.699288893890454,68.06102142817537,350.0,Almost Rotten,maize-storage-rules-v1,2025-11-07T08:01:49.411779Z,True
uWP9LollljiuyYRThBJX,24.0,59.0,126.0,NORMAL,2025-10-21T13:51:49.000Z,23.772784590966225,58.1954093413929,350.0,Normal,maize-storage-rules-v1,2025-11-07T08:01:49.411779Z,True
OM36r4GDBXDZzAeLqxOD,25.5,69.0,3477.0,OK,2025-11-06T15:44:53.000Z,25.663195633177175,70.28142011042334,3441.907056335988,Rotten,maize-storage-rules-v1,2025-11-07T08:01:49.411779Z,True
jUtLZlWUi48Szc0MASZd,26.1,62.0,191.0,OK,2025-11-07T03:35:31.000Z,25.8914838762768,61.82941312095207,350.0,Almost Rotten,maize-storage-rules-v1,2025-11-07T08:01:49.411779Z,True
175ETs1cnstU4uzhPfzN,24.5,59.0,219.0,NORMAL,2025-10-21T13:10:25.000Z,24.38972881144957,59.61356462713091,350.0,Normal,maize-storage-rules-v1,2025-11-07T08:01:49.411779Z,True
LBEf5uQuGMA5FwWDA4WO,26.3,62.0,246.0,OK,2025-11-07T03:24:40.000Z,26.53071678544275,63.15757462983223,350.0,Almost Rotten,maize-storage-rules-v1,2025-11-07T08:01:49.411779Z,True
sZOvSxuifR0sNr4GC4gW,21.2,68.0,2509.0,OK,2025-10-28T08:44:32.000Z,21.39461183450611,68.52222195657131,2460.9930825382157,Rotten,maize-storage-rules-v1,2025-11-07T08:01:49.411779Z,True
6v3J8fW4U8qfVelzLV7o,26.6,63.0,1893.0,OK,2025-11-06T15:50:09.000Z,26.221079736681297,63.62443010232959,1868.3571064843195,Rotten,maize-storage-rules-v1,2025-11-07T08:01:49.411779Z,True
AhJGOyv2OkhPSbJMmbjA,25.6,65.0,976.0,OK,2025-11-06T16:12:24.000Z,25.714220652520524,65.68828296976858,984.2532842856024,Almost Rotten,maize-storage-rules-v1,2025-11-07T08:01:49.411779Z,True
DZfPRvxvyv3kr9JFDJMy,26.4,62.0,195.0,OK,2025-11-07T03:53:08.000Z,26.67762558810574,63.1516301806594,350.0,Almost Rotten,maize-storage-rules-v1,2025-11-07T08:01:49.411779Z,True
XABGqzaEpg4EHBc3Nzht,23.6,68.0,294.0,OK,2025-11-07T04:14:10.000Z,23.63266310921708,67.0191608820891,350.0,Almost Rotten,maize-storage-rules-v1,2025-11-07T08:01:49.411779Z,True
qKp2HPvup2kTx04eAL5V,24.4,60.0,112.0,NORMAL,2025-10-21T14:03:36.000Z,24.09351103379869,60.82235817760928,350.0,Normal,maize-storage-rules-v1,2025-11-07T08:01:49.411779Z,True
WJ8pwJhD6j3FAkw9Et4N,24.7,67.0,190.0,OK,2025-11-06T16:56:52.000Z,24.88784524834352,67.57597726322997,350.0,Almost Rotten,maize-storage-rules-v1,2025-11-07T08:01:49.411779Z,True
l81c49K7lTnmmGvBfHBz,24.0,60.0,128.0,OK,2025-10-21T14:28:41.000Z,24.113914187458864,58.98079358986969,350.0,Normal,maize-storage-rules-v1,2025-11-07T08:01:49.411779Z,True
ccjlLj7uiCCwWKOQdhfi,24.2,59.0,262.0,NORMAL,2025-10-21T13:33:29.000Z,24.678267283733906,58.08782444212004,350.0,Normal,maize-storage-rules-v1,2025-11-07T08:01:49.411779Z,True
jbFndWmmon8uyWCzQul7,24.2,59.0,128.0,NORMAL,2025-10-21T13:56:24.000Z,23.760492425361257,58.0200683929425,350.0,Normal,maize-storage-rules-v1,2025-11-07T08:01:49.411779Z,True
V9Aj5GLSrXIWQG8s7k1S,21.1,69.0,3175.0,OK,2025-10-28T08:43:18.000Z,21.37581066034364,68.15078675116091,3219.180676536931,Rotten,maize-storage-rules-v1,2025-11-07T08:01:49.411779Z,True
0xS2Zty1f1AV50XSArSy,26.0,63.0,239.0,OK,2025-11-07T03:12:52.000Z,25.71598572301292,63.32798296257145,350.0,Almost Rotten,maize-storage-rules-v1,2025-11-07T08:01:49.411779Z,True
ZVJtuzNXwXytn2ZO12sF,26.8,64.0,1456.0,OK,2025-11-06T15:55:27.000Z,26.80878280464228,63.72571606681899,1468.5582466915894,Rotten,maize-storage-rules-v1,2025-11-07T08:01:49.411779Z,True
SiDk4BOA7TE57cQrqtEe,25.3,65.0,2736.0,OK,2025-11-06T15:46:53.000Z,24.844052646791766,63.74050982011057,2764.3433432672014,Rotten,maize-storage-rules-v1,2025-11-07T08:01:49.411779Z,True
piDjrLBULa1Q81UCI5a7,24.4,66.0,1115.0,OK,2025-11-07T03:04:41.000Z,24.16256043925832,65.85897423646513,1133.4568665913748,Almost Rotten,maize-storage-rules-v1,2025-11-07T08:01:49.411779Z,True
tuci7QbsZbEEarDjJzU2,24.5,69.0,303.0,OK,2025-11-06T16:34:56.000Z,24.292298769347692,69.36340474420062,350.0,Almost Rotten,maize-storage-rules-v1,2025-11-07T08:01:49.411779Z,True
2AHvya2mZadFKUwxBXRN,21.7,66.0,653.0,OK,2025-10-28T13:27:11.000Z,21.87334579214773,66.84389769957284,651.6511046214193,Almost Rotten,maize-storage-rules-v1,2025-11-07T08:01:49.411779Z,True
f7wV6vSTxTiOUxHx6QUG,24.0,59.0,126.0,NORMAL,2025-10-21T13:55:03.000Z,23.75587175327518,57.985934287012114,350.0,Normal,maize-storage-rules-v1,2025-11-07T08:01:49.411779Z,True
uo4Q7gtu3YrykabcojLw,21.9,66.0,550.0,OK,2025-10-28T13:33:46.000Z,22.069820776767084,66.21692106016567,560.4867480697334,Almost Rotten,maize-storage-rules-v1,2025-11-07T08:01:49.411779Z,True
be7S1P6FvM1aaxjth51p,24.7,68.0,149.0,OK,2025-11-06T17:11:54.000Z,24.767349343075868,66.69278472934373,350.0,Almost Rotten,maize-storage-rules-v1,2025-11-07T08:01:49.411779Z,True
dOQlBNCqvYtVEXoKmGUt,24.4,59.0,239.0,NORMAL,2025-10-21T13:08:56.000Z,24.3043986510013,58.62300938006671,350.0,Normal,maize-storage-rules-v1,2025-11-07T08:01:49.411779Z,True
Keqd3A1Mx3q7P0a1dfUM,24.6,65.0,141.0,OK,2025-11-06T17:20:59.000Z,24.120270359894157,65.16104640136307,350.0,Almost Rotten,maize-storage-rules-v1,2025-11-07T08:01:49.411779Z,True
wwpTvPCN1uc6CNALzgHL,24.4,63.0,186.0,OK,2025-10-21T14:10:52.000Z,24.628400162353795,62.16491927981555,350.0,Normal,maize-storage-rules-v1,2025-11-07T08:01:49.411779Z,True
1VO5FgdJsRfccTfhBqTt,25.5,69.0,593.0,OK,2025-11-06T16:20:13.000Z,25.0214341912593,68.29890761020611,591.2597821419915,Almost Rotten,maize-storage-rules-v1,2025-11-07T08:01:49.411779Z,True
lsPomJjdlIuRxqRG80W1,24.5,59.0,215.0,NORMAL,2025-10-21T13:09:57.000Z,24.612098384404483,58.92216332349515,350.0,Normal,maize-storage-rules-v1,2025-11-07T08:01:49.411779Z,True
sxWgScdv31rlQFCnVaxR,26.4,62.0,294.0,OK,2025-11-07T03:53:24.000Z,26.92272994469394,62.1789649918057,350.0,Almost Rotten,maize-storage-rules-v1,2025-11-07T08:01:49.411779Z,True
PKn0SpDDnTS2f2BonJPZ,26.2,62.0,222.0,OK,2025-11-07T03:25:26.000Z,26.09486058965149,63.01269727534315,350.0,Almost Rotten,maize-storage-rules-v1,2025-11-07T08:01:49.411779Z,True
hPMthfrgKVMABtLszLcC,24.0,59.0,128.0,NORMAL,2025-10-21T13:49:42.000Z,23.520545404088587,59.94861306882903,350.0,Normal,maize-storage-rules-v1,2025-11-07T08:01:49.411779Z,True
682QVCXIrF2A9JPUghgu,24.6,67.0,238.0,OK,2025-11-06T16:39:58.000Z,24.694505872382624,67.83754379186455,350.0,Almost Rotten,maize-storage-rules-v1,2025-11-07T08:01:49.411779Z,True
W4ZQaOIXbF8ZYCW0UeB4,24.7,68.0,194.0,OK,2025-11-06T16:52:12.000Z,24.625879633038107,67.14498893207924,350.0,Almost Rotten,maize-storage-rules-v1,2025-11-07T08:01:49.411779Z,True
k1j3vwzUQzXecUd9ZGQh,24.1,65.0,130.0,NORMAL,2025-10-21T13:55:39.000Z,23.83354106932451,63.93414309823362,350.0,Normal,maize-storage-rules-v1,2025-11-07T08:01:49.411779Z,True
dG5Yzf3WGIbt5qoVOupZ,25.6,65.0,750.0,OK,2025-11-06T16:16:54.000Z,26.017387408783858,65.02286216081106,764.5013955352937,Almost Rotten,maize-storage-rules-v1,2025-11-07T08:01:49.411779Z,True
mqGnGvjUUbDdIKkkXeQC,24.7,68.0,460.0,OK,2025-11-06T16:28:01.000Z,24.29561334489689,68.2020886232663,462.0400593158234,Almost Rotten,maize-storage-rules-v1,2025-11-07T08:01:49.411779Z,True
d0wn5vh5mUzFoKX6Z3lO,24.7,67.0,144.0,OK,2025-11-06T17:18:23.000Z,24.60451415041014,65.74778937710671,350.0,Almost Rotten,maize-storage-rules-v1,2025-11-07T08:01:49.411779Z,True
OeVPuJhzwfWBhS8Ud2nP,26.4,62.0,219.0,OK,2025-11-07T03:44:37.000Z,26.33669291429463,61.790894854683145,350.0,Almost Rotten,maize-storage-rules-v1,2025-11-07T08:01:49.411779Z,True
UO8s1YstMTawUg0OGDSs,23.6,68.0,319.0,OK,2025-11-07T04:18:39.000Z,23.248881664357118,67.9103551923624,350.0,Almost Rotten,maize-storage-rules-v1,2025-11-07T08:01:49.411779Z,True
pN9SQ0UsGc0I0Eqj2sc9,25.5,68.0,962.0,OK,2025-11-06T16:13:02.000Z,25.424490384109102,69.14774298903274,948.1956646328664,Almost Rotten,maize-storage-rules-v1,2025-11-07T08:01:49.411779Z,True
nagcmKCTagJ1Ci1sfH7e,24.0,59.0,119.0,NORMAL,2025-10-21T13:52:12.000Z,24.41943099660572,59.0587884966936,350.0,Normal,maize-storage-rules-v1,2025-11-07T08:01:49.411779Z,True
qBe2LamXEeMtFp7wekY0,24.8,69.0,175.0,OK,2025-11-06T17:02:27.000Z,24.56048872072355,70.25685492003572,350.0,Rotten,maize-storage-rules-v1,2025-11-07T08:01:49.411779Z,True
A7rzPUFUWaWBx3yLHFb7,25.6,65.0,983.0,OK,2025-11-06T16:12:14.000Z,25.234454400170637,66.01218481199476,965.6031033333162,Almost Rotten,maize-storage-rules-v1,2025-11-07T08:01:49.411779Z,True
OLkzYmVrI9Bg9T0uGVN2,24.8,69.0,172.0,OK,2025-11-06T17:04:08.000Z,25.28787325476565,68.06087817063869,350.0,Almost Rotten,maize-storage-rules-v1,2025-11-07T08:01:49.411779Z,True
MC3Z9hWorPzcmJNhODQ7,21.8,66.0,594.0,OK,2025-10-28T13:30:15.000Z,22.10153494720347,66.28889353283199,591.2118947706239,Almost Rotten,maize-storage-rules-v1,2025-11-07T08:01:49.411779Z,True
5Pz7p5f82PAT7xRYxrUg,24.2,58.0,201.0,NORMAL,2025-10-21T13:37:14.000Z,24.494392541344432,57.26643484739812,350.0,Normal,maize-storage-rules-v1,2025-11-07T08:01:49.411779Z,True
FRWH9Cc62KhnEAEtL62w,23.5,69.0,189.0,OK,2025-11-07T04:23:04.000Z,23.10973011597312,69.71739685735969,350.0,Almost Rotten,maize-storage-rules-v1,2025-11-07T08:01:49.411779Z,True
FMcmxxrlLQ9afWhOIeqK,26.0,67.0,1237.0,OK,2025-11-06T16:10:41.000Z,26.49703365823679,66.54600948509783,1238.1690723490708,Rotten,maize-storage-rules-v1,2025-11-07T08:01:49.411779Z,True
UIycWEfs0sSp6UVNv4YQ,21.4,68.0,1873.0,OK,2025-10-28T08:46:54.000Z,21.312281421019076,67.34009420588936,1889.1170918374,Rotten,maize-storage-rules-v1,2025-11-07T08:01:49.411779Z,True
qMc3KGCn18RyYnAVrcTO,21.9,66.0,603.0,OK,2025-10-28T13:32:45.000Z,21.976768237796065,65.83328929989972,612.6054482140455,Almost Rotten,maize-storage-rules-v1,2025-11-07T08:01:49.411779Z,True
UuHPloLvfodWLL5accTh,23.6,68.0,259.0,OK,2025-11-07T04:19:54.000Z,23.810619429225245,68.06301685322471,350.0,Almost Rotten,maize-storage-rules-v1,2025-11-07T08:01:49.411779Z,True
ZMCsQLE351PU6HN5K5mY,24.2,66.0,298.0,OK,2025-11-07T04:03:49.000Z,24.34828974470209,66.79220610266563,350.0,Almost Rotten,maize-storage-rules-v1,2025-11-07T08:01:49.411779Z,True
Xc22Jv3jSgnaisSLnH6w,24.6,67.0,210.0,OK,2025-11-06T16:49:03.000Z,24.54589579797633,65.69785922075842,350.0,Almost Rotten,maize-storage-rules-v1,2025-11-07T08:01:49.411779Z,True
magAM5XpdUgjvuxNFin8,26.2,62.0,144.0,OK,2025-11-07T03:39:33.000Z,26.24924320138197,61.9349440245423,350.0,Almost Rotten,maize-storage-rules-v1,2025-11-07T08:01:49.411779Z,True
IWsuWrCUOZ4uyeuiTRk3,26.4,62.0,158.0,OK,2025-11-07T03:46:18.000Z,26.21254990566192,62.73290249870511,350.0,Almost Rotten,maize-storage-rules-v1,2025-11-07T08:01:49.411779Z,True
HeHrXCppBzXBs1fd6Won,26.5,62.0,135.0,OK,2025-11-07T03:51:22.000Z,26.804845226403103,60.93747996015364,350.0,Almost Rotten,maize-storage-rules-v1,2025-11-07T08:01:49.411779Z,True
L0YWQykiLe0p6YI9fCBk,24.4,60.0,116.0,NORMAL,2025-10-21T14:01:17.000Z,24.625588713213126,61.05015662105507,350.0,Normal,maize-storage-rules-v1,2025-11-07T08:01:49.411779Z,True
gLUGBol7VzZq1qVvXI8a,23.6,69.0,256.0,OK,2025-11-07T04:21:21.000Z,23.85018303848808,70.14616508725355,350.0,Rotten,maize-storage-rules-v1,2025-11-07T08:01:49.411779Z,True
yF1hEsod3r3gFBhQpk4L,24.0,60.0,85.0,OK,2025-10-21T14:32:13.000Z,24.422737356036656,59.50693457991936,350.0,Normal,maize-storage-rules-v1,2025-11-07T08:01:49.411779Z,True
ZTnD9traKPsUDGziAyv3,24.3,59.0,183.0,NORMAL,2025-10-21T13:39:21.000Z,24.319002209362623,58.2471832475816,350.0,Normal,maize-storage-rules-v1,2025-11-07T08:01:49.411779Z,True
k7GtQYRLF2Wp7VowS5Zn,24.7,66.0,139.0,OK,2025-11-06T17:16:26.000Z,25.02052255617129,65.64651894825143,350.0,Almost Rotten,maize-storage-rules-v1,2025-11-07T08:01:49.411779Z,True
ra3Hwp3hia46ZVKYwtml,24.8,69.0,171.0,OK,2025-11-06T17:03:14.000Z,24.362248932196948,67.96589978697749,350.0,Almost Rotten,maize-storage-rules-v1,2025-11-07T08:01:49.411779Z,True
9SlyM0qGnzCt05LSaMuE,23.6,68.0,307.0,OK,2025-11-07T04:16:21.000Z,23.48985391270188,69.17121641678519,350.0,Almost Rotten,maize-storage-rules-v1,2025-11-07T08:01:49.411779Z,True
awTt05gXoW1CVfERvVq3,23.7,68.0,256.0,OK,2025-11-07T04:10:39.000Z,23.568048412223803,68.96824057647362,350.0,Almost Rotten,maize-storage-rules-v1,2025-11-07T08:01:49.411779Z,True
VJ3ArVcDAvY8LDjN10QZ,24.8,69.0,159.0,OK,2025-11-06T17:07:36.000Z,24.87834570455224,70.05220367525392,350.0,Rotten,maize-storage-rules-v1,2025-11-07T08:01:49.411779Z,True
zWvFLeKqewf4v4nHQsrC,24.7,68.0,165.0,OK,2025-11-06T17:10:07.000Z,24.221613600293335,68.63509496928144,350.0,Almost Rotten,maize-storage-rules-v1,2025-11-07T08:01:49.411779Z,True
0JYRMIJHcErLqqolJ0hf,24.4,66.0,290.0,OK,2025-11-07T04:03:12.000Z,24.13378499246194,67.02074427345745,350.0,Almost Rotten,maize-storage-rules-v1,2025-11-07T08:01:49.411779Z,True
l2tNTv4qFFvGVaQqWUhn,29.1,65.0,1991.0,OK,2025-10-25T10:26:25.000Z,28.95822540878327,65.83557275445195,1994.6105956047547,Rotten,maize-storage-rules-v1,2025-11-07T08:01:49.411779Z,True
JeENFINygdhzHIBpVKlm,24.2,67.0,295.0,OK,2025-11-07T04:04:48.000Z,24.40143231614171,67.64439355080539,350.0,Almost Rotten,maize-storage-rules-v1,2025-11-07T08:01:49.411779Z,True
EmlULu2JhUCKoPv8NYc9,24.6,68.0,247.0,OK,2025-11-06T16:39:15.000Z,24.79978493024771,66.71304771323989,350.0,Almost Rotten,maize-storage-rules-v1,2025-11-07T08:01:49.411779Z,True
GjDfVVPV2FeZWdFrvMoe,24.5,59.0,214.0,NORMAL,2025-10-21T13:09:52.000Z,24.57337449103057,58.26551819895825,350.0,Normal,maize-storage-rules-v1,2025-11-07T08:01:49.411779Z,True
ocKU3COXdMM4rKync0IR,25.5,65.0,297.0,OK,2025-11-07T03:10:08.000Z,26.00062596086214,64.3741404823612,350.0,Almost Rotten,maize-storage-rules-v1,2025-11-07T08:01:49.411779Z,True
GL6jiBwV24LWZHUMhsss,25.0,69.0,1173.0,OK,2025-11-06T16:25:30.000Z,25.352781129631914,68.92430289010352,1171.2299599043508,Rotten,maize-storage-rules-v1,2025-11-07T08:01:49.411779Z,True
qr946xm9181Z5IVhLNAC,24.5,69.0,249.0,OK,2025-11-06T16:38:26.000Z,24.868741888365285,69.25837240803759,350.0,Almost Rotten,maize-storage-rules-v1,2025-11-07T08:01:49.411779Z,True
7filOBFhA5M8DkCHpuf5,24.7,68.0,176.0,OK,2025-11-06T16:56:15.000Z,25.11974376658984,69.20051797145507,350.0,Almost Rotten,maize-storage-rules-v1,2025-11-07T08:01:49.411779Z,True
9WJN7NVwcwaGeuSeSyyE,26.3,63.0,359.0,OK,2025-11-07T03:22:53.000Z,26.278296781459016,63.54464997130195,364.20875703845576,Almost Rotten,maize-storage-rules-v1,2025-11-07T08:01:49.411779Z,True
TevRzNg9Aqk8ZNlgJNN6,24.7,67.0,149.0,OK,2025-11-06T17:15:07.000Z,24.408925614100337,67.4090431716987,350.0,Almost Rotten,maize-storage-rules-v1,2025-11-07T08:01:49.411779Z,True
hRN7pTzUqZavNGGguZTI,24.2,60.0,156.0,NORMAL,2025-10-21T13:44:02.000Z,24.134123399848463,60.79526910211926,350.0,Normal,maize-storage-rules-v1,2025-11-07T08:01:49.411779Z,True
K95M84vLckpdcs5q9gZB,24.8,65.0,272.0,OK,2025-11-07T03:59:59.000Z,24.596397151657143,65.74564545125853,350.0,Almost Rotten,maize-storage-rules-v1,2025-11-07T08:01:49.411779Z,True
tYwtB62jzo49li7G3Pkt,25.8,62.0,334.0,OK,2025-11-07T03:56:02.000Z,25.427015129088623,62.53733011875204,350.0,Almost Rotten,maize-storage-rules-v1,2025-11-07T08:01:49.411779Z,True
u29rDsSpcRMHjW0kyNq6,24.7,67.0,129.0,OK,2025-11-06T17:22:13.000Z,24.26161334722621,67.80580047749125,350.0,Almost Rotten,maize-storage-rules-v1,2025-11-07T08:01:49.411779Z,True
6czOQvKI4Ah1zjGb8pZz,24.5,73.0,2310.0,OK,2025-10-25T10:26:04.000Z,24.42736444464604,72.15152766186154,2278.172431914204,Rotten,maize-storage-rules-v1,2025-11-07T08:01:49.411779Z,True
ckkXnoTKlwGZ7fFcRUfc,24.2,59.0,130.0,NORMAL,2025-10-21T13:48:40.000Z,24.43916937500973,58.24888178003615,350.0,Normal,maize-storage-rules-v1,2025-11-07T08:01:49.411779Z,True
aY3lGB6IPuh6J49md5PR,26.3,62.0,343.0,OK,2025-11-07T03:22:32.000Z,26.098366530558398,61.138362699615854,350.0,Almost Rotten,maize-storage-rules-v1,2025-11-07T08:01:49.411779Z,True
iSvTLh2UkiRVNtdz2qlp,21.4,68.0,1807.0,OK,2025-10-28T08:47:10.000Z,21.20237570861872,67.39783704104623,1822.8788506562337,Rotten,maize-storage-rules-v1,2025-11-07T08:01:49.411779Z,True
Bk069GARnMWbDlTIuf75,24.5,68.0,289.0,OK,2025-11-06T16:35:23.000Z,24.571008774459678,68.76409965560373,350.0,Almost Rotten,maize-storage-rules-v1,2025-11-07T08:01:49.411779Z,True
PSvFTyS492b81daiOn69,26.2,62.0,144.0,OK,2025-11-07T03:38:56.000Z,26.31551836176604,61.28382806620616,350.0,Almost Rotten,maize-storage-rules-v1,2025-11-07T08:01:49.411779Z,True
ouVHdA1183Oc8dR8170C,24.0,60.0,134.0,OK,2025-10-21T14:28:24.000Z,24.47449841199675,60.66993243682467,350.0,Normal,maize-storage-rules-v1,2025-11-07T08:01:49.411779Z,True
HrbdhH3boEndaguyE6SP,26.0,63.0,231.0,OK,2025-11-07T03:13:13.000Z,25.51727646147489,61.996500691647526,350.0,Almost Rotten,maize-storage-rules-v1,2025-11-07T08:01:49.411779Z,True
GXWr9r7ATKU7qHJpSkZ2,24.6,67.0,215.0,OK,2025-11-06T16:45:05.000Z,24.814156921279302,65.87256928980628,350.0,Almost Rotten,maize-storage-rules-v1,2025-11-07T08:01:49.411779Z,True
piFNDcXY0ZRwfM9U63mF,24.4,66.0,297.0,OK,2025-11-07T04:02:50.000Z,24.85849706093906,64.69599342922386,350.0,Normal,maize-storage-rules-v1,2025-11-07T08:01:49.411779Z,True
bM9qnnNFpBj8M1PYViXi,24.2,60.0,144.0,NORMAL,2025-10-21T13:46:10.000Z,24.68286708893898,58.81517915337537,350.0,Normal,maize-storage-rules-v1,2025-11-07T08:01:49.411779Z,True
aJ8Oj1ma9IWxNi6sr36l,21.7,66.0,604.0,OK,2025-10-28T13:29:59.000Z,21.36210865646528,66.86523536843046,595.949820685983,Almost Rotten,maize-storage-rules-v1,2025-11-07T08:01:49.411779Z,True
g0cTy148kqxvovrpbtMA,26.5,62.0,160.0,OK,2025-11-07T03:47:06.000Z,26.44423631689964,62.02986399498936,350.0,Almost Rotten,maize-storage-rules-v1,2025-11-07T08:01:49.411779Z,True
pFw7Qkk7mOdgrCCxaCd7,24.2,59.0,144.0,NORMAL,2025-10-21T13:45:48.000Z,23.97272662551696,58.7996846410445,350.0,Normal,maize-storage-rules-v1,2025-11-07T08:01:49.411779Z,True
jB7RsFOeVCYEd4jdxlR7,27.1,62.0,1527.0,OK,2025-11-06T15:54:06.000Z,26.635828102318293,62.29282311884533,1516.948423191736,Rotten,maize-storage-rules-v1,2025-11-07T08:01:49.411779Z,True
53sX5iRacbbcFfznqiyC,24.6,67.0,181.0,OK,2025-11-06T16:48:42.000Z,24.96856904818407,67.64274733202319,350.0,Almost Rotten,maize-storage-rules-v1,2025-11-07T08:01:49.411779Z,True
Gv6ZvZBEPBpxTa16h2C7,24.6,67.0,197.0,OK,2025-11-06T16:44:16.000Z,24.55402743783616,66.52785636660195,350.0,Almost Rotten,maize-storage-rules-v1,2025-11-07T08:01:49.411779Z,True
w0j4GIuBajAhsbQilJSg,26.5,99.0,145.0,OK,2025-10-23T14:26:35.000Z,26.772790398704316,99.5346313468088,350.0,Rotten,maize-storage-rules-v1,2025-11-07T08:01:49.411779Z,True
fzJoVxvN3bQJYV4AiLnP,24.0,59.0,126.0,NORMAL,2025-10-21T13:49:48.000Z,24.20423970601085,58.10043299973838,350.0,Normal,maize-storage-rules-v1,2025-11-07T08:01:49.411779Z,True
xuzSAOzqBke4TyB7WD9c,23.6,68.0,321.0,OK,2025-11-07T04:16:57.000Z,23.327883601020662,67.57477509756393,350.0,Almost Rotten,maize-storage-rules-v1,2025-11-07T08:01:49.411779Z,True
iF78bULMDMUBzNPA2A29,26.4,62.0,154.0,OK,2025-11-07T03:46:55.000Z,26.8571777321269,61.7885904759217,350.0,Almost Rotten,maize-storage-rules-v1,2025-11-07T08:01:49.411779Z,True
wMK90zLZa5q55Y9eWgZu,23.6,68.0,304.0,OK,2025-11-07T04:15:25.000Z,23.637229244179185,69.04588076563735,350.0,Almost Rotten,maize-storage-rules-v1,2025-11-07T08:01:49.411779Z,True
IRRVpGv9xvkeefJCvaII,24.7,68.0,175.0,OK,2025-11-06T16:56:20.000Z,24.689627982429123,67.56517795403266,350.0,Almost Rotten,maize-storage-rules-v1,2025-11-07T08:01:49.411779Z,True
ZOaqMk3x1CEnO1hPhWvp,23.6,68.0,321.0,OK,2025-11-07T04:16:52.000Z,23.287416151282404,66.96307377481997,350.0,Almost Rotten,maize-storage-rules-v1,2025-11-07T08:01:49.411779Z,True
dok7lzcotOhe6By0LR6P,24.7,66.0,144.0,OK,2025-11-06T17:12:53.000Z,24.941833676682958,64.79105540702008,350.0,Normal,maize-storage-rules-v1,2025-11-07T08:01:49.411779Z,True
nkRnexmNC6SzksdTWI0E,24.5,69.0,299.0,OK,2025-11-06T16:34:40.000Z,24.709314877709268,68.84645060888153,350.0,Almost Rotten,maize-storage-rules-v1,2025-11-07T08:01:49.411779Z,True
y7T1ZnnpXqldw8YwMMPw,26.3,62.0,154.0,OK,2025-11-07T03:40:46.000Z,26.64626631584373,62.8132518849483,350.0,Almost Rotten,maize-storage-rules-v1,2025-11-07T08:01:49.411779Z,True
vjkI0DoCzWG1NtK7rhCp,24.5,68.0,286.0,OK,2025-11-06T16:35:07.000Z,24.076026819030343,68.61534205579937,350.0,Almost Rotten,maize-storage-rules-v1,2025-11-07T08:01:49.411779Z,True
zsGluLDt3Gql3aCukluQ,24.2,60.0,149.0,NORMAL,2025-10-21T13:45:16.000Z,24.03965973146244,59.723789873282506,350.0,Normal,maize-storage-rules-v1,2025-11-07T08:01:49.411779Z,True
ScfkbuYntlKOcvDcSAAO,23.7,68.0,273.0,OK,2025-11-07T04:11:59.000Z,24.011462484747167,68.75714048051675,350.0,Almost Rotten,maize-storage-rules-v1,2025-11-07T08:01:49.411779Z,True
YtBf73BbdsYG2M29e79L,24.8,68.0,163.0,OK,2025-11-06T17:04:40.000Z,24.53846955190048,67.70821312584181,350.0,Almost Rotten,maize-storage-rules-v1,2025-11-07T08:01:49.411779Z,True
v5hXQICtMpM1gBZjSdho,24.6,69.0,187.0,OK,2025-11-06T16:51:13.000Z,24.84410182373461,68.06331885847432,350.0,Almost Rotten,maize-storage-rules-v1,2025-11-07T08:01:49.411779Z,True
6nRNPxoPd0FoU7rkmaRF,24.4,66.0,1010.0,OK,2025-11-07T03:04:46.000Z,24.014751405937627,66.83171833379737,1004.0224374137542,Rotten,maize-storage-rules-v1,2025-11-07T08:01:49.411779Z,True
8YA7qXp3KxyEiyv4S1hH,25.0,69.0,695.0,OK,2025-11-06T16:25:57.000Z,25.44602706281733,68.23405101587532,689.3809206254783,Almost Rotten,maize-storage-rules-v1,2025-11-07T08:01:49.411779Z,True
vmLLVTBklKyqBE9kEzNo,24.7,69.0,176.0,OK,2025-11-06T16:59:51.000Z,25.126284386157185,68.16362741844816,350.0,Almost Rotten,maize-storage-rules-v1,2025-11-07T08:01:49.411779Z,True
2FDxEXDfAkA09UjYwKYz,26.4,62.0,146.0,OK,2025-11-07T03:52:21.000Z,26.69436095458788,62.91941876582831,350.0,Almost Rotten,maize-storage-rules-v1,2025-11-07T08:01:49.411779Z,True
P6gQWL9VSgQdvrsNTwFJ,23.6,68.0,304.0,OK,2025-11-07T04:14:47.000Z,23.395643603669672,68.97696546205556,350.0,Almost Rotten,maize-storage-rules-v1,2025-11-07T08:01:49.411779Z,True
uCFdPQRgydYANKGnuOJS,24.3,60.0,176.0,NORMAL,2025-10-21T13:41:39.000Z,24.30064233712276,59.37098372799439,350.0,Normal,maize-storage-rules-v1,2025-11-07T08:01:49.411779Z,True
XenEOlL8UfvV2kCSaeSW,26.2,63.0,182.0,OK,2025-11-07T03:32:05.000Z,26.691252432786957,62.88204367632365,350.0,Almost Rotten,maize-storage-rules-v1,2025-11-07T08:01:49.411779Z,True
RWk868nNbkVN24RE4ZM6,24.5,67.0,273.0,OK,2025-11-06T16:36:01.000Z,24.16045501161352,66.48965238656034,350.0,Almost Rotten,maize-storage-rules-v1,2025-11-07T08:01:49.411779Z,True
pm7NaACnzizdtRzo0Lr2,26.4,62.0,176.0,OK,2025-11-07T03:42:54.000Z,26.42794185571057,62.38561859402624,350.0,Almost Rotten,maize-storage-rules-v1,2025-11-07T08:01:49.411779Z,True
FZZj1OXUmru5rKznzq8c,24.4,60.0,118.0,NORMAL,2025-10-21T14:00:56.000Z,23.95952970897832,59.960427938408834,350.0,Normal,maize-storage-rules-v1,2025-11-07T08:01:49.411779Z,True
LvYOyMPntXlAwqejTOKr,26.1,70.0,176.0,OK,2025-10-21T10:44:52.000Z,26.09530884512028,70.19742562824766,350.0,Rotten,maize-storage-rules-v1,2025-11-07T08:01:49.411779Z,True
cpoygaUurOPnRe7DjwEM,26.4,62.0,160.0,OK,2025-11-07T03:41:39.000Z,26.0784435937308,61.13897689484947,350.0,Almost Rotten,maize-storage-rules-v1,2025-11-07T08:01:49.411779Z,True
u2lbQmOQl4bifHz62uB1,27.2,60.0,1553.0,OK,2025-11-06T15:53:34.000Z,27.584749628383648,60.22843433565384,1545.7662438375414,Rotten,maize-storage-rules-v1,2025-11-07T08:01:49.411779Z,True
p8un7OPr4sOwjh7QVnM7,23.5,69.0,177.0,OK,2025-11-07T04:24:22.000Z,23.06991047565841,70.17058403119643,350.0,Rotten,maize-storage-rules-v1,2025-11-07T08:01:49.411779Z,True
G42xdO3N6lxP9OQxyyGc,24.0,58.0,128.0,NORMAL,2025-10-21T13:53:18.000Z,24.014044168431692,58.97245096552529,350.0,Normal,maize-storage-rules-v1,2025-11-07T08:01:49.411779Z,True
7pFwpvyb81IXQcUadKWq,26.2,63.0,189.0,OK,2025-11-07T03:31:13.000Z,26.49238817959788,61.96286569857213,350.0,Almost Rotten,maize-storage-rules-v1,2025-11-07T08:01:49.411779Z,True
h4dSp83hUkwGCLbnHboQ,24.7,67.0,133.0,OK,2025-11-06T17:16:10.000Z,25.12283496086783,67.7376251158778,350.0,Almost Rotten,maize-storage-rules-v1,2025-11-07T08:01:49.411779Z,True
SdkHovbOCqWTryoGYjaK,24.0,60.0,128.0,OK,2025-10-21T14:28:35.000Z,24.20211146087297,59.7966753929731,350.0,Normal,maize-storage-rules-v1,2025-11-07T08:01:49.411779Z,True
lY4apHQVayZhOqpapxor,25.3,65.0,342.0,OK,2025-11-07T03:09:06.000Z,25.452604124794348,64.56180609315192,350.0,Almost Rotten,maize-storage-rules-v1,2025-11-07T08:01:49.411779Z,True
MY2GEPO149LVgUtgZrvj,26.3,62.0,144.0,OK,2025-11-07T03:39:28.000Z,26.05229588133118,62.73240218706883,350.0,Almost Rotten,maize-storage-rules-v1,2025-11-07T08:01:49.411779Z,True
3BJcGu9Pcqf59sy7dpy3,26.1,63.0,176.0,OK,2025-11-07T03:36:18.000Z,25.94013207593437,62.73151182645056,350.0,Almost Rotten,maize-storage-rules-v1,2025-11-07T08:01:49.411779Z,True
U3buMsFBd77ex7PgCG99,25.4,65.0,2667.0,OK,2025-11-06T15:47:04.000Z,25.85582382669204,65.53623469037645,2642.842240767007,Rotten,maize-storage-rules-v1,2025-11-07T08:01:49.411779Z,True
JH0f2IAmQr7gvxk96wKj,26.0,64.0,2065.0,OK,2025-11-06T15:48:53.000Z,26.36971120346221,64.01855649910199,2089.715273008748,Rotten,maize-storage-rules-v1,2025-11-07T08:01:49.411779Z,True
P5Hg6djtm4C09kIIUBFO,24.4,60.0,129.0,NORMAL,2025-10-21T13:59:20.000Z,24.18054886498727,59.73440161341996,350.0,Normal,maize-storage-rules-v1,2025-11-07T08:01:49.411779Z,True
GNGodrzqaQZ3rzCaLui1,25.6,67.0,561.0,OK,2025-11-06T16:21:07.000Z,25.39411829874576,66.38606665427531,554.7049837518783,Almost Rotten,maize-storage-rules-v1,2025-11-07T08:01:49.411779Z,True
fpqa0chUM7CEz3XZwUlG,24.2,69.0,4095.0,OK,2025-10-23T14:25:43.000Z,23.78502278909093,68.29006999987186,4091.268703314324,Rotten,maize-storage-rules-v1,2025-11-07T08:01:49.411779Z,True
rtcVdHnzdPjA4ca9SUPe,24.6,69.0,189.0,OK,2025-11-06T16:51:08.000Z,24.726884848888176,67.93814731914385,350.0,Almost Rotten,maize-storage-rules-v1,2025-11-07T08:01:49.411779Z,True
ZJRZ929ip0De8vLuHb89,24.6,68.0,218.0,OK,2025-11-06T16:41:56.000Z,24.330314094590115,68.45978180993627,350.0,Almost Rotten,maize-storage-rules-v1,2025-11-07T08:01:49.411779Z,True
U7dcLbSaC6uHEVy8L1pe,21.4,68.0,1783.0,OK,2025-10-28T08:47:21.000Z,21.809710827178776,68.47847517773833,1798.9613992824952,Rotten,maize-storage-rules-v1,2025-11-07T08:01:49.411779Z,True
0b9Q7pvYXggRoMOE3b1V,24.6,69.0,185.0,OK,2025-11-06T16:50:41.000Z,25.060029576715262,69.16663195287133,350.0,Almost Rotten,maize-storage-rules-v1,2025-11-07T08:01:49.411779Z,True
VnFt5HZ2E305MtOVBuz9,26.1,62.0,191.0,OK,2025-11-07T03:17:59.000Z,26.47129037505731,62.077941866986734,350.0,Almost Rotten,maize-storage-rules-v1,2025-11-07T08:01:49.411779Z,True
cWFjI10c7GWNTORXoYK0,25.6,97.0,4095.0,OK,2025-10-23T14:27:07.000Z,25.530895967480184,97.9551834463867,4038.9970730289674,Rotten,maize-storage-rules-v1,2025-11-07T08:01:49.411779Z,True
SOaHPbSNRWPoIwvkCKjx,24.6,67.0,137.0,OK,2025-11-06T17:21:47.000Z,25.067986115495145,66.59533132448861,350.0,Almost Rotten,maize-storage-rules-v1,2025-11-07T08:01:49.411779Z,True
vHAp7evCNpd64BBAQtiT,28.1,64.0,306.0,OK,2025-10-23T15:14:26.000Z,27.550290626528387,65.07365612638142,350.0,Almost Rotten,maize-storage-rules-v1,2025-11-07T08:01:49.411779Z,True
dHm9CkC7ApOcnBhT1lfR,24.7,68.0,204.0,OK,2025-11-06T16:53:17.000Z,24.476844780964345,68.96421208291423,350.0,Almost Rotten,maize-storage-rules-v1,2025-11-07T08:01:49.411779Z,True
2mB1YwUE2ITgQvQvG7jq,26.3,62.0,153.0,OK,2025-11-07T03:40:04.000Z,26.3884710632962,61.32146590022011,350.0,Almost Rotten,maize-storage-rules-v1,2025-11-07T08:01:49.411779Z,True
mK3O7h9qGXRAFx3tLXe1,24.5,68.0,368.0,OK,2025-11-06T16:30:50.000Z,24.108281650525345,67.36085795179129,370.34468788009286,Almost Rotten,maize-storage-rules-v1,2025-11-07T08:01:49.411779Z,True
x8gMsIZ8QXTHBaisEwtb,25.1,66.0,377.0,OK,2025-11-07T03:08:24.000Z,25.04603502124596,66.03419974934982,375.8344428898062,Almost Rotten,maize-storage-rules-v1,2025-11-07T08:01:49.411779Z,True
lkBTBa3ne2vR9DfhEroi,26.5,62.0,159.0,OK,2025-11-07T03:48:57.000Z,26.27378939080864,62.88575331671289,350.0,Almost Rotten,maize-storage-rules-v1,2025-11-07T08:01:49.411779Z,True
SUcnyWaawSOjnxUAtgEo,25.4,68.0,633.0,OK,2025-11-06T16:19:25.000Z,25.558571061160585,66.70335168321276,623.590535113911,Almost Rotten,maize-storage-rules-v1,2025-11-07T08:01:49.411779Z,True
JA5Ll1ICNv1H8E5gwtE5,24.8,68.0,156.0,OK,2025-11-06T17:04:29.000Z,25.146639850425064,67.007338188729,350.0,Almost Rotten,maize-storage-rules-v1,2025-11-07T08:01:49.411779Z,True
B7Ya0eRhsshTFbG3UtTi,26.3,62.0,181.0,OK,2025-11-07T03:30:10.000Z,26.38207411102953,61.42935037301173,350.0,Almost Rotten,maize-storage-rules-v1,2025-11-07T08:01:49.411779Z,True
8MSQW0f21RxcqkUg5OV1,27.1,62.0,1533.0,OK,2025-11-06T15:54:01.000Z,26.66108379108125,61.27494018679292,1521.125151263737,Rotten,maize-storage-rules-v1,2025-11-07T08:01:49.411779Z,True
44KSsNcXSzSb2osWSQdK,26.9,63.0,1494.0,OK,2025-11-06T15:55:11.000Z,26.761112377435985,63.385023805718106,1519.595634273884,Rotten,maize-storage-rules-v1,2025-11-07T08:01:49.411779Z,True
l0lfNIcUwPExU3GUv24s,26.4,62.0,180.0,OK,2025-11-07T03:44:26.000Z,26.77969655689036,61.23279403638286,350.0,Almost Rotten,maize-storage-rules-v1,2025-11-07T08:01:49.411779Z,True
rzyF1XcNTWSmvLuuAJYh,25.8,64.0,262.0,OK,2025-11-07T03:11:49.000Z,25.478123563421235,63.28806565451219,350.0,Almost Rotten,maize-storage-rules-v1,2025-11-07T08:01:49.411779Z,True
9weWIMbKllSZOq40sJHE,26.2,62.0,145.0,OK,2025-11-07T03:39:01.000Z,25.973536042881516,62.233358047638944,350.0,Almost Rotten,maize-storage-rules-v1,2025-11-07T08:01:49.411779Z,True
8RKG5jCL0Z3OV1cNuahk,24.8,81.0,4095.0,OK,2025-10-23T14:28:11.000Z,25.25520920394181,80.42193249329702,4150.926537217367,Rotten,maize-storage-rules-v1,2025-11-07T08:01:49.411779Z,True
0eQwW7Cdv6zzMcjm3N4p,24.7,67.0,137.0,OK,2025-11-06T17:17:46.000Z,24.52791545384049,66.57817431582275,350.0,Almost Rotten,maize-storage-rules-v1,2025-11-07T08:01:49.411779Z,True
dXDtkQFj7tSjVrYcuI1R,24.7,68.0,195.0,OK,2025-11-06T16:53:06.000Z,24.414403175826845,69.24082976894589,350.0,Almost Rotten,maize-storage-rules-v1,2025-11-07T08:01:49.411779Z,True
9cRTKaKfWFFiM8EtdaTn,27.3,59.0,1563.0,OK,2025-11-06T15:53:02.000Z,27.4496846813184,58.38945254598729,1575.3941069698042,Rotten,maize-storage-rules-v1,2025-11-07T08:01:49.411779Z,True
SuHJ9ZRJRumZz5MKOFRi,24.5,68.0,211.0,OK,2025-11-06T16:45:32.000Z,24.52148010135387,68.18429663780803,350.0,Almost Rotten,maize-storage-rules-v1,2025-11-07T08:01:49.411779Z,True
YLuuOuEW7kb6BEcmXxqS,26.2,71.0,189.0,OK,2025-10-21T10:44:10.000Z,26.154311243081136,70.8658717561204,350.0,Rotten,maize-storage-rules-v1,2025-11-07T08:01:49.411779Z,True
ZGsRqzgm1QFmkldzW9Ry,21.9,66.0,587.0,OK,2025-10-28T13:33:19.000Z,21.766761079562773,66.57425156626363,590.010864062607,Almost Rotten,maize-storage-rules-v1,2025-11-07T08:01:49.411779Z,True
kwc16ewgP2uXgOft4Bao,26.2,70.0,192.0,OK,2025-10-21T10:44:00.000Z,26.16219055584333,71.05376507431305,350.0,Rotten,maize-storage-rules-v1,2025-11-07T08:01:49.411779Z,True
lRVbXydcq9sudLH2Q0Vg,26.5,62.0,149.0,OK,2025-11-07T03:51:49.000Z,26.76899692042259,61.34392100219443,350.0,Almost Rotten,maize-storage-rules-v1,2025-11-07T08:01:49.411779Z,True
Eyk2ONvj8oTvnSkjzsXe,24.7,69.0,174.0,OK,2025-11-06T17:01:39.000Z,25.157652688866783,70.19175314996623,350.0,Rotten,maize-storage-rules-v1,2025-11-07T08:01:49.411779Z,True
JYOyNmTBHTMsLZYo4W34,24.5,68.0,259.0,OK,2025-11-06T16:38:05.000Z,24.08654622521876,67.83482000812454,350.0,Almost Rotten,maize-storage-rules-v1,2025-11-07T08:01:49.411779Z,True
TuGTTg7KV6FWvd9eyUG4,24.4,60.0,110.0,NORMAL,2025-10-21T14:03:14.000Z,24.03104170906859,59.47993401404838,350.0,Normal,maize-storage-rules-v1,2025-11-07T08:01:49.411779Z,True
UjpBBZbk06dN7GS98LbF,24.6,67.0,202.0,OK,2025-11-06T16:43:55.000Z,24.551829756182293,66.90251702313203,350.0,Almost Rotten,maize-storage-rules-v1,2025-11-07T08:01:49.411779Z,True
12XRmlwnQMoayOYdlpr7,24.5,69.0,366.0,OK,2025-11-06T16:30:40.000Z,24.438408880494883,68.80291645437254,370.39563721443386,Almost Rotten,maize-storage-rules-v1,2025-11-07T08:01:49.411779Z,True
vjN5mEOWH1MS3zmYHBU8,26.2,62.0,240.0,OK,2025-11-07T03:25:00.000Z,26.228962905913495,61.26682692049801,350.0,Almost Rotten,maize-storage-rules-v1,2025-11-07T08:01:49.411779Z,True
K2qluW6NsLT5pflgZxQq,23.8,68.0,258.0,OK,2025-11-07T04:09:09.000Z,24.162122045721564,67.00441803630291,350.0,Almost Rotten,maize-storage-rules-v1,2025-11-07T08:01:49.411779Z,True
zWLQsfzFBj1IDsqpt4zg,23.6,68.0,298.0,OK,2025-11-07T04:13:54.000Z,23.74631615244618,67.76909220053831,350.0,Almost Rotten,maize-storage-rules-v1,2025-11-07T08:01:49.411779Z,True
leKOUU9bAcaDXfC4r9XK,24.0,67.0,315.0,OK,2025-11-07T04:06:31.000Z,23.65597340925399,68.3040614034712,350.0,Almost Rotten,maize-storage-rules-v1,2025-11-07T08:01:49.411779Z,True
LfTeNl5LsKhLQDMJX1kN,24.5,68.0,201.0,OK,2025-11-06T16:45:54.000Z,24.74843447174025,67.99557876789929,350.0,Almost Rotten,maize-storage-rules-v1,2025-11-07T08:01:49.411779Z,True
182dSXPUR2NPWdw9pjRS,26.2,62.0,150.0,OK,2025-11-07T03:39:43.000Z,25.978167852918894,62.18567522422879,350.0,Almost Rotten,maize-storage-rules-v1,2025-11-07T08:01:49.411779Z,True
DJR9GoMulQbjtgkS9cmg,21.7,66.0,675.0,OK,2025-10-28T13:27:22.000Z,21.673375778877265,66.36826530969499,680.9285248567884,Almost Rotten,maize-storage-rules-v1,2025-11-07T08:01:49.411779Z,True
rjAEmVXOlg2CYKHQaKPF,26.7,63.0,1382.0,OK,2025-11-06T15:56:37.000Z,26.766225798593343,62.442349655001976,1407.1976857086415,Rotten,maize-storage-rules-v1,2025-11-07T08:01:49.411779Z,True
zJ9nPsrQRfdO8UbsVA53,24.2,60.0,167.0,NORMAL,2025-10-21T13:42:54.000Z,23.740238916509018,59.01111299645853,350.0,Normal,maize-storage-rules-v1,2025-11-07T08:01:49.411779Z,True
qiM6YvnjUrMKBxcXKJvQ,25.3,66.0,2755.0,OK,2025-11-06T15:46:48.000Z,25.507735678391384,65.40507109651027,2722.611247916732,Rotten,maize-storage-rules-v1,2025-11-07T08:01:49.411779Z,True
1umG7ao1DSCGQCA6ep3j,26.5,62.0,154.0,OK,2025-11-07T03:52:05.000Z,26.7080995975824,61.35218761680954,350.0,Almost Rotten,maize-storage-rules-v1,2025-11-07T08:01:49.411779Z,True
hq7vu2Naeqt9hOTuptdr,26.1,63.0,208.0,OK,2025-11-07T03:16:05.000Z,26.52364669444249,62.70099923200085,350.0,Almost Rotten,maize-storage-rules-v1,2025-11-07T08:01:49.411779Z,True
hAcW7TQ1ZxpDiGnpBVwI,23.8,67.0,250.0,OK,2025-11-07T04:07:58.000Z,23.897101109278207,65.66599034872303,350.0,Almost Rotten,maize-storage-rules-v1,2025-11-07T08:01:49.411779Z,True
F2OWfZuqsBKsKdDLWs2P,24.6,67.0,224.0,OK,2025-11-06T16:40:31.000Z,24.82869488694589,67.40037221384874,350.0,Almost Rotten,maize-storage-rules-v1,2025-11-07T08:01:49.411779Z,True
zS4G2tug3LgK7WiJWLET,21.0,69.0,3573.0,OK,2025-10-28T08:42:57.000Z,21.087313518582047,68.4528832639138,3562.2076488086004,Rotten,maize-storage-rules-v1,2025-11-07T08:01:49.411779Z,True
DS0cq9X5as3xHysyTCXf,24.0,67.0,317.0,OK,2025-11-07T04:06:19.000Z,23.800376957101943,67.26405635063595,350.0,Almost Rotten,maize-storage-rules-v1,2025-11-07T08:01:49.411779Z,True
utac4sBg9vvx5BHPdld7,23.9,60.0,84.0,OK,2025-10-21T14:32:07.000Z,23.64908410248196,59.91624462831383,350.0,Normal,maize-storage-rules-v1,2025-11-07T08:01:49.411779Z,True
tFMtpI4h4LoTbB1nzOMo,23.6,68.0,319.0,OK,2025-11-07T04:17:50.000Z,23.508690262286247,68.45675292655922,350.0,Almost Rotten,maize-storage-rules-v1,2025-11-07T08:01:49.411779Z,True
z80xkqXhxmaLqnbDwZTZ,24.8,66.0,167.0,OK,2025-11-06T17:09:03.000Z,24.64099931772878,64.7852979911627,350.0,Normal,maize-storage-rules-v1,2025-11-07T08:01:49.411779Z,True
UvAlASaBSRuDj48klXUf,24.8,68.0,151.0,OK,2025-11-06T17:11:49.000Z,24.689983937829904,69.15496416547434,350.0,Almost Rotten,maize-storage-rules-v1,2025-11-07T08:01:49.411779Z,True
ep22oBQDmrmSylCNLpGn,26.1,66.0,1157.0,OK,2025-11-06T16:01:26.000Z,25.635639194803133,66.85599081770432,1174.8522855093645,Rotten,maize-storage-rules-v1,2025-11-07T08:01:49.411779Z,True
yUkLb86ec0qvSX4wmRRF,26.2,62.0,189.0,OK,2025-11-07T03:32:11.000Z,25.82883225117099,62.2781316917596,350.0,Almost Rotten,maize-storage-rules-v1,2025-11-07T08:01:49.411779Z,True
6rm9vA33aJt09bKz5Km5,26.2,62.0,239.0,OK,2025-11-07T03:25:06.000Z,26.29896647961676,62.63992980391943,350.0,Almost Rotten,maize-storage-rules-v1,2025-11-07T08:01:49.411779Z,True
KFaNkSEqICU9orr6IIJ0,24.0,60.0,94.0,OK,2025-10-21T14:31:08.000Z,24.0918852236983,59.62144577829125,350.0,Normal,maize-storage-rules-v1,2025-11-07T08:01:49.411779Z,True
RvzvXNzgqPCrujGvfxfT,21.4,68.0,2060.0,OK,2025-10-28T08:46:07.000Z,21.67659466611728,67.52922091812286,2045.841862635491,Rotten,maize-storage-rules-v1,2025-11-07T08:01:49.411779Z,True
puYMppWjyqX8H2oGRbMc,25.6,64.0,280.0,OK,2025-11-07T03:10:29.000Z,25.20595051859381,64.94212427374725,350.0,Almost Rotten,maize-storage-rules-v1,2025-11-07T08:01:49.411779Z,True
1hFfoaUR8h8MpAt6YVHM,24.2,66.0,301.0,OK,2025-11-07T04:04:05.000Z,23.98837960747729,66.30170408524496,350.0,Almost Rotten,maize-storage-rules-v1,2025-11-07T08:01:49.411779Z,True
GL949zqrDbw0KZlwqOx3,24.0,62.0,272.0,OK,2025-10-21T14:27:26.000Z,23.85411016647313,63.16897037973207,350.0,Normal,maize-storage-rules-v1,2025-11-07T08:01:49.411779Z,True
QdyCgU5h5fR8a0ExqCRD,24.5,67.0,274.0,OK,2025-11-06T16:35:55.000Z,24.275219509225444,67.68168766420082,350.0,Almost Rotten,maize-storage-rules-v1,2025-11-07T08:01:49.411779Z,True
OGmDSgloDQRtAFI1IMcv,25.2,64.0,320.0,OK,2025-11-07T03:57:58.000Z,25.14922974993006,64.2625453197458,350.0,Almost Rotten,maize-storage-rules-v1,2025-11-07T08:01:49.411779Z,True
93MzsgSVRWCgQkHbF1eg,24.7,69.0,188.0,OK,2025-11-06T16:58:13.000Z,24.61958500118089,69.82044365067135,350.0,Almost Rotten,maize-storage-rules-v1,2025-11-07T08:01:49.411779Z,True
890BNMdXwplFDep1ue8Y,25.2,65.0,339.0,OK,2025-11-07T03:09:01.000Z,25.33398097030176,65.45277518232216,350.0,Almost Rotten,maize-storage-rules-v1,2025-11-07T08:01:49.411779Z,True
91s4IkIwjCijKXvzKzqI,26.5,62.0,142.0,OK,2025-11-07T03:49:47.000Z,26.062971552625417,61.374908539318994,350.0,Almost Rotten,maize-storage-rules-v1,2025-11-07T08:01:49.411779Z,True
YyyKiz0dHQfg5aDNTRZY,24.7,68.0,203.0,OK,2025-11-06T16:53:11.000Z,24.398782750199228,68.87463023277779,350.0,Almost Rotten,maize-storage-rules-v1,2025-11-07T08:01:49.411779Z,True
zhmjvHvRNWam2CEEy2NJ,21.6,66.0,695.0,OK,2025-10-28T13:25:39.000Z,21.273658160143235,64.80370253984128,708.2813907204836,Almost Rotten,maize-storage-rules-v1,2025-11-07T08:01:49.411779Z,True
CbfiBshOrncwOy3I5EzN,24.6,67.0,213.0,OK,2025-11-06T16:45:11.000Z,24.467080651301004,66.09464222564934,350.0,Almost Rotten,maize-storage-rules-v1,2025-11-07T08:01:49.411779Z,True
P4avUbgk4SVypX1yXGCq,25.4,68.0,939.0,OK,2025-11-06T16:13:13.000Z,25.023432608313605,67.5921175648545,926.8781514352926,Almost Rotten,maize-storage-rules-v1,2025-11-07T08:01:49.411779Z,True
NL9VTSoWhrQ7mhJI2OJ2,24.7,65.0,256.0,OK,2025-11-07T04:00:37.000Z,24.669134185449785,65.63773104760189,350.0,Almost Rotten,maize-storage-rules-v1,2025-11-07T08:01:49.411779Z,True
f6IKUU08Q77LjmdXCbHo,25.6,65.0,720.0,OK,2025-11-06T16:17:26.000Z,25.632043780934254,64.93254616141232,714.4983228213882,Almost Rotten,maize-storage-rules-v1,2025-11-07T08:01:49.411779Z,True
goocdcrIUXL2cCNGyIiY,24.0,58.0,128.0,NORMAL,2025-10-21T13:53:08.000Z,24.23319005746376,57.71140585533859,350.0,Normal,maize-storage-rules-v1,2025-11-07T08:01:49.411779Z,True
kwF5D9bbvA8Z1o5GhyUx,24.6,67.0,203.0,OK,2025-11-06T16:44:06.000Z,24.324066318726857,66.47322696501001,350.0,Almost Rotten,maize-storage-rules-v1,2025-11-07T08:01:49.411779Z,True
8xUArF4QnvNnQKi3JN8N,24.6,69.0,408.0,OK,2025-11-06T16:29:19.000Z,24.592278764126224,70.1409318541114,410.7894366042406,Rotten,maize-storage-rules-v1,2025-11-07T08:01:49.411779Z,True
yuSWZrdc72mSHKM5lqyp,24.5,69.0,384.0,OK,2025-11-06T16:30:13.000Z,24.94893072757744,70.31536077274039,389.4776085870175,Rotten,maize-storage-rules-v1,2025-11-07T08:01:49.411779Z,True
6IAS8bVJAeFrnAnOFmYj,24.0,60.0,91.0,OK,2025-10-21T14:31:14.000Z,24.316251470287423,60.343602104496135,350.0,Normal,maize-storage-rules-v1,2025-11-07T08:01:49.411779Z,True
jNZo0nDDabvG9IxdhB4C,24.4,60.0,111.0,NORMAL,2025-10-21T14:02:44.000Z,24.05843862837025,59.57136163234195,350.0,Normal,maize-storage-rules-v1,2025-11-07T08:01:49.411779Z,True
t65um7e5fIoTkKqBV8Ps,21.9,65.0,631.0,OK,2025-10-28T13:33:52.000Z,21.713826364248416,64.01350134664156,636.9456699882511,Normal,maize-storage-rules-v1,2025-11-07T08:01:49.411779Z,True
dCKJh0kG9Ch5jYb19IRb,24.7,69.0,184.0,OK,2025-11-06T16:55:48.000Z,24.491956551017967,69.90561889581156,350.0,Almost Rotten,maize-storage-rules-v1,2025-11-07T08:01:49.411779Z,True
qJLjoBwbKmCUarHyZSsx,26.0,63.0,221.0,OK,2025-11-07T03:13:44.000Z,26.45453348789733,62.212579245361965,350.0,Almost Rotten,maize-storage-rules-v1,2025-11-07T08:01:49.411779Z,True
kA239HWe2hReEUssZvUN,24.6,67.0,135.0,OK,2025-11-06T17:22:35.000Z,25.01816307314364,66.61279096994247,350.0,Almost Rotten,maize-storage-rules-v1,2025-11-07T08:01:49.411779Z,True
cCdxMfWQsnszjnXOfVNF,26.5,62.0,144.0,OK,2025-11-07T03:47:59.000Z,26.85416814552224,61.983247289366645,350.0,Almost Rotten,maize-storage-rules-v1,2025-11-07T08:01:49.411779Z,True
QKmPm60cLMRFHIGmGrSO,24.5,65.0,275.0,OK,2025-11-07T04:01:47.000Z,24.19873900676629,63.85815765550354,350.0,Normal,maize-storage-rules-v1,2025-11-07T08:01:49.411779Z,True
Cfn9k5qRHCywMaxG7xgL,25.0,64.0,283.0,OK,2025-11-07T03:59:06.000Z,25.272104891354587,63.88269826995781,350.0,Almost Rotten,maize-storage-rules-v1,2025-11-07T08:01:49.411779Z,True
QlOeOSBmKDGfDfqzzG2J,25.6,69.0,4095.0,OK,2025-11-06T15:44:15.000Z,25.26858893312827,70.19972570891406,4038.111226995264,Rotten,maize-storage-rules-v1,2025-11-07T08:01:49.411779Z,True
JGlarpiuNu6J4beHmM0Z,25.4,68.0,689.0,OK,2025-11-06T16:18:36.000Z,25.677304386345448,67.08384458721447,692.3310037810265,Almost Rotten,maize-storage-rules-v1,2025-11-07T08:01:49.411779Z,True
5VIZ7xlHwYPlSlxVyHV6,23.6,68.0,306.0,OK,2025-11-07T04:14:37.000Z,23.825600899696276,66.7623027395968,350.0,Almost Rotten,maize-storage-rules-v1,2025-11-07T08:01:49.411779Z,True
QfYToxuLKNefTLaWBdEG,24.7,67.0,138.0,OK,2025-11-06T17:22:24.000Z,25.08023087079228,67.94384024261997,350.0,Almost Rotten,maize-storage-rules-v1,2025-11-07T08:01:49.411779Z,True
QMfVnZwAvW5rDKL98Fs9,26.3,62.0,299.0,OK,2025-11-07T03:21:50.000Z,25.935969688871666,61.13968893199237,350.0,Almost Rotten,maize-storage-rules-v1,2025-11-07T08:01:49.411779Z,True
AJou5EJoeTAxQ7IPXas3,26.4,62.0,189.0,OK,2025-11-07T03:45:03.000Z,26.12391177858252,62.60098498403778,350.0,Almost Rotten,maize-storage-rules-v1,2025-11-07T08:01:49.411779Z,True
7zoh0P9kgTyODqZDEcrM,24.6,69.0,426.0,OK,2025-11-06T16:29:03.000Z,24.430255635381947,69.56413538597776,423.6573217459356,Almost Rotten,maize-storage-rules-v1,2025-11-07T08:01:49.411779Z,True
Ai0gsyrYDjsj7aTdbrfw,24.2,59.0,190.0,NORMAL,2025-10-21T13:38:26.000Z,23.768756304911573,58.87582641181773,350.0,Normal,maize-storage-rules-v1,2025-11-07T08:01:49.411779Z,True
Gt2HX4GO3FhGYmAXKFOW,24.2,60.0,144.0,NORMAL,2025-10-21T13:56:06.000Z,23.78101733544464,60.767546659645646,350.0,Normal,maize-storage-rules-v1,2025-11-07T08:01:49.411779Z,True
QJJ0tpwCILBRinIHglwC,24.8,69.0,160.0,OK,2025-11-06T17:04:14.000Z,24.418778533970958,68.2936132694692,350.0,Almost Rotten,maize-storage-rules-v1,2025-11-07T08:01:49.411779Z,True
IXQaiOZY0m8QqnYbmIC4,24.2,58.0,210.0,NORMAL,2025-10-21T13:35:54.000Z,23.950723401731427,58.20792965874034,350.0,Normal,maize-storage-rules-v1,2025-11-07T08:01:49.411779Z,True
GpnTsM3gZ5rJsLJwe139,23.9,67.0,272.0,OK,2025-11-07T04:07:32.000Z,23.89705226590061,67.37964988637353,350.0,Almost Rotten,maize-storage-rules-v1,2025-11-07T08:01:49.411779Z,True
AxRz8zJtoDvUGMPwV3fq,24.2,58.0,220.0,NORMAL,2025-10-21T13:34:50.000Z,24.15988670189982,58.34439975576333,350.0,Normal,maize-storage-rules-v1,2025-11-07T08:01:49.411779Z,True
cxXLbrTtmfTR38ccR4Y2,24.1,67.0,302.0,OK,2025-11-07T04:05:04.000Z,24.237131331499548,66.13290651011745,350.0,Almost Rotten,maize-storage-rules-v1,2025-11-07T08:01:49.411779Z,True
o0IcSFb6dGwbAz3yDkON,26.1,65.0,1185.0,OK,2025-11-06T16:01:31.000Z,26.54648581216221,65.76330214841818,1182.746006722931,Almost Rotten,maize-storage-rules-v1,2025-11-07T08:01:49.411779Z,True
b66zxiVmavfkw7MH4dCD,21.7,66.0,636.0,OK,2025-10-28T13:28:42.000Z,21.502794158566587,65.93245835851658,631.723386917807,Almost Rotten,maize-storage-rules-v1,2025-11-07T08:01:49.411779Z,True
0n8E3JpUpNKm7cHKmfce,24.4,59.0,127.0,NORMAL,2025-10-21T13:57:54.000Z,24.370286471805187,58.38950183762697,350.0,Normal,maize-storage-rules-v1,2025-11-07T08:01:49.411779Z,True
1zKG9L7CCBKQ63FPfFn7,24.5,69.0,369.0,OK,2025-11-06T16:30:29.000Z,24.36457635834232,68.67240880613976,373.2060378401335,Almost Rotten,maize-storage-rules-v1,2025-11-07T08:01:49.411779Z,True
qmX7KQgVKmsZux38aubv,24.0,59.0,127.0,NORMAL,2025-10-21T13:50:48.000Z,23.845455223270328,58.76911907398532,350.0,Normal,maize-storage-rules-v1,2025-11-07T08:01:49.411779Z,True
C0rmAsWu3ZotXfsa1E4I,24.2,60.0,176.0,NORMAL,2025-10-21T13:40:32.000Z,24.133612812934132,60.99853999512439,350.0,Normal,maize-storage-rules-v1,2025-11-07T08:01:49.411779Z,True
df9rZbjaYgzlg2qMcA6f,25.5,65.0,2545.0,OK,2025-11-06T15:47:25.000Z,25.78645512160943,65.66803447345066,2547.896199260368,Rotten,maize-storage-rules-v1,2025-11-07T08:01:49.411779Z,True
gEggSO9HAFio0nkLN7KH,25.8,57.0,4095.0,OK,2025-10-23T14:23:36.000Z,25.53823551352029,55.91975733293128,4105.02743023182,Rotten,maize-storage-rules-v1,2025-11-07T08:01:49.411779Z,True
6w89i5rEHoNEHAE9T6yA,24.7,68.0,160.0,OK,2025-11-06T17:11:22.000Z,24.36954534206245,67.76724217741415,350.0,Almost Rotten,maize-storage-rules-v1,2025-11-07T08:01:49.411779Z,True
GokBeTxQarRuqJs2jbuH,21.9,66.0,511.0,OK,2025-10-28T13:32:23.000Z,21.80571532539949,67.2135584186197,507.56848207430176,Almost Rotten,maize-storage-rules-v1,2025-11-07T08:01:49.411779Z,True
qK2MLkR4hfXjInGUmKAr,25.4,68.0,613.0,OK,2025-11-06T16:19:41.000Z,25.801044239022165,67.94346007982611,606.038540000028,Almost Rotten,maize-storage-rules-v1,2025-11-07T08:01:49.411779Z,True
Z0tqUU83NHBIyfMoj1CT,27.0,63.0,1529.0,OK,2025-11-06T15:54:38.000Z,27.040196394389888,62.0809104598482,1541.3818158961035,Rotten,maize-storage-rules-v1,2025-11-07T08:01:49.411779Z,True
Of9KhYV0FzSnMZkL12OH,24.7,69.0,197.0,OK,2025-11-06T16:53:43.000Z,24.296622994910297,67.79060101255794,350.0,Almost Rotten,maize-storage-rules-v1,2025-11-07T08:01:49.411779Z,True
ldJNJbnVfgk3jdgRSV53,24.7,69.0,187.0,OK,2025-11-06T16:54:32.000Z,25.08047187236808,69.33971531061782,350.0,Almost Rotten,maize-storage-rules-v1,2025-11-07T08:01:49.411779Z,True
Mlq2HPziuvmzo1AYseRK,24.6,60.0,4095.0,OK,2025-10-23T14:24:39.000Z,24.63035678797921,59.93028513229636,4044.108381637053,Rotten,maize-storage-rules-v1,2025-11-07T08:01:49.411779Z,True
cYZqg5ZdsULN7BFBG8PU,25.6,67.0,771.0,OK,2025-11-06T16:16:11.000Z,25.347107583928,67.67289751009409,768.1396498077341,Almost Rotten,maize-storage-rules-v1,2025-11-07T08:01:49.411779Z,True
1RcOHxJZkSmcbHjithlm,25.5,63.0,336.0,OK,2025-11-07T03:57:01.000Z,25.56654082861081,63.164974109016114,350.0,Almost Rotten,maize-storage-rules-v1,2025-11-07T08:01:49.411779Z,True
9uJL2YA0GCB3pcrLBKcS,25.5,68.0,797.0,OK,2025-11-06T16:15:49.000Z,25.102800179216032,69.30354161167608,781.3608109967695,Almost Rotten,maize-storage-rules-v1,2025-11-07T08:01:49.411779Z,True
ydqxJLzxVxcgc2VEFDPu,24.5,69.0,303.0,OK,2025-11-06T16:34:51.000Z,24.9051649866168,68.46686139804905,350.0,Almost Rotten,maize-storage-rules-v1,2025-11-07T08:01:49.411779Z,True
nI4U6tMTphKdtCG0b2yk,28.2,64.0,281.0,OK,2025-10-23T15:14:31.000Z,28.597758427076503,63.450903018727466,350.0,Almost Rotten,maize-storage-rules-v1,2025-11-07T08:01:49.411779Z,True
ath4zRURckOc0VmzpAk3,26.2,62.0,304.0,OK,2025-11-07T03:54:11.000Z,25.928309218632556,62.007553595972645,350.0,Almost Rotten,maize-storage-rules-v1,2025-11-07T08:01:49.411779Z,True
0VReEjhUzsOxQ2TYjCb8,24.5,68.0,262.0,OK,2025-11-06T16:37:21.000Z,24.46738658365249,69.25010183280183,350.0,Almost Rotten,maize-storage-rules-v1,2025-11-07T08:01:49.411779Z,True
uGFD5UkNwcQVpvmO7H6G,24.5,73.0,3706.0,OK,2025-10-25T10:25:33.000Z,24.15712696561427,72.20513859760672,3632.9430446129486,Rotten,maize-storage-rules-v1,2025-11-07T08:01:49.411779Z,True
F1XsldMgmLLx6X584Rg9,24.7,69.0,176.0,OK,2025-11-06T16:59:40.000Z,24.318734822329432,70.15003758521824,350.0,Rotten,maize-storage-rules-v1,2025-11-07T08:01:49.411779Z,True
m7JZy0xn1ra5S1TpbdTa,25.9,66.0,1142.0,OK,2025-11-06T16:11:08.000Z,25.773439799383763,66.36588075831263,1151.8481837830425,Rotten,maize-storage-rules-v1,2025-11-07T08:01:49.411779Z,True
zJoaJPgkg8Wq5VXZj8Kl,26.5,62.0,147.0,OK,2025-11-07T03:49:41.000Z,26.24813178109764,61.93535685094914,350.0,Almost Rotten,maize-storage-rules-v1,2025-11-07T08:01:49.411779Z,True
k8IsEqQhxPup6eliPUdn,25.4,68.0,705.0,OK,2025-11-06T16:18:20.000Z,25.09656989215756,66.72059872985578,694.7343367997025,Almost Rotten,maize-storage-rules-v1,2025-11-07T08:01:49.411779Z,True
L3tRsEeQuzaKvB3heLC8,25.2,90.0,4095.0,OK,2025-10-23T14:27:28.000Z,25.607205077205062,89.82412467844016,4019.361327937313,Rotten,maize-storage-rules-v1,2025-11-07T08:01:49.411779Z,True
ehCPqjzHG6i6cUo7o1lW,24.2,60.0,155.0,NORMAL,2025-10-21T13:44:28.000Z,23.73966841397379,60.28722566912572,350.0,Normal,maize-storage-rules-v1,2025-11-07T08:01:49.411779Z,True
K0bEcrjbFfNrrBo2hGmz,26.4,62.0,183.0,OK,2025-11-07T03:43:57.000Z,26.48937860884568,62.014819249699606,350.0,Almost Rotten,maize-storage-rules-v1,2025-11-07T08:01:49.411779Z,True
8ftz0jh9Hwzm6WUKmhiH,24.2,59.0,130.0,NORMAL,2025-10-21T13:48:13.000Z,23.80800762324234,58.489298713069154,350.0,Normal,maize-storage-rules-v1,2025-11-07T08:01:49.411779Z,True
c8q9LfMaRE6KzCmSRFZX,21.4,68.0,1914.0,OK,2025-10-28T08:46:33.000Z,21.13907881352477,68.83458969635804,1904.8635537448376,Rotten,maize-storage-rules-v1,2025-11-07T08:01:49.411779Z,True
SzBZKVZXSFWsdyQTJoNv,23.5,69.0,177.0,OK,2025-11-07T04:23:36.000Z,23.870840807855654,68.39231953476961,350.0,Almost Rotten,maize-storage-rules-v1,2025-11-07T08:01:49.411779Z,True
UT2XGkicaRAdMmZdCbN9,26.3,99.0,157.0,OK,2025-10-23T14:26:41.000Z,26.393976386766106,100.0,350.0,Rotten,maize-storage-rules-v1,2025-11-07T08:01:49.411779Z,True
d62cQCNopG3wctdPmILR,25.7,64.0,277.0,OK,2025-11-07T03:11:23.000Z,25.667341885053,64.94247635591441,350.0,Almost Rotten,maize-storage-rules-v1,2025-11-07T08:01:49.411779Z,True
FmgVVEdmrfc7vkAkbnVo,26.0,66.0,1194.0,OK,2025-11-06T16:10:58.000Z,26.249008727215568,65.02992226968537,1202.1640597702565,Rotten,maize-storage-rules-v1,2025-11-07T08:01:49.411779Z,True
n2tQUgd8hFaNKBNM1CrY,24.0,63.0,137.0,NORMAL,2025-10-21T13:55:24.000Z,24.45746598375854,62.51233055084282,350.0,Normal,maize-storage-rules-v1,2025-11-07T08:01:49.411779Z,True
1QPhNy8xjOeARpqnzpxR,23.8,68.0,231.0,OK,2025-11-07T04:09:02.000Z,23.77248358824826,67.71283852843746,350.0,Almost Rotten,maize-storage-rules-v1,2025-11-07T08:01:49.411779Z,True
386ovqchnewGB1cbHqbp,26.7,63.0,1886.0,OK,2025-11-06T15:50:14.000Z,26.78657329720002,62.084391568362655,1913.4469542478976,Rotten,maize-storage-rules-v1,2025-11-07T08:01:49.411779Z,True
cOydUNSEpfU7cFv3pS8B,27.2,62.0,1755.0,OK,2025-11-06T15:51:19.000Z,27.393346972526462,62.9538328065727,1770.0468155249152,Rotten,maize-storage-rules-v1,2025-11-07T08:01:49.411779Z,True
vSvh9yY9vZMcfK1LYAJb,28.3,63.0,275.0,OK,2025-10-23T15:14:36.000Z,28.01390633804593,62.2897359450938,350.0,Almost Rotten,maize-storage-rules-v1,2025-11-07T08:01:49.411779Z,True
i56Sb4fr2TrwXLmbBRV6,26.4,62.0,173.0,OK,2025-11-07T03:43:30.000Z,26.4282725323186,60.87145468070283,350.0,Almost Rotten,maize-storage-rules-v1,2025-11-07T08:01:49.411779Z,True
iHi3J9Q7MUgPdQMmQR2K,24.2,59.0,133.0,NORMAL,2025-10-21T13:48:08.000Z,24.227628393616296,60.107675177328666,350.0,Normal,maize-storage-rules-v1,2025-11-07T08:01:49.411779Z,True
2Ilc7Nf0ptRIJShmsWvG,25.3,69.0,880.0,OK,2025-11-06T16:14:07.000Z,25.248753840169517,69.09036357945254,897.2972113207738,Almost Rotten,maize-storage-rules-v1,2025-11-07T08:01:49.411779Z,True
dgmGCo9ENyN4rpl7ZinR,24.2,60.0,147.0,NORMAL,2025-10-21T13:45:11.000Z,24.62447909227431,61.19581428291672,350.0,Normal,maize-storage-rules-v1,2025-11-07T08:01:49.411779Z,True
9ilsnFAPZVboxCIjKGRp,25.5,68.0,796.0,OK,2025-11-06T16:15:44.000Z,25.441160409609253,68.17138926743489,799.6206479245533,Almost Rotten,maize-storage-rules-v1,2025-11-07T08:01:49.411779Z,True
hpSd90lTjsChD5WaTIEN,23.8,68.0,243.0,OK,2025-11-07T04:09:14.000Z,24.04718018579569,66.93820814049046,350.0,Almost Rotten,maize-storage-rules-v1,2025-11-07T08:01:49.411779Z,True
B3G3FZVMoSvsRXGYrjFU,26.4,62.0,227.0,OK,2025-11-07T03:44:15.000Z,26.87100182295735,61.13612599777302,350.0,Almost Rotten,maize-storage-rules-v1,2025-11-07T08:01:49.411779Z,True
Sp4nxDWEv2T6UzdF4vcc,24.7,67.0,145.0,OK,2025-11-06T17:18:18.000Z,24.954815394908067,66.08195959122271,350.0,Almost Rotten,maize-storage-rules-v1,2025-11-07T08:01:49.411779Z,True
KQ2x2AO25DqNeweZl1nY,24.5,59.0,226.0,NORMAL,2025-10-21T13:09:26.000Z,24.721254242021125,59.75900700334692,350.0,Normal,maize-storage-rules-v1,2025-11-07T08:01:49.411779Z,True
EJFTcFTWlla3T4mRKAqs,24.6,68.0,205.0,OK,2025-11-06T16:45:43.000Z,24.21130004044173,67.63192494983033,350.0,Almost Rotten,maize-storage-rules-v1,2025-11-07T08:01:49.411779Z,True
KF7HzUuqOTDqergUs1yn,26.1,64.0,2005.0,OK,2025-11-06T15:49:14.000Z,26.27082037271341,62.86669556362375,2015.1134054070988,Rotten,maize-storage-rules-v1,2025-11-07T08:01:49.411779Z,True
JoRV3hFUAEsUo29iPxzZ,24.0,59.0,128.0,NORMAL,2025-10-21T13:54:24.000Z,23.657969914997317,57.98243270014634,350.0,Normal,maize-storage-rules-v1,2025-11-07T08:01:49.411779Z,True
TKAXxGE9Y8TfkRKuzgCL,21.7,66.0,654.0,OK,2025-10-28T13:26:38.000Z,21.44566311856825,66.3192333928302,643.9140825579643,Almost Rotten,maize-storage-rules-v1,2025-11-07T08:01:49.411779Z,True
Nr0xSyKOx23GzW2t0NBF,26.0,63.0,224.0,OK,2025-11-07T03:13:03.000Z,25.54454563080176,64.25414212737195,350.0,Almost Rotten,maize-storage-rules-v1,2025-11-07T08:01:49.411779Z,True
VTr5OOvcZGLDYdKOVRqQ,26.1,64.0,2022.0,OK,2025-11-06T15:49:03.000Z,26.09625985166664,63.500573043929386,2045.1632418592037,Rotten,maize-storage-rules-v1,2025-11-07T08:01:49.411779Z,True
tKU34JDVMS65CnGIYugA,26.5,62.0,141.0,OK,2025-11-07T03:50:40.000Z,26.248493372199725,61.771652994065725,350.0,Almost Rotten,maize-storage-rules-v1,2025-11-07T08:01:49.411779Z,True
5qgQFUVMpiImm1hTbUky,24.9,65.0,274.0,OK,2025-11-07T03:59:44.000Z,24.687300441974525,66.10061266200667,350.0,Almost Rotten,maize-storage-rules-v1,2025-11-07T08:01:49.411779Z,True
k8cT12Hgk8sXACMouSBN,26.3,62.0,198.0,OK,2025-11-07T03:21:08.000Z,25.79278972905229,61.98380934059984,350.0,Almost Rotten,maize-storage-rules-v1,2025-11-07T08:01:49.411779Z,True
nzQ396oYQQo5hfd7bvHU,24.7,68.0,156.0,OK,2025-11-06T17:11:28.000Z,24.2199552366751,67.58222634905039,350.0,Almost Rotten,maize-storage-rules-v1,2025-11-07T08:01:49.411779Z,True
mfsyH34PlPpNBoKAHfR9,24.7,67.0,191.0,OK,2025-11-06T16:52:28.000Z,24.653077836346093,66.23640316585897,350.0,Almost Rotten,maize-storage-rules-v1,2025-11-07T08:01:49.411779Z,True
PeUUWhz2avc1hHlzYbJc,24.6,69.0,405.0,OK,2025-11-06T16:29:40.000Z,24.436765486687417,69.80225911293911,397.3547341930061,Almost Rotten,maize-storage-rules-v1,2025-11-07T08:01:49.411779Z,True
ZvFT1RcFHH22DYXEuaYN,24.0,59.0,120.0,NORMAL,2025-10-21T13:51:27.000Z,24.12582282515701,59.79277375096374,350.0,Normal,maize-storage-rules-v1,2025-11-07T08:01:49.411779Z,True
zGy9CdUFFjxl254daBN3,24.6,66.0,148.0,OK,2025-11-06T17:21:20.000Z,24.38865754812597,65.41076067871236,350.0,Almost Rotten,maize-storage-rules-v1,2025-11-07T08:01:49.411779Z,True
9JY36PtUQA1VQs40xbyI,26.2,62.0,199.0,OK,2025-11-07T03:20:37.000Z,25.830876974424218,61.92345092369085,350.0,Almost Rotten,maize-storage-rules-v1,2025-11-07T08:01:49.411779Z,True
w5WA2Rxyk3Ka2pBVoVNh,26.1,62.0,293.0,OK,2025-11-07T03:54:49.000Z,26.305953702950447,60.82331895610336,350.0,Almost Rotten,maize-storage-rules-v1,2025-11-07T08:01:49.411779Z,True
8KjdFeg5CxfNnXncmFXq,24.2,59.0,135.0,NORMAL,2025-10-21T13:46:53.000Z,24.310719588844577,59.222534850112616,350.0,Normal,maize-storage-rules-v1,2025-11-07T08:01:49.411779Z,True
4wOp2dEw0XI46fI4jVCj,24.4,61.0,112.0,NORMAL,2025-10-21T14:01:40.000Z,24.723165967993907,62.06129707315267,350.0,Normal,maize-storage-rules-v1,2025-11-07T08:01:49.411779Z,True
9iAJmzbet7sVu7E3WFNv,23.6,68.0,318.0,OK,2025-11-07T04:18:02.000Z,23.406818919924824,67.48195834213435,350.0,Almost Rotten,maize-storage-rules-v1,2025-11-07T08:01:49.411779Z,True
HWKXWanXaKYMVA2vH9OQ,26.2,63.0,199.0,OK,2025-11-07T03:30:42.000Z,26.382978155874014,61.89595140210446,350.0,Almost Rotten,maize-storage-rules-v1,2025-11-07T08:01:49.411779Z,True
iLDlVhdSNAPGjdX07CBB,24.5,68.0,311.0,OK,2025-11-06T16:33:13.000Z,24.97590867948177,68.43119475335408,350.0,Almost Rotten,maize-storage-rules-v1,2025-11-07T08:01:49.411779Z,True
Ep0JFucutfQ8BiDzLrbx,24.8,69.0,159.0,OK,2025-11-06T17:03:57.000Z,24.777685826638717,68.6910277905542,350.0,Almost Rotten,maize-storage-rules-v1,2025-11-07T08:01:49.411779Z,True
tyxBRz3vahNDqtLivCXG,25.5,64.0,288.0,OK,2025-11-07T03:10:24.000Z,25.080707317911287,65.23858048059292,350.0,Almost Rotten,maize-storage-rules-v1,2025-11-07T08:01:49.411779Z,True
PGzZQQ94JOpObfI3if1h,23.6,68.0,304.0,OK,2025-11-07T04:16:10.000Z,23.71845138012676,69.03214984720447,350.0,Almost Rotten,maize-storage-rules-v1,2025-11-07T08:01:49.411779Z,True
huUG5oqgo9sEIExbxI9L,24.4,66.0,292.0,OK,2025-11-07T04:02:29.000Z,24.88685672429189,66.90351953451186,350.0,Almost Rotten,maize-storage-rules-v1,2025-11-07T08:01:49.411779Z,True
FbSwfuWBGbo5oQoov551,26.0,67.0,1166.0,OK,2025-11-06T16:00:32.000Z,25.593653582759146,66.83745816577468,1150.0684155952042,Rotten,maize-storage-rules-v1,2025-11-07T08:01:49.411779Z,True
v3iZp0kDUBSH0kXHwgVc,26.1,63.0,213.0,OK,2025-11-07T03:14:41.000Z,25.624855056665236,62.523065474796674,350.0,Almost Rotten,maize-storage-rules-v1,2025-11-07T08:01:49.411779Z,True
ArRxoiNRMEf2CJeO44uW,21.9,66.0,591.0,OK,2025-10-28T13:33:07.000Z,22.23651164315733,65.89698937721188,598.0204037048816,Almost Rotten,maize-storage-rules-v1,2025-11-07T08:01:49.411779Z,True
piw5jyRZ4mUmfOWFR1nd,24.2,58.0,253.0,NORMAL,2025-10-21T13:33:45.000Z,24.47561091618411,57.01399649517378,350.0,Normal,maize-storage-rules-v1,2025-11-07T08:01:49.411779Z,True
pI8qyl8jgl8GkKRLzTvy,24.2,60.0,406.0,NORMAL,2025-10-21T13:32:06.000Z,24.096167491714496,61.17465577607939,413.3558513877629,Normal,maize-storage-rules-v1,2025-11-07T08:01:49.411779Z,True
04DfUZxLFMi8cvjpcL62,24.4,59.0,128.0,NORMAL,2025-10-21T13:58:05.000Z,24.667381103390618,59.97543118052419,350.0,Normal,maize-storage-rules-v1,2025-11-07T08:01:49.411779Z,True
D1DndxBgEpQHXRtZUz4u,26.6,62.0,165.0,OK,2025-11-07T03:29:05.000Z,26.960770193658146,60.90090784243196,350.0,Almost Rotten,maize-storage-rules-v1,2025-11-07T08:01:49.411779Z,True
ivtrjvzIEIJIWTtSMdEx,24.7,60.0,4095.0,OK,2025-10-23T14:24:34.000Z,24.854002386651047,60.84103484276728,4135.24333274625,Rotten,maize-storage-rules-v1,2025-11-07T08:01:49.411779Z,True
0amO52occLSBx4YXWT4c,24.2,60.0,128.0,NORMAL,2025-10-21T13:56:01.000Z,24.43692976691877,59.81398820140357,350.0,Normal,maize-storage-rules-v1,2025-11-07T08:01:49.411779Z,True
uKF1JdVX3mxgBRyHaa4Q,25.3,69.0,917.0,OK,2025-11-06T16:13:34.000Z,25.63467238601088,68.27324784992953,931.0928243246044,Almost Rotten,maize-storage-rules-v1,2025-11-07T08:01:49.411779Z,True
ITkNDUN6Cu4vU2RKHXyZ,26.2,62.0,182.0,OK,2025-11-07T03:32:22.000Z,26.12803071711348,61.15085175295543,350.0,Almost Rotten,maize-storage-rules-v1,2025-11-07T08:01:49.411779Z,True
0aYBu8k3QLXnHfqNIYMd,21.7,66.0,647.0,OK,2025-10-28T13:27:27.000Z,21.85888649141445,66.18800282516928,637.2347893935581,Almost Rotten,maize-storage-rules-v1,2025-11-07T08:01:49.411779Z,True
kFgTIumQvyyirvYSX0Ag,23.7,68.0,276.0,OK,2025-11-07T04:12:25.000Z,24.14575109079621,68.61392683640666,350.0,Almost Rotten,maize-storage-rules-v1,2025-11-07T08:01:49.411779Z,True
9zhOXmQZb3mIAV6510cC,24.4,60.0,108.0,NORMAL,2025-10-21T14:04:03.000Z,24.01586546310647,60.58962000158472,350.0,Normal,maize-storage-rules-v1,2025-11-07T08:01:49.411779Z,True
9M4vWWRgAPZYYj7sQrzz,24.6,69.0,198.0,OK,2025-11-06T16:50:03.000Z,25.029149423961737,69.41624185152155,350.0,Almost Rotten,maize-storage-rules-v1,2025-11-07T08:01:49.411779Z,True
QsxneujeXm5TOPuwaycj,26.1,63.0,190.0,OK,2025-11-07T03:36:29.000Z,26.259404951203503,62.8270261992362,350.0,Almost Rotten,maize-storage-rules-v1,2025-11-07T08:01:49.411779Z,True
lpDL5QzRCTldd0GxYswP,26.1,62.0,190.0,OK,2025-11-07T03:35:05.000Z,26.122838997815165,62.90306391851492,350.0,Almost Rotten,maize-storage-rules-v1,2025-11-07T08:01:49.411779Z,True
NVqNwFO1ocHhHjeh48Em,25.7,63.0,320.0,OK,2025-11-07T03:56:23.000Z,25.82614458984788,63.75779669335741,350.0,Almost Rotten,maize-storage-rules-v1,2025-11-07T08:01:49.411779Z,True
EncOeDf08HE58NDXoIkV,24.8,66.0,436.0,OK,2025-11-07T03:07:25.000Z,25.2779514999622,66.52779452916339,441.43733992452576,Almost Rotten,maize-storage-rules-v1,2025-11-07T08:01:49.411779Z,True
i4rwnxM7RpPQllciUofq,24.5,59.0,225.0,NORMAL,2025-10-21T13:09:31.000Z,24.9804725253509,59.19838948876268,350.0,Normal,maize-storage-rules-v1,2025-11-07T08:01:49.411779Z,True
IEhKM6yboRgxjXpJh7co,27.3,59.0,1567.0,OK,2025-11-06T15:53:18.000Z,26.980066431345097,58.4689312622556,1587.0199611071796,Rotten,maize-storage-rules-v1,2025-11-07T08:01:49.411779Z,True
yn4RjU0DHxNgqJZtIJn0,24.1,59.0,128.0,NORMAL,2025-10-21T13:48:45.000Z,24.226559624283063,59.12401313786423,350.0,Normal,maize-storage-rules-v1,2025-11-07T08:01:49.411779Z,True
9VRn5gOOEuQfl7H28srr,24.6,69.0,432.0,OK,2025-11-06T16:28:47.000Z,25.02916174704905,69.42477898851413,423.6840101388029,Almost Rotten,maize-storage-rules-v1,2025-11-07T08:01:49.411779Z,True
2c8nrS8NkfRpfHvgsog8,24.7,69.0,176.0,OK,2025-11-06T17:01:50.000Z,24.955417295477183,68.30242814232669,350.0,Almost Rotten,maize-storage-rules-v1,2025-11-07T08:01:49.411779Z,True
JYxPZwbeetZOW4V23vOH,26.3,62.0,189.0,OK,2025-11-07T03:20:58.000Z,26.138495545488357,61.10295176370539,350.0,Almost Rotten,maize-storage-rules-v1,2025-11-07T08:01:49.411779Z,True
lTPuBEq5kRtbqCdFESdV,24.7,66.0,492.0,OK,2025-11-07T03:06:59.000Z,24.48770093161021,65.99138774109569,487.28839141139457,Almost Rotten,maize-storage-rules-v1,2025-11-07T08:01:49.411779Z,True
1g77eu8tFzaTiSqVxF7K,26.3,62.0,229.0,OK,2025-11-07T03:25:11.000Z,25.8353344842569,61.91883795237299,350.0,Almost Rotten,maize-storage-rules-v1,2025-11-07T08:01:49.411779Z,True
k4oLHxsZbPIGK81zFSmS,24.3,66.0,299.0,OK,2025-11-07T04:03:33.000Z,24.216340270121076,66.96541377333594,350.0,Almost Rotten,maize-storage-rules-v1,2025-11-07T08:01:49.411779Z,True
RAj24k1xY5KoazFtROM4,24.7,69.0,189.0,OK,2025-11-06T16:54:05.000Z,24.256802124702247,69.21846279298458,350.0,Almost Rotten,maize-storage-rules-v1,2025-11-07T08:01:49.411779Z,True
2elYzzSsX9tP6GufpH8w,24.7,66.0,158.0,OK,2025-11-06T17:13:09.000Z,24.632907923297804,65.04827695862018,350.0,Almost Rotten,maize-storage-rules-v1,2025-11-07T08:01:49.411779Z,True
16fuKA2agllX2mAYD7b2,26.8,64.0,1473.0,OK,2025-11-06T15:55:32.000Z,27.12670739123657,64.55455425722192,1480.4782451653202,Rotten,maize-storage-rules-v1,2025-11-07T08:01:49.411779Z,True
N5Rgw0RmR1aoKkchGM3u,21.1,68.0,2455.0,OK,2025-10-28T08:44:37.000Z,20.8533133618287,69.28750841978886,2497.373195856415,Rotten,maize-storage-rules-v1,2025-11-07T08:01:49.411779Z,True
XllXiXsJW8mi0ZTA30xZ,24.0,61.0,118.0,OK,2025-10-21T14:29:13.000Z,23.701788952005938,60.22006308078814,350.0,Normal,maize-storage-rules-v1,2025-11-07T08:01:49.411779Z,True
jgZElr4xQqtRBVqwHjKs,26.1,63.0,187.0,OK,2025-11-07T03:34:11.000Z,26.388820967067826,63.45710162896573,350.0,Almost Rotten,maize-storage-rules-v1,2025-11-07T08:01:49.411779Z,True
nlbCkdFDF57IOPmApyoK,24.5,69.0,320.0,OK,2025-11-06T16:33:35.000Z,24.98295179812504,68.56478941724339,350.0,Almost Rotten,maize-storage-rules-v1,2025-11-07T08:01:49.411779Z,True
u4m1zxj6zxgHRiHrCrmN,23.5,69.0,293.0,OK,2025-11-07T04:22:33.000Z,23.43066955098925,69.52752436012358,350.0,Almost Rotten,maize-storage-rules-v1,2025-11-07T08:01:49.411779Z,True
86jJnK2K4Swlh0YvgY53,25.4,69.0,610.0,OK,2025-11-06T16:19:57.000Z,25.709262097194227,67.64065306925468,602.0954570053955,Almost Rotten,maize-storage-rules-v1,2025-11-07T08:01:49.411779Z,True
vx5tTWOKdZVfs4qTm0hE,24.5,67.0,278.0,OK,2025-11-06T16:36:06.000Z,24.721186951308084,68.12418846680706,350.0,Almost Rotten,maize-storage-rules-v1,2025-11-07T08:01:49.411779Z,True
S8qLTV2uwLslzD8DFusV,24.5,69.0,393.0,OK,2025-11-06T16:29:51.000Z,24.262302920137486,68.55008306807237,393.3152060999213,Almost Rotten,maize-storage-rules-v1,2025-11-07T08:01:49.411779Z,True
7mpM2MjXH7WQQLhJxRzh,24.7,68.0,163.0,OK,2025-11-06T17:11:17.000Z,25.173815832419557,69.30907214526171,350.0,Almost Rotten,maize-storage-rules-v1,2025-11-07T08:01:49.411779Z,True
BM96Uue8RULkp35S6z5p,24.2,59.0,144.0,NORMAL,2025-10-21T13:46:58.000Z,24.01095405644049,57.85836677934682,350.0,Normal,maize-storage-rules-v1,2025-11-07T08:01:49.411779Z,True
L9hWLpxVPyzVYO3momaB,25.3,69.0,880.0,OK,2025-11-06T16:14:23.000Z,25.78497532931177,68.45146708287169,867.8389177270964,Almost Rotten,maize-storage-rules-v1,2025-11-07T08:01:49.411779Z,True
JUdaSCS5lhXnxhaWlZpc,25.4,68.0,624.0,OK,2025-11-06T16:19:20.000Z,25.502345661564444,67.19128358300019,628.1412309270382,Almost Rotten,maize-storage-rules-v1,2025-11-07T08:01:49.411779Z,True
r2FfHOErzLrqXDeyVimQ,27.1,62.0,1520.0,OK,2025-11-06T15:54:12.000Z,26.87980543829004,62.80983869649408,1540.216451310911,Rotten,maize-storage-rules-v1,2025-11-07T08:01:49.411779Z,True
8TFEtPRL7jrih3T1KaUk,24.2,59.0,238.0,NORMAL,2025-10-21T13:34:12.000Z,24.29068418032343,58.39732003331131,350.0,Normal,maize-storage-rules-v1,2025-11-07T08:01:49.411779Z,True
7hYgrCfIFEDYeTmliwIe,24.4,60.0,107.0,NORMAL,2025-10-21T14:05:32.000Z,24.00873442618196,59.05993949085358,350.0,Normal,maize-storage-rules-v1,2025-11-07T08:01:49.411779Z,True
rXwjlH4bLQDbIDDidF2T,26.3,62.0,145.0,OK,2025-11-07T03:40:30.000Z,26.73110705049646,62.57380084169061,350.0,Almost Rotten,maize-storage-rules-v1,2025-11-07T08:01:49.411779Z,True
eQBo19jZN6ZbiMv8joaL,24.7,69.0,175.0,OK,2025-11-06T17:01:44.000Z,24.29868213011963,69.59025549077683,350.0,Almost Rotten,maize-storage-rules-v1,2025-11-07T08:01:49.411779Z,True
WHZelvQNNZUek5BK6B2O,24.8,68.0,166.0,OK,2025-11-06T17:10:12.000Z,24.76396630896405,69.20868427610915,350.0,Almost Rotten,maize-storage-rules-v1,2025-11-07T08:01:49.411779Z,True
aE3BHesDodK0bVSM1Ub2,24.7,69.0,187.0,OK,2025-11-06T16:54:53.000Z,24.33558130715449,67.88353421700744,350.0,Almost Rotten,maize-storage-rules-v1,2025-11-07T08:01:49.411779Z,True
wwctcyqmxx4BCkduGalw,21.2,68.0,2407.0,OK,2025-10-28T08:44:42.000Z,20.96403381351626,66.79092188334613,2379.488550632034,Rotten,maize-storage-rules-v1,2025-11-07T08:01:49.411779Z,True
M9ehMnZQfML2jJ2VJ8O1,25.0,64.0,301.0,OK,2025-11-07T03:58:45.000Z,24.63779353592781,65.2491236580158,350.0,Almost Rotten,maize-storage-rules-v1,2025-11-07T08:01:49.411779Z,True
cGA5Ie3WLSXPzAiFK482,24.7,67.0,153.0,OK,2025-11-06T17:15:23.000Z,24.39561810747415,67.59945794202018,350.0,Almost Rotten,maize-storage-rules-v1,2025-11-07T08:01:49.411779Z,True
OzwtNqtjyU0uKqQ27DpE,23.9,60.0,80.0,OK,2025-10-21T14:32:23.000Z,24.244762663734697,59.223504339526336,350.0,Normal,maize-storage-rules-v1,2025-11-07T08:01:49.411779Z,True
zwO33QHfHLlGxSeAx9iO,21.9,66.0,587.0,OK,2025-10-28T13:32:40.000Z,22.033648912547964,66.08045432539751,587.1153980287667,Almost Rotten,maize-storage-rules-v1,2025-11-07T08:01:49.411779Z,True
0713Hkvux8JTYU2zLhx1,26.4,63.0,1949.0,OK,2025-11-06T15:49:42.000Z,26.90225720332841,62.77623200616321,1985.970256127841,Rotten,maize-storage-rules-v1,2025-11-07T08:01:49.411779Z,True
ZKzUGlCtQvwxQgVvl2sj,24.2,60.0,373.0,NORMAL,2025-10-21T13:32:12.000Z,24.13983063557421,60.11319905026584,365.9235002719031,Normal,maize-storage-rules-v1,2025-11-07T08:01:49.411779Z,True
b4SKeu9F6kKbMCm46mHm,23.6,69.0,202.0,OK,2025-11-07T04:22:52.000Z,23.83768098951386,67.712414650432,350.0,Almost Rotten,maize-storage-rules-v1,2025-11-07T08:01:49.411779Z,True
Q3MwXs6bY5kjsOwN1mr0,24.5,68.0,285.0,OK,2025-11-06T16:35:12.000Z,24.85335852090849,68.11571987324928,350.0,Almost Rotten,maize-storage-rules-v1,2025-11-07T08:01:49.411779Z,True
jzKjjKAxrvggg0msTS2w,25.4,69.0,891.0,OK,2025-11-06T16:13:51.000Z,24.935232646729123,69.00871842860825,884.0358139613313,Almost Rotten,maize-storage-rules-v1,2025-11-07T08:01:49.411779Z,True
F92F2BoaP5MGkCqppwQc,26.2,63.0,172.0,OK,2025-11-07T03:37:37.000Z,26.69236624230744,61.89767921193232,350.0,Almost Rotten,maize-storage-rules-v1,2025-11-07T08:01:49.411779Z,True
FL0ltJhIVnhNSyTyclGR,24.0,59.0,147.0,NORMAL,2025-10-21T13:49:59.000Z,23.96637451794591,58.48218914445729,350.0,Normal,maize-storage-rules-v1,2025-11-07T08:01:49.411779Z,True
SCWzGKvevv8w4VesBhkw,24.4,60.0,106.0,NORMAL,2025-10-21T14:04:24.000Z,24.115378237240574,60.70182024080444,350.0,Normal,maize-storage-rules-v1,2025-11-07T08:01:49.411779Z,True
pjB6K0VGlKcvJhu1z35Y,26.1,70.0,175.0,OK,2025-10-21T10:45:18.000Z,26.58816711914136,69.80570772694634,350.0,Almost Rotten,maize-storage-rules-v1,2025-11-07T08:01:49.411779Z,True
6vg8FwWY2gnP2EzkwwQK,24.4,66.0,285.0,OK,2025-11-07T04:02:34.000Z,24.810867181147756,65.88884905614366,350.0,Almost Rotten,maize-storage-rules-v1,2025-11-07T08:01:49.411779Z,True
MFl6JVoY1ff4idZ2X1fI,24.7,69.0,177.0,OK,2025-11-06T16:58:29.000Z,24.364388280682476,70.01633999439962,350.0,Rotten,maize-storage-rules-v1,2025-11-07T08:01:49.411779Z,True
K6TuF98SZAbMJIN17j0D,26.4,62.0,157.0,OK,2025-11-07T03:42:06.000Z,26.499863394988758,62.29767822592494,350.0,Almost Rotten,maize-storage-rules-v1,2025-11-07T08:01:49.411779Z,True
LI1dVAbzvgpmDDnUEItL,24.0,61.0,102.0,OK,2025-10-21T14:30:13.000Z,24.10439148374232,60.77918570194911,350.0,Normal,maize-storage-rules-v1,2025-11-07T08:01:49.411779Z,True
mtAKgEtvSFV8vwfrUb6L,24.2,59.0,131.0,NORMAL,2025-10-21T13:47:36.000Z,24.20233577783475,59.982782465112216,350.0,Normal,maize-storage-rules-v1,2025-11-07T08:01:49.411779Z,True
q7Seh5vlW2Y4DlBZq3ys,24.8,67.0,153.0,OK,2025-11-06T17:12:21.000Z,24.37098709590271,65.70509351719757,350.0,Almost Rotten,maize-storage-rules-v1,2025-11-07T08:01:49.411779Z,True
5b6lh53lu7cHPRIl56Sh,25.1,67.0,3216.0,OK,2025-11-06T15:45:58.000Z,25.52927280121053,65.76705652785523,3180.817678059627,Rotten,maize-storage-rules-v1,2025-11-07T08:01:49.411779Z,True
muQ6zpsKg9zodxEPxouz,26.3,63.0,307.0,OK,2025-11-07T03:23:19.000Z,26.795634179696048,62.886018617038495,350.0,Almost Rotten,maize-storage-rules-v1,2025-11-07T08:01:49.411779Z,True
N3yipjI37XG5xUlrE5PU,24.8,68.0,145.0,OK,2025-11-06T17:08:24.000Z,24.46626826268843,69.1002572731409,350.0,Almost Rotten,maize-storage-rules-v1,2025-11-07T08:01:49.411779Z,True
QFXrisuOaYfeagnuxuTL,23.7,68.0,287.0,OK,2025-11-07T04:13:27.000Z,23.35713595847001,67.80967226943582,350.0,Almost Rotten,maize-storage-rules-v1,2025-11-07T08:01:49.411779Z,True
cSNtgoub8jJ0xNKpYYCN,26.4,62.0,157.0,OK,2025-11-07T03:42:01.000Z,26.16367497581013,61.268525484337495,350.0,Almost Rotten,maize-storage-rules-v1,2025-11-07T08:01:49.411779Z,True
W8hZyip2rPe69D4TXhjg,26.4,62.0,153.0,OK,2025-11-07T03:47:16.000Z,26.711256589688958,62.94666416972144,350.0,Almost Rotten,maize-storage-rules-v1,2025-11-07T08:01:49.411779Z,True
P9CfbhZXJCqzn8Wm3yBI,24.2,59.0,125.0,NORMAL,2025-10-21T13:57:33.000Z,23.91204169087061,58.54982935415333,350.0,Normal,maize-storage-rules-v1,2025-11-07T08:01:49.411779Z,True
tSw7Ho1ousF9MpUjJfJk,24.2,59.0,122.0,NORMAL,2025-10-21T13:57:12.000Z,23.918272900045107,58.19983591965236,350.0,Normal,maize-storage-rules-v1,2025-11-07T08:01:49.411779Z,True
YVto7fmkH4J2xjzq79Fd,24.0,61.0,118.0,OK,2025-10-21T14:29:18.000Z,24.268675050117416,61.98178260544206,350.0,Normal,maize-storage-rules-v1,2025-11-07T08:01:49.411779Z,True
FCCuhsiWwpo5b8amj4sn,24.4,60.0,133.0,NORMAL,2025-10-21T13:59:25.000Z,24.193310767596195,59.02884828763887,350.0,Normal,maize-storage-rules-v1,2025-11-07T08:01:49.411779Z,True
R3sVq7PHJfiwqVztiCCo,25.3,65.0,346.0,OK,2025-11-07T03:09:11.000Z,25.782384047155187,65.66799069388345,350.0,Almost Rotten,maize-storage-rules-v1,2025-11-07T08:01:49.411779Z,True
rznjtaMpPgM4egs2ArQx,26.5,62.0,135.0,OK,2025-11-07T03:50:50.000Z,26.415435827774385,62.13496060166602,350.0,Almost Rotten,maize-storage-rules-v1,2025-11-07T08:01:49.411779Z,True
40z4LaUxbcc5ihuZu6sU,24.1,67.0,322.0,OK,2025-11-07T04:05:35.000Z,23.65406570415384,67.46673022034783,350.0,Almost Rotten,maize-storage-rules-v1,2025-11-07T08:01:49.411779Z,True
EN3aJn2WTs2QQzXVKlWW,26.5,62.0,153.0,OK,2025-11-07T03:48:20.000Z,26.39246565710363,60.770821781356496,350.0,Almost Rotten,maize-storage-rules-v1,2025-11-07T08:01:49.411779Z,True
DiAChHnsVQ3LcNBKcVAV,24.6,68.0,205.0,OK,2025-11-06T16:45:49.000Z,24.63889499629749,68.27418929842563,350.0,Almost Rotten,maize-storage-rules-v1,2025-11-07T08:01:49.411779Z,True
uAui8jkE9eUZTACiaRmS,26.2,62.0,230.0,OK,2025-11-07T03:25:16.000Z,26.188365419941263,62.59971586566083,350.0,Almost Rotten,maize-storage-rules-v1,2025-11-07T08:01:49.411779Z,True
Vz0W8phHT97CrxIqdFAS,24.5,68.0,259.0,OK,2025-11-06T16:38:10.000Z,24.972501410391487,66.89355353845549,350.0,Almost Rotten,maize-storage-rules-v1,2025-11-07T08:01:49.411779Z,True
MiBf3mb4KqEVjOg9Lov5,21.0,69.0,3279.0,OK,2025-10-28T08:43:13.000Z,21.29512110549785,70.06505279859799,3238.408567391668,Rotten,maize-storage-rules-v1,2025-11-07T08:01:49.411779Z,True
Bh89bUugnWJKaSQ1g4p2,24.0,59.0,128.0,NORMAL,2025-10-21T13:50:09.000Z,23.975167368086566,58.088821121372895,350.0,Normal,maize-storage-rules-v1,2025-11-07T08:01:49.411779Z,True
yK0ggzPXxMR8O8AmayQj,24.1,67.0,317.0,OK,2025-11-07T04:05:47.000Z,24.52132846678403,65.72110466350092,350.0,Almost Rotten,maize-storage-rules-v1,2025-11-07T08:01:49.411779Z,True
18sENbkyM6m753KUj8Qh,24.7,66.0,144.0,OK,2025-11-06T17:16:37.000Z,24.88030555792728,66.95812562988075,350.0,Almost Rotten,maize-storage-rules-v1,2025-11-07T08:01:49.411779Z,True
Aw3GyDiEoqKaplI6jjNQ,25.9,66.0,1121.0,OK,2025-11-06T16:11:14.000Z,26.39730815801814,64.93751802588068,1124.60544253433,Almost Rotten,maize-storage-rules-v1,2025-11-07T08:01:49.411779Z,True
AXDEri7Vh1nOb379D8wg,23.6,69.0,251.0,OK,2025-11-07T04:21:59.000Z,23.83145759314243,68.25508470519826,350.0,Almost Rotten,maize-storage-rules-v1,2025-11-07T08:01:49.411779Z,True
nCJa2cgoVXzasMjeFzjA,27.3,60.0,1642.0,OK,2025-11-06T15:52:02.000Z,27.041715167582737,61.06587627719167,1658.8694510694645,Rotten,maize-storage-rules-v1,2025-11-07T08:01:49.411779Z,True
v86t8fnnP17NUas8xYUg,24.0,67.0,275.0,OK,2025-11-07T04:06:53.000Z,23.58898767920732,66.4832990381346,350.0,Almost Rotten,maize-storage-rules-v1,2025-11-07T08:01:49.411779Z,True
hIIZAlO3val7CzaC47Jw,26.5,62.0,144.0,OK,2025-11-07T03:50:45.000Z,26.44761105141693,61.1024997499145,350.0,Almost Rotten,maize-storage-rules-v1,2025-11-07T08:01:49.411779Z,True
37NZgAVMKlUizccFc0Iu,23.6,69.0,258.0,OK,2025-11-07T04:20:47.000Z,24.0013133917477,69.78579658935928,350.0,Almost Rotten,maize-storage-rules-v1,2025-11-07T08:01:49.411779Z,True
q3V2ZEXSOBsXvphvU9kx,21.6,66.0,640.0,OK,2025-10-28T13:26:06.000Z,21.87293865016012,65.9764560219457,647.4150787963354,Almost Rotten,maize-storage-rules-v1,2025-11-07T08:01:49.411779Z,True
3KY5ruaqGPA3pHB7t0gI,26.7,70.0,2152.0,OK,2025-10-25T10:26:15.000Z,26.190354534259715,68.6075803662922,2121.561236470525,Rotten,maize-storage-rules-v1,2025-11-07T08:01:49.411779Z,True
x5abVUNt8oTdMUQeRqJ6,23.6,68.0,272.0,OK,2025-11-07T04:19:09.000Z,23.44763032239101,69.14762599250606,350.0,Almost Rotten,maize-storage-rules-v1,2025-11-07T08:01:49.411779Z,True
fCHzafyXRZaWBJGe3sDJ,24.8,68.0,144.0,OK,2025-11-06T17:08:08.000Z,24.330964676429605,66.70785779488209,350.0,Almost Rotten,maize-storage-rules-v1,2025-11-07T08:01:49.411779Z,True
ChmFAAIOWDCXJmdQv8Jc,24.5,67.0,229.0,OK,2025-11-06T16:40:57.000Z,24.68391174818277,66.1772601969055,350.0,Almost Rotten,maize-storage-rules-v1,2025-11-07T08:01:49.411779Z,True
R0Xitmmw5uo66TOcT7Pf,24.5,61.0,112.0,NORMAL,2025-10-21T14:01:56.000Z,24.72328643298934,61.51147160412162,350.0,Normal,maize-storage-rules-v1,2025-11-07T08:01:49.411779Z,True
5vN7HBQNf6Qb4OmRJiaG,24.8,69.0,173.0,OK,2025-11-06T17:02:38.000Z,24.93290331078764,70.25817507436143,350.0,Rotten,maize-storage-rules-v1,2025-11-07T08:01:49.411779Z,True
2XN6zap4y3Soxuj0FQYM,26.2,63.0,205.0,OK,2025-11-07T03:30:52.000Z,26.283022108251107,62.16938660307974,350.0,Almost Rotten,maize-storage-rules-v1,2025-11-07T08:01:49.411779Z,True
tvtKubVFflhfkbRc3FTp,23.5,69.0,259.0,OK,2025-11-07T04:22:22.000Z,23.71032057278033,68.13849560193155,350.0,Almost Rotten,maize-storage-rules-v1,2025-11-07T08:01:49.411779Z,True
6sAkrVTLUeZD7o6i8P3P,24.5,69.0,326.0,OK,2025-11-06T16:33:01.000Z,24.153249779308844,70.21314376055155,350.0,Rotten,maize-storage-rules-v1,2025-11-07T08:01:49.411779Z,True
F3Nub0MYANFO33WfhSlZ,24.8,69.0,155.0,OK,2025-11-06T17:06:22.000Z,24.74056798993115,70.18193866878958,350.0,Rotten,maize-storage-rules-v1,2025-11-07T08:01:49.411779Z,True
lfjb386C0VmZUfSl7HrZ,26.5,62.0,154.0,OK,2025-11-07T03:51:38.000Z,26.131851541871907,62.37621292209956,350.0,Almost Rotten,maize-storage-rules-v1,2025-11-07T08:01:49.411779Z,True
8XFi2Tuy5P0TdyeKIOeh,24.2,58.0,215.0,NORMAL,2025-10-21T13:35:38.000Z,24.485671164135624,59.12897212865792,350.0,Normal,maize-storage-rules-v1,2025-11-07T08:01:49.411779Z,True
RI6UNBt6fWCqMyyOeiR7,24.5,68.0,225.0,OK,2025-11-06T16:41:03.000Z,24.41833267807908,67.84010617254296,350.0,Almost Rotten,maize-storage-rules-v1,2025-11-07T08:01:49.411779Z,True
uwjOyiWIJS80D1Mwia3f,25.4,68.0,704.0,OK,2025-11-06T16:18:25.000Z,25.045010203846655,67.20652158486538,692.0505704675219,Almost Rotten,maize-storage-rules-v1,2025-11-07T08:01:49.411779Z,True
xVwi1DmPBPFIDHefWDds,24.3,59.0,175.0,NORMAL,2025-10-21T13:39:38.000Z,24.60689017775563,59.51285329614712,350.0,Normal,maize-storage-rules-v1,2025-11-07T08:01:49.411779Z,True
1UFiRh2upUU69k7AvhUO,26.0,68.0,1424.0,OK,2025-11-06T16:10:07.000Z,26.06157544717523,67.71862340609447,1429.8149225690563,Rotten,maize-storage-rules-v1,2025-11-07T08:01:49.411779Z,True
K12xqV88tB0YveyeW2rp,24.2,58.0,242.0,NORMAL,2025-10-21T13:34:01.000Z,23.83884885630192,57.073882396500125,350.0,Normal,maize-storage-rules-v1,2025-11-07T08:01:49.411779Z,True
2gQb9PnNuiNWUbr9yIw5,27.2,60.0,1582.0,OK,2025-11-06T15:53:39.000Z,27.33851201868426,60.86535253265672,1568.1902130912515,Rotten,maize-storage-rules-v1,2025-11-07T08:01:49.411779Z,True
f2j6yDTGiBr7SzV1oHpW,26.2,62.0,208.0,OK,2025-11-07T03:20:16.000Z,25.90228918037197,60.927697618920654,350.0,Almost Rotten,maize-storage-rules-v1,2025-11-07T08:01:49.411779Z,True
fgUGQyKStvsI3hZXUSPI,26.5,62.0,141.0,OK,2025-11-07T03:50:08.000Z,26.11948893794701,60.92950276818116,350.0,Almost Rotten,maize-storage-rules-v1,2025-11-07T08:01:49.411779Z,True
vHlbDtg9jkNzVK8Shduv,24.7,68.0,163.0,OK,2025-11-06T17:00:24.000Z,24.79404707989992,66.92043055863205,350.0,Almost Rotten,maize-storage-rules-v1,2025-11-07T08:01:49.411779Z,True
4wRDntMBrPAc1UfrbXE6,25.2,64.0,307.0,OK,2025-11-07T03:58:09.000Z,24.850510591157487,63.70666043249004,350.0,Normal,maize-storage-rules-v1,2025-11-07T08:01:49.411779Z,True
WoU5XbtnvxEONEj96Ey0,24.6,67.0,208.0,OK,2025-11-06T16:43:49.000Z,24.18744351552269,68.2163177050664,350.0,Almost Rotten,maize-storage-rules-v1,2025-11-07T08:01:49.411779Z,True
zXu2qJxGuJs1uMobxtMb,24.4,61.0,109.0,NORMAL,2025-10-21T14:06:23.000Z,24.644984542813376,61.600927623074256,350.0,Normal,maize-storage-rules-v1,2025-11-07T08:01:49.411779Z,True
SNL1eI7hKomdaQHSAy6Q,26.1,66.0,1181.0,OK,2025-11-06T16:01:10.000Z,25.988206576471747,67.21499665194064,1198.5728011623164,Rotten,maize-storage-rules-v1,2025-11-07T08:01:49.411779Z,True
Y7HQvLwtsQZGQ8ReykzT,24.4,66.0,286.0,OK,2025-11-07T04:02:18.000Z,24.03588881062793,66.29626971539092,350.0,Almost Rotten,maize-storage-rules-v1,2025-11-07T08:01:49.411779Z,True
d2SKaHLudHWDPKfMValu,24.5,68.0,231.0,OK,2025-11-06T16:41:40.000Z,24.914880028371297,68.63190610829646,350.0,Almost Rotten,maize-storage-rules-v1,2025-11-07T08:01:49.411779Z,True
IPuv7ZzsxvUk2N1LH1fm,24.7,67.0,160.0,OK,2025-11-06T17:13:42.000Z,24.708069347543123,67.05566522933057,350.0,Almost Rotten,maize-storage-rules-v1,2025-11-07T08:01:49.411779Z,True
f1uoAjEdTliQiZp5RsHA,25.4,68.0,687.0,OK,2025-11-06T16:18:47.000Z,25.791876453592096,69.19603907462202,680.4190182946908,Almost Rotten,maize-storage-rules-v1,2025-11-07T08:01:49.411779Z,True
2QdW18OvoOtdcJgLRePl,27.7,64.0,1360.0,OK,2025-10-23T15:12:58.000Z,28.14608345537058,64.53646951410745,1337.8352062673653,Rotten,maize-storage-rules-v1,2025-11-07T08:01:49.411779Z,True
ieYtO5M643thBlYP4xzh,23.6,68.0,259.0,OK,2025-11-07T04:20:04.000Z,23.605194661473075,68.42043030827884,350.0,Almost Rotten,maize-storage-rules-v1,2025-11-07T08:01:49.411779Z,True
Ki8AVm6csVl2UgBX8bmv,24.5,73.0,3169.0,OK,2025-10-25T10:25:38.000Z,24.409802201753354,71.56068923417625,3108.2356023510056,Rotten,maize-storage-rules-v1,2025-11-07T08:01:49.411779Z,True
Hg91fFQ4SqqaXn3CsvTv,23.8,67.0,241.0,OK,2025-11-07T04:08:24.000Z,23.421003237763447,67.12342489888485,350.0,Almost Rotten,maize-storage-rules-v1,2025-11-07T08:01:49.411779Z,True
R0GjBE9ahnrgjXloJ8xU,24.8,67.0,528.0,OK,2025-11-06T16:26:51.000Z,24.398437494265178,66.32710747400988,535.71387619351,Almost Rotten,maize-storage-rules-v1,2025-11-07T08:01:49.411779Z,True
o9ClG1DEYf1xH6kqFbOV,26.2,63.0,183.0,OK,2025-11-07T03:33:40.000Z,25.71038487947362,62.6088108087942,350.0,Almost Rotten,maize-storage-rules-v1,2025-11-07T08:01:49.411779Z,True
rvrdnHJR4zBhnaIk9DL6,26.0,67.0,1274.0,OK,2025-11-06T16:10:35.000Z,26.35615320151077,66.8459739346964,1294.7007539344547,Rotten,maize-storage-rules-v1,2025-11-07T08:01:49.411779Z,True
NMvVzVtziA1HMisFpjvU,25.8,64.0,2155.0,OK,2025-11-06T15:48:31.000Z,26.23412716573832,64.68029211523856,2197.2918554643643,Rotten,maize-storage-rules-v1,2025-11-07T08:01:49.411779Z,True
iKPozvLpZVn4c4zIExTe,24.2,59.0,123.0,NORMAL,2025-10-21T13:56:29.000Z,24.009499610182285,58.17708645868149,350.0,Normal,maize-storage-rules-v1,2025-11-07T08:01:49.411779Z,True
4okv0W63o6G76HVv0MhC,23.7,68.0,250.0,OK,2025-11-07T04:11:00.000Z,23.933956551558875,67.59583751580675,350.0,Almost Rotten,maize-storage-rules-v1,2025-11-07T08:01:49.411779Z,True
cepO7xgjlXGAqz16rykm,24.3,60.0,174.0,NORMAL,2025-10-21T13:42:01.000Z,24.01617412764462,59.24525805511658,350.0,Normal,maize-storage-rules-v1,2025-11-07T08:01:49.411779Z,True
hBZNcDlOBplQ4H3aQAvC,21.6,66.0,643.0,OK,2025-10-28T13:26:22.000Z,21.230078689860107,65.48508255629787,655.0254375755973,Almost Rotten,maize-storage-rules-v1,2025-11-07T08:01:49.411779Z,True
nTv8uH6TsURXTTZMaxcG,21.6,66.0,641.0,OK,2025-10-28T13:26:33.000Z,21.59533459351393,66.5993215569485,631.1726638957316,Almost Rotten,maize-storage-rules-v1,2025-11-07T08:01:49.411779Z,True
snd7Qq8OpiWswkNHM3BI,24.6,67.0,233.0,OK,2025-11-06T16:40:52.000Z,24.99175015921308,67.56324740053651,350.0,Almost Rotten,maize-storage-rules-v1,2025-11-07T08:01:49.411779Z,True
bAaC6PC1knHrxI2bOTpN,24.7,68.0,200.0,OK,2025-11-06T16:53:22.000Z,24.50532905329125,68.51791005587874,350.0,Almost Rotten,maize-storage-rules-v1,2025-11-07T08:01:49.411779Z,True
3T07gbHpw7VocyA3xryk,24.6,68.0,240.0,OK,2025-11-06T16:39:32.000Z,24.18940631992368,67.37996291456327,350.0,Almost Rotten,maize-storage-rules-v1,2025-11-07T08:01:49.411779Z,True
4HdJJ8YjSJUIrHOV2N3r,24.4,66.0,288.0,OK,2025-11-07T04:02:45.000Z,24.414695758130154,65.85550083023838,350.0,Almost Rotten,maize-storage-rules-v1,2025-11-07T08:01:49.411779Z,True
MK3abyDO2vSdmxe1Fpeh,26.2,62.0,385.0,OK,2025-11-07T03:54:33.000Z,25.986242440329704,61.83216673375539,378.1614894592065,Almost Rotten,maize-storage-rules-v1,2025-11-07T08:01:49.411779Z,True
2o7DApefvFKhLMrbpfGD,26.4,62.0,160.0,OK,2025-11-07T03:41:50.000Z,26.55823801124189,62.00788274627773,350.0,Almost Rotten,maize-storage-rules-v1,2025-11-07T08:01:49.411779Z,True
rPW23fosJvJBKfPpjZAy,24.7,65.0,132.0,OK,2025-11-06T17:20:32.000Z,24.54723879245146,64.72658632102164,350.0,Normal,maize-storage-rules-v1,2025-11-07T08:01:49.411779Z,True
vXexl22Kcnzmgk7c0iBI,24.6,69.0,219.0,OK,2025-11-06T16:51:45.000Z,24.778985570586,68.83326115583169,350.0,Almost Rotten,maize-storage-rules-v1,2025-11-07T08:01:49.411779Z,True
0LIa5rV8QAfr4Zh7pTNW,26.4,62.0,162.0,OK,2025-11-07T03:42:38.000Z,26.745978517624163,62.67677981599525,350.0,Almost Rotten,maize-storage-rules-v1,2025-11-07T08:01:49.411779Z,True
JXPfndledGE6R7f8JJrB,25.0,59.0,4095.0,OK,2025-10-23T14:24:18.000Z,24.7163556952254,59.43718393976949,4095.142297896485,Rotten,maize-storage-rules-v1,2025-11-07T08:01:49.411779Z,True
rC7YUkeknDfA8axPillO,24.7,66.0,155.0,OK,2025-11-06T17:13:14.000Z,24.45749472285176,65.00464283974861,350.0,Almost Rotten,maize-storage-rules-v1,2025-11-07T08:01:49.411779Z,True
OYXGD52VjrBbhv6Cm7RX,24.2,59.0,133.0,NORMAL,2025-10-21T13:47:41.000Z,24.208648258895312,59.40695739043163,350.0,Normal,maize-storage-rules-v1,2025-11-07T08:01:49.411779Z,True
gbhc5PQ4PdeEYw6VBRcp,26.5,62.0,154.0,OK,2025-11-07T03:47:33.000Z,26.113184579750573,62.63615935176045,350.0,Almost Rotten,maize-storage-rules-v1,2025-11-07T08:01:49.411779Z,True
7M9wNV8JGCuwDd9CCa4y,23.5,69.0,187.0,OK,2025-11-07T04:23:43.000Z,23.400012629422108,69.33522520194536,350.0,Almost Rotten,maize-storage-rules-v1,2025-11-07T08:01:49.411779Z,True
UtafXmLXg4QL8Ai3vkDu,25.6,66.0,976.0,OK,2025-11-06T16:12:40.000Z,25.25804813559191,66.04186891628336,982.2096724486116,Almost Rotten,maize-storage-rules-v1,2025-11-07T08:01:49.411779Z,True
bDqY52dEN2TcnWP70oqY,24.7,67.0,150.0,OK,2025-11-06T17:15:01.000Z,24.95999762394206,66.32996450079641,350.0,Almost Rotten,maize-storage-rules-v1,2025-11-07T08:01:49.411779Z,True
RqOrbsEgEVfJR39vxkZh,26.0,62.0,313.0,OK,2025-11-07T03:55:31.000Z,25.63273828421426,61.16939493317777,350.0,Almost Rotten,maize-storage-rules-v1,2025-11-07T08:01:49.411779Z,True
Bj6TGt7GnlpL2bKH9fvU,26.2,62.0,182.0,OK,2025-11-07T03:32:53.000Z,25.91242132587801,62.39509920587281,350.0,Almost Rotten,maize-storage-rules-v1,2025-11-07T08:01:49.411779Z,True
hkd3VQDt2dE1IiBiDT2U,26.1,63.0,205.0,OK,2025-11-07T03:17:28.000Z,26.247790024306784,63.95234271700178,350.0,Almost Rotten,maize-storage-rules-v1,2025-11-07T08:01:49.411779Z,True
UqVS3K0DXooKjaFUhRmV,24.8,67.0,147.0,OK,2025-11-06T17:08:36.000Z,24.64696495931653,66.3427900965814,350.0,Almost Rotten,maize-storage-rules-v1,2025-11-07T08:01:49.411779Z,True
lQSVP2GjTsezmezEZB3D,24.4,60.0,110.0,NORMAL,2025-10-21T14:02:20.000Z,24.375898283054397,60.92052337500322,350.0,Normal,maize-storage-rules-v1,2025-11-07T08:01:49.411779Z,True
TKbjcsIN90o4h2zfsjet,24.6,69.0,193.0,OK,2025-11-06T16:50:57.000Z,24.52397028972371,68.76192881696042,350.0,Almost Rotten,maize-storage-rules-v1,2025-11-07T08:01:49.411779Z,True
QQTUzQVzioHV7j5w5wG8,25.6,64.0,286.0,OK,2025-11-07T03:11:12.000Z,25.72254057059314,64.43543852582035,350.0,Almost Rotten,maize-storage-rules-v1,2025-11-07T08:01:49.411779Z,True
JBzqO3aHP28285Uj6mX0,25.0,69.0,1168.0,OK,2025-11-06T16:25:36.000Z,24.504741392911875,68.83727558790409,1177.081574402566,Rotten,maize-storage-rules-v1,2025-11-07T08:01:49.411779Z,True
OgUqQgDQUMGx2u0fq1YI,26.3,62.0,307.0,OK,2025-11-07T03:21:39.000Z,26.47619939915039,62.79887563928218,350.0,Almost Rotten,maize-storage-rules-v1,2025-11-07T08:01:49.411779Z,True
BOpoNsPCiVLWENId0VPJ,24.2,58.0,225.0,NORMAL,2025-10-21T13:34:39.000Z,24.130210310843545,59.07651178947472,350.0,Normal,maize-storage-rules-v1,2025-11-07T08:01:49.411779Z,True
9fFbk0HLz5dtk4Bb6CQp,25.6,68.0,570.0,OK,2025-11-06T16:20:35.000Z,25.100597950349933,68.30030790885905,574.9410565864409,Almost Rotten,maize-storage-rules-v1,2025-11-07T08:01:49.411779Z,True
2EFh7eBM7P54BUl8PB6V,26.5,62.0,148.0,OK,2025-11-07T03:47:38.000Z,26.25182215914709,60.83973049984939,350.0,Almost Rotten,maize-storage-rules-v1,2025-11-07T08:01:49.411779Z,True
xfDQcCbwPVFPKWt0SbuC,24.4,60.0,109.0,NORMAL,2025-10-21T14:05:56.000Z,23.961721430866948,59.79915237295632,350.0,Normal,maize-storage-rules-v1,2025-11-07T08:01:49.411779Z,True
1X4oWNmwUIUItc8W2woQ,23.6,69.0,258.0,OK,2025-11-07T04:21:33.000Z,23.33056793114164,69.84405481332773,350.0,Almost Rotten,maize-storage-rules-v1,2025-11-07T08:01:49.411779Z,True
NlnzvhKpmKPh4BLim7wj,27.7,65.0,480.0,OK,2025-10-23T15:13:25.000Z,27.45723319564828,63.81543297196753,482.1302214359412,Almost Rotten,maize-storage-rules-v1,2025-11-07T08:01:49.411779Z,True
QgT52GRi4flI7AV1kV2w,23.6,68.0,304.0,OK,2025-11-07T04:16:39.000Z,23.75429987482426,68.90403649502481,350.0,Almost Rotten,maize-storage-rules-v1,2025-11-07T08:01:49.411779Z,True
RTVSPvFQOHC4Y7NSdUfx,26.1,63.0,191.0,OK,2025-11-07T03:36:23.000Z,25.72824067870602,63.54688907136247,350.0,Almost Rotten,maize-storage-rules-v1,2025-11-07T08:01:49.411779Z,True
kRBqLoWAZJAhClG1kO96,26.2,71.0,223.0,OK,2025-10-21T10:43:17.000Z,26.113281783131903,71.76609047527585,350.0,Rotten,maize-storage-rules-v1,2025-11-07T08:01:49.411779Z,True
CdnrQBzr62zU6RouQ6CN,26.4,62.0,196.0,OK,2025-11-07T03:43:46.000Z,26.884101215031425,61.58429529488969,350.0,Almost Rotten,maize-storage-rules-v1,2025-11-07T08:01:49.411779Z,True
mIUQq6SBuA0VvaL1InRb,25.4,65.0,313.0,OK,2025-11-07T03:09:52.000Z,25.320020609726186,64.20737223975357,350.0,Almost Rotten,maize-storage-rules-v1,2025-11-07T08:01:49.411779Z,True
bY52BYlFCxjtgNa2t2GD,23.8,68.0,256.0,OK,2025-11-07T04:10:34.000Z,23.7628066843016,68.06468804468605,350.0,Almost Rotten,maize-storage-rules-v1,2025-11-07T08:01:49.411779Z,True
u4Bj2AkO6hwY7sVnGNzV,23.7,68.0,263.0,OK,2025-11-07T04:11:16.000Z,23.74576310532956,68.42321604816638,350.0,Almost Rotten,maize-storage-rules-v1,2025-11-07T08:01:49.411779Z,True
QKWJlpj7i77kFrfh38eU,24.5,68.0,217.0,OK,2025-11-06T16:45:27.000Z,24.98863732471168,68.50131182952896,350.0,Almost Rotten,maize-storage-rules-v1,2025-11-07T08:01:49.411779Z,True
9gEqh4djHBqQ5aRWZEZI,24.2,60.0,149.0,NORMAL,2025-10-21T13:44:39.000Z,24.15577978706281,60.69807631407184,350.0,Normal,maize-storage-rules-v1,2025-11-07T08:01:49.411779Z,True
3UOOUzx9xBVSRWhhYHN0,24.6,67.0,231.0,OK,2025-11-06T16:39:53.000Z,24.586871797544752,66.89290045954061,350.0,Almost Rotten,maize-storage-rules-v1,2025-11-07T08:01:49.411779Z,True
csGG54njdZsh8GaitSyK,21.6,66.0,717.0,OK,2025-10-28T13:25:33.000Z,21.91260765699304,66.27246030253424,729.5174122338394,Almost Rotten,maize-storage-rules-v1,2025-11-07T08:01:49.411779Z,True
akx1r5PWGLWqD3DxP6qd,26.3,62.0,144.0,OK,2025-11-07T03:40:25.000Z,26.560885615657973,61.82002439330429,350.0,Almost Rotten,maize-storage-rules-v1,2025-11-07T08:01:49.411779Z,True
U5CjIH6ysaEuznKs6kH7,26.3,63.0,158.0,OK,2025-11-07T03:29:19.000Z,26.380857728339468,61.94523505272686,350.0,Almost Rotten,maize-storage-rules-v1,2025-11-07T08:01:49.411779Z,True
b0dm6EiUiDgie8lySGk7,26.3,63.0,343.0,OK,2025-11-07T03:22:47.000Z,26.26579373547886,63.745185727755015,350.0,Almost Rotten,maize-storage-rules-v1,2025-11-07T08:01:49.411779Z,True
NOUbphttDxNr6pm4TTTp,26.3,64.0,1986.0,OK,2025-11-06T15:49:25.000Z,25.82671223756117,63.74834886528635,1974.8136126452891,Rotten,maize-storage-rules-v1,2025-11-07T08:01:49.411779Z,True
h74DkAAN4jq4sppsPS9G,24.6,68.0,221.0,OK,2025-11-06T16:46:05.000Z,24.591943580110303,68.09442947138977,350.0,Almost Rotten,maize-storage-rules-v1,2025-11-07T08:01:49.411779Z,True
mt5vBXbqzhpqUOWDrQZ6,21.8,66.0,621.0,OK,2025-10-28T13:30:59.000Z,21.733427265120127,65.0909825204103,621.9366166687347,Almost Rotten,maize-storage-rules-v1,2025-11-07T08:01:49.411779Z,True
AZ1VCO3Q3p5rrpwPx2di,26.0,63.0,240.0,OK,2025-11-07T03:12:41.000Z,25.64142151213873,63.29682055969916,350.0,Almost Rotten,maize-storage-rules-v1,2025-11-07T08:01:49.411779Z,True
esXAHUcKmzTx72tyARDG,26.2,62.0,183.0,OK,2025-11-07T03:32:48.000Z,26.091465174662325,61.259848208992494,350.0,Almost Rotten,maize-storage-rules-v1,2025-11-07T08:01:49.411779Z,True
4GCbtMdTF0OHBdaBHDdd,26.4,62.0,160.0,OK,2025-11-07T03:41:29.000Z,26.87826176119365,60.93968833451776,350.0,Almost Rotten,maize-storage-rules-v1,2025-11-07T08:01:49.411779Z,True
ijfvgqkNejwqxhPqZC7r,24.7,68.0,458.0,OK,2025-11-06T16:28:14.000Z,24.532708872982997,67.88901338028242,457.3004092953609,Almost Rotten,maize-storage-rules-v1,2025-11-07T08:01:49.411779Z,True
1o2mtFBLXRv0SvVTqCON,25.9,67.0,1145.0,OK,2025-11-06T15:59:49.000Z,25.40552970776668,66.5748943644056,1139.589893877332,Rotten,maize-storage-rules-v1,2025-11-07T08:01:49.411779Z,True
vxWSNckBdRTtfUDkFV57,24.0,61.0,183.0,OK,2025-10-21T14:27:42.000Z,23.585876022824504,61.82943918984113,350.0,Normal,maize-storage-rules-v1,2025-11-07T08:01:49.411779Z,True
F0lYT7ezN86NuiBjk8uw,25.2,67.0,3021.0,OK,2025-11-06T15:46:15.000Z,25.569735849768023,68.13294077681145,3023.341410001406,Rotten,maize-storage-rules-v1,2025-11-07T08:01:49.411779Z,True
KFPobNdxVA2GL2Tp5SDD,26.2,62.0,187.0,OK,2025-11-07T03:26:29.000Z,26.55238494533105,62.86870353918536,350.0,Almost Rotten,maize-storage-rules-v1,2025-11-07T08:01:49.411779Z,True
2EphkQvGOH03JgXAajiV,26.0,67.0,1129.0,OK,2025-11-06T16:00:16.000Z,26.487943432441632,66.71404904831415,1136.5943980949598,Rotten,maize-storage-rules-v1,2025-11-07T08:01:49.411779Z,True
McRmwhQD0kzZm9OEIbM9,23.6,68.0,273.0,OK,2025-11-07T04:12:46.000Z,23.51840812715661,67.06008943028024,350.0,Almost Rotten,maize-storage-rules-v1,2025-11-07T08:01:49.411779Z,True
H835njg0ctwEults23Js,26.7,63.0,1358.0,OK,2025-11-06T15:56:54.000Z,26.51346603619181,61.96723338075352,1382.9770874051312,Rotten,maize-storage-rules-v1,2025-11-07T08:01:49.411779Z,True
lIdVPt5JQq7vHDPiRojP,26.2,62.0,187.0,OK,2025-11-07T03:32:37.000Z,25.833827005030667,62.42659899130297,350.0,Almost Rotten,maize-storage-rules-v1,2025-11-07T08:01:49.411779Z,True
VXaaYL666vcyArvKkNmF,26.1,70.0,175.0,OK,2025-10-21T10:45:13.000Z,25.583713925623357,70.12558009433049,350.0,Rotten,maize-storage-rules-v1,2025-11-07T08:01:49.411779Z,True
o4iYC5LL9EzPpmAEHtpz,26.2,62.0,140.0,OK,2025-11-07T03:39:38.000Z,25.927780897797064,62.16598438383328,350.0,Almost Rotten,maize-storage-rules-v1,2025-11-07T08:01:49.411779Z,True
BlI49kYLLK1oJv7PFQAI,24.8,69.0,159.0,OK,2025-11-06T17:07:04.000Z,25.00038616366149,68.49292004103053,350.0,Almost Rotten,maize-storage-rules-v1,2025-11-07T08:01:49.411779Z,True
GuQi3bQt1Rb6qkiLUr5L,24.7,69.0,182.0,OK,2025-11-06T16:55:53.000Z,24.223456755627915,69.09206970154058,350.0,Almost Rotten,maize-storage-rules-v1,2025-11-07T08:01:49.411779Z,True
8xVBB68IC3t7Yy2Rd9Wf,26.3,62.0,322.0,OK,2025-11-07T03:22:06.000Z,26.40477230048179,62.04433886765808,350.0,Almost Rotten,maize-storage-rules-v1,2025-11-07T08:01:49.411779Z,True
8QjI9Hx2Tbz1rCByO5Qx,24.4,63.0,157.0,OK,2025-10-21T14:10:58.000Z,24.04611013971689,62.928914598632495,350.0,Normal,maize-storage-rules-v1,2025-11-07T08:01:49.411779Z,True
CxsmrXDP0KmHlTEGY85L,31.3,99.0,4095.0,OK,2025-10-23T14:26:01.000Z,31.912394519359875,100.0,4058.228675502704,Rotten,maize-storage-rules-v1,2025-11-07T08:01:49.411779Z,True
UhdWh8KT94B8FJvMFbqk,24.7,69.0,199.0,OK,2025-11-06T16:54:26.000Z,24.5313113100826,69.5875661643526,350.0,Almost Rotten,maize-storage-rules-v1,2025-11-07T08:01:49.411779Z,True
eZSmSZy9WW3oJU72Z6P0,24.5,65.0,283.0,OK,2025-11-07T04:01:57.000Z,24.970378969092355,64.5950702465761,350.0,Normal,maize-storage-rules-v1,2025-11-07T08:01:49.411779Z,True
w3SUAuf18hBfHkisEtkj,24.6,69.0,205.0,OK,2025-11-06T16:49:57.000Z,24.68479747454664,68.50901256294564,350.0,Almost Rotten,maize-storage-rules-v1,2025-11-07T08:01:49.411779Z,True
4oT86Bj0tM06Rcpx4Idb,24.0,60.0,97.0,OK,2025-10-21T14:30:51.000Z,24.15519481264105,59.0806733594141,350.0,Normal,maize-storage-rules-v1,2025-11-07T08:01:49.411779Z,True
1Pp03BJgeEvbgimYTMON,24.4,60.0,108.0,NORMAL,2025-10-21T14:04:41.000Z,24.5643612907075,61.02467759935803,350.0,Normal,maize-storage-rules-v1,2025-11-07T08:01:49.411779Z,True
Xncq4dCsLD1oDnob8JS6,24.0,59.0,123.0,NORMAL,2025-10-21T13:52:00.000Z,23.610514611348485,59.83040813956185,350.0,Normal,maize-storage-rules-v1,2025-11-07T08:01:49.411779Z,True
FK7sh3urnloB8QlmBVyd,24.7,66.0,490.0,OK,2025-11-07T03:06:48.000Z,25.179713687460985,64.71430244049354,493.5085965521226,Almost Rotten,maize-storage-rules-v1,2025-11-07T08:01:49.411779Z,True
OYSIzOKjddganPbNDm3Q,24.5,68.0,273.0,OK,2025-11-06T16:35:39.000Z,24.715386884321116,69.04764302444406,350.0,Almost Rotten,maize-storage-rules-v1,2025-11-07T08:01:49.411779Z,True
3xtSXoMihqBD6odDpLAB,25.3,69.0,3119.0,OK,2025-11-06T15:45:31.000Z,25.72100398727926,70.02032865615124,3150.583994453045,Rotten,maize-storage-rules-v1,2025-11-07T08:01:49.411779Z,True
pN2JINizSzB9WbJNVpbw,24.0,67.0,310.0,OK,2025-11-07T04:06:14.000Z,24.377993403567626,67.01006698521593,350.0,Almost Rotten,maize-storage-rules-v1,2025-11-07T08:01:49.411779Z,True
NOtBBfWIlD4qjcKZNG7I,24.2,59.0,207.0,NORMAL,2025-10-21T13:36:04.000Z,24.047446759152688,59.52504766267524,350.0,Normal,maize-storage-rules-v1,2025-11-07T08:01:49.411779Z,True
dlEVbKZLkT24P8n6gtGz,24.7,69.0,186.0,OK,2025-11-06T16:58:18.000Z,25.07215800108668,70.0004402928744,350.0,Rotten,maize-storage-rules-v1,2025-11-07T08:01:49.411779Z,True
QIMqd76cXcPHTFlh8jVs,25.3,65.0,330.0,OK,2025-11-07T03:09:17.000Z,25.57762793199725,65.99669770382772,350.0,Almost Rotten,maize-storage-rules-v1,2025-11-07T08:01:49.411779Z,True
KlmaddCuSJvlIscLm75u,24.2,60.0,731.0,NORMAL,2025-10-21T13:31:50.000Z,24.098367008359254,59.25086051566244,743.0567610542126,Almost Rotten,maize-storage-rules-v1,2025-11-07T08:01:49.411779Z,True
yd1Jg5CO1ufomzu3uWKz,21.5,66.0,656.0,OK,2025-10-28T13:25:12.000Z,21.854496592751463,66.01623113089117,650.0615919854732,Almost Rotten,maize-storage-rules-v1,2025-11-07T08:01:49.411779Z,True
iDzd7Q4TqDNsWwgvFeyE,24.8,66.0,454.0,OK,2025-11-07T03:07:09.000Z,25.157090779351996,65.79120688660242,451.8720988541456,Almost Rotten,maize-storage-rules-v1,2025-11-07T08:01:49.411779Z,True
ljaPG60da6ICXkNys0wb,23.6,69.0,253.0,OK,2025-11-07T04:21:54.000Z,23.17271964635264,68.50824850836258,350.0,Almost Rotten,maize-storage-rules-v1,2025-11-07T08:01:49.411779Z,True
ZNNlGo6jiX3fh5z8IXqb,26.5,62.0,144.0,OK,2025-11-07T03:49:36.000Z,26.683224598365985,63.15771329764393,350.0,Almost Rotten,maize-storage-rules-v1,2025-11-07T08:01:49.411779Z,True
tElxKcYzgc6KcAkBxqW2,24.4,60.0,109.0,NORMAL,2025-10-21T14:03:58.000Z,23.97737054081682,60.59718480112402,350.0,Normal,maize-storage-rules-v1,2025-11-07T08:01:49.411779Z,True
VKHNX73YMR887291ffmP,26.2,70.0,192.0,OK,2025-10-21T10:44:26.000Z,25.68084050118781,70.13164543897773,350.0,Rotten,maize-storage-rules-v1,2025-11-07T08:01:49.411779Z,True
GvBR6tPVROL33cZc1fQ9,24.6,69.0,187.0,OK,2025-11-06T16:51:29.000Z,24.73238762071257,67.9105109588414,350.0,Almost Rotten,maize-storage-rules-v1,2025-11-07T08:01:49.411779Z,True
6hUOxHMzCHpk96ekMTM3,27.3,59.0,1535.0,OK,2025-11-06T15:53:07.000Z,27.024640802742883,59.631317501714925,1549.6598283807084,Rotten,maize-storage-rules-v1,2025-11-07T08:01:49.411779Z,True
8ZUmkKinDSP9kEQ1bMIX,24.7,65.0,133.0,OK,2025-11-06T17:20:37.000Z,24.45634275359312,65.81867745098197,350.0,Almost Rotten,maize-storage-rules-v1,2025-11-07T08:01:49.411779Z,True
82FspCyqpQeTvXvqasgn,24.6,68.0,192.0,OK,2025-11-06T16:47:58.000Z,24.481392654451295,67.04578098017087,350.0,Almost Rotten,maize-storage-rules-v1,2025-11-07T08:01:49.411779Z,True
9EOrlv581d52tjpVaS3p,24.2,59.0,130.0,NORMAL,2025-10-21T13:48:18.000Z,24.585618817845965,58.42687511871263,350.0,Normal,maize-storage-rules-v1,2025-11-07T08:01:49.411779Z,True
uAA4BqSNMgcHjOuoRugH,24.2,60.0,349.0,NORMAL,2025-10-21T13:32:17.000Z,24.486068709389286,59.34674676260733,350.0,Normal,maize-storage-rules-v1,2025-11-07T08:01:49.411779Z,True
JY7vfXQ614DARhzgMZPN,24.3,60.0,162.0,NORMAL,2025-10-21T13:43:10.000Z,24.12274183660138,61.06687119804631,350.0,Normal,maize-storage-rules-v1,2025-11-07T08:01:49.411779Z,True
IVTba0k3dy6sgH7fWyRX,24.4,59.0,128.0,NORMAL,2025-10-21T13:58:32.000Z,24.166100178373284,59.40565470240656,350.0,Normal,maize-storage-rules-v1,2025-11-07T08:01:49.411779Z,True
tLhnFYbNAOldIlmHjcdg,23.5,69.0,177.0,OK,2025-11-07T04:24:28.000Z,23.956867958492023,68.69549247331271,350.0,Almost Rotten,maize-storage-rules-v1,2025-11-07T08:01:49.411779Z,True
qZYWJ6l4s9uUFMNojn9m,24.6,67.0,230.0,OK,2025-11-06T16:40:20.000Z,25.02275807272064,67.02065970066877,350.0,Almost Rotten,maize-storage-rules-v1,2025-11-07T08:01:49.411779Z,True
f0SifePihc8hNBnQo0wh,25.3,90.0,4095.0,OK,2025-10-23T14:25:49.000Z,25.54902079470688,88.56636645304731,4040.788153563192,Rotten,maize-storage-rules-v1,2025-11-07T08:01:49.411779Z,True
PGNFW1Kk3ItPLuJDTMOp,26.0,63.0,226.0,OK,2025-11-07T03:13:18.000Z,25.745311208268475,62.790973266158296,350.0,Almost Rotten,maize-storage-rules-v1,2025-11-07T08:01:49.411779Z,True
hC7rdqXzAde9eiXPTvMw,24.8,69.0,162.0,OK,2025-11-06T17:06:59.000Z,24.7817388564924,69.31351926809647,350.0,Almost Rotten,maize-storage-rules-v1,2025-11-07T08:01:49.411779Z,True
bav7bJbU8cBgwkOIVbpb,23.8,68.0,242.0,OK,2025-11-07T04:09:46.000Z,23.33904688877901,68.97921767473028,350.0,Almost Rotten,maize-storage-rules-v1,2025-11-07T08:01:49.411779Z,True
VDZWEpMMiQSLZyC6GRih,24.8,68.0,162.0,OK,2025-11-06T17:05:23.000Z,24.356155382400477,68.08253844790151,350.0,Almost Rotten,maize-storage-rules-v1,2025-11-07T08:01:49.411779Z,True
aEBrlcxWg2qzXI27mhS5,24.0,59.0,129.0,NORMAL,2025-10-21T13:49:24.000Z,23.71064031699006,59.500322423323645,350.0,Normal,maize-storage-rules-v1,2025-11-07T08:01:49.411779Z,True
KFZ5jyNjr0GboYjRyko1,24.7,67.0,145.0,OK,2025-11-06T17:17:57.000Z,24.22394261738739,67.96685742247834,350.0,Almost Rotten,maize-storage-rules-v1,2025-11-07T08:01:49.411779Z,True
XPnruu6u7F92ySg4howC,27.8,65.0,413.0,OK,2025-10-23T15:13:41.000Z,27.310524663096835,66.27514966520583,407.6813578376548,Almost Rotten,maize-storage-rules-v1,2025-11-07T08:01:49.411779Z,True
HAd7iOxb9PQJXmb4xlS8,24.5,69.0,256.0,OK,2025-11-06T16:38:16.000Z,24.52895121417937,68.59357584632889,350.0,Almost Rotten,maize-storage-rules-v1,2025-11-07T08:01:49.411779Z,True
2qX88bRLIKOjgpbZkGl5,24.6,67.0,176.0,OK,2025-11-06T16:48:36.000Z,24.19109321200165,68.3155382410459,350.0,Almost Rotten,maize-storage-rules-v1,2025-11-07T08:01:49.411779Z,True
LTWNEI0BGeoTuxScfw2B,21.7,66.0,635.0,OK,2025-10-28T13:27:16.000Z,21.37980234554676,66.8931742810212,631.3863845555596,Almost Rotten,maize-storage-rules-v1,2025-11-07T08:01:49.411779Z,True
PxYzys1Kr05r7X2BOS57,29.6,99.0,4095.0,OK,2025-10-23T14:26:08.000Z,29.313245157087582,99.45593693635414,4027.291499697973,Rotten,maize-storage-rules-v1,2025-11-07T08:01:49.411779Z,True
CMfp8PckUwZlAbaMl7BP,23.9,60.0,161.0,OK,2025-10-21T14:27:52.000Z,23.47512292856297,60.35142489133988,350.0,Normal,maize-storage-rules-v1,2025-11-07T08:01:49.411779Z,True
nXjQX7Ym2K0CaV6AitQY,24.2,59.0,124.0,NORMAL,2025-10-21T13:56:34.000Z,23.94683551751684,58.76388490531928,350.0,Normal,maize-storage-rules-v1,2025-11-07T08:01:49.411779Z,True
lU4LtsMdVvv6W1bbBEtc,23.5,69.0,199.0,OK,2025-11-07T04:24:17.000Z,23.824957436608152,68.179512042593,350.0,Almost Rotten,maize-storage-rules-v1,2025-11-07T08:01:49.411779Z,True
sdbzqBjHpXFZUvarpyJa,24.5,68.0,237.0,OK,2025-11-06T16:41:51.000Z,24.47220738681189,68.01733746900345,350.0,Almost Rotten,maize-storage-rules-v1,2025-11-07T08:01:49.411779Z,True
SKlJGvWAfJtojcey6gjF,24.6,65.0,261.0,OK,2025-11-07T04:00:52.000Z,24.549549835086037,66.11243138620378,350.0,Almost Rotten,maize-storage-rules-v1,2025-11-07T08:01:49.411779Z,True
K3Xra3DyTxtr9V0xh39L,25.8,64.0,2223.0,OK,2025-11-06T15:48:25.000Z,25.9256893748163,62.85921785386705,2248.1497374576165,Rotten,maize-storage-rules-v1,2025-11-07T08:01:49.411779Z,True
dgryVpbk1A1mU5WqI9E7,24.2,59.0,133.0,NORMAL,2025-10-21T13:47:14.000Z,24.421066966842524,58.94928940782167,350.0,Normal,maize-storage-rules-v1,2025-11-07T08:01:49.411779Z,True
hYE2rQTeXI28zOWj3wrU,25.6,64.0,2403.0,OK,2025-11-06T15:47:58.000Z,25.12092066591012,64.17244303107599,2355.0318266486647,Rotten,maize-storage-rules-v1,2025-11-07T08:01:49.411779Z,True
mPLZCs5au7uRLp4zYiZy,21.8,66.0,599.0,OK,2025-10-28T13:31:05.000Z,22.03007202667545,66.39207246778957,610.7083428476255,Almost Rotten,maize-storage-rules-v1,2025-11-07T08:01:49.411779Z,True
CMiI9t50LMiglgRqM2Zs,26.5,63.0,1920.0,OK,2025-11-06T15:49:58.000Z,26.26744812230168,62.21046413806879,1939.8605489008328,Rotten,maize-storage-rules-v1,2025-11-07T08:01:49.411779Z,True
RA6WL9rN2khSSgXuVY4f,26.2,63.0,187.0,OK,2025-11-07T03:34:32.000Z,26.1211662172066,63.185285171505285,350.0,Almost Rotten,maize-storage-rules-v1,2025-11-07T08:01:49.411779Z,True
CrZlAs6u9rj75i9hhu1f,26.3,62.0,154.0,OK,2025-11-07T03:40:36.000Z,26.32639289472156,62.99474117661369,350.0,Almost Rotten,maize-storage-rules-v1,2025-11-07T08:01:49.411779Z,True
O1AnwZG5Ckvv82siOYUx,24.8,68.0,164.0,OK,2025-11-06T17:05:40.000Z,24.958671690720248,66.65088860184436,350.0,Almost Rotten,maize-storage-rules-v1,2025-11-07T08:01:49.411779Z,True
6tY0wy4gCDtDqV899E3O,24.7,69.0,176.0,OK,2025-11-06T16:57:25.000Z,25.020768220170865,69.44399622075245,350.0,Almost Rotten,maize-storage-rules-v1,2025-11-07T08:01:49.411779Z,True
AcjibQPwWbb1W5Mk9s50,23.6,68.0,256.0,OK,2025-11-07T04:19:48.000Z,23.821482310786795,66.65355910560098,350.0,Almost Rotten,maize-storage-rules-v1,2025-11-07T08:01:49.411779Z,True
3xVDr96Y9FZtlOFnhR3R,26.0,67.0,1190.0,OK,1970-01-01T00:00:12.000Z,25.592050583794133,67.79734610686252,1209.6690843850097,Rotten,maize-storage-rules-v1,2025-11-07T08:01:49.411779Z,True
pam1eoDJpGD4qpE1u868,26.1,70.0,189.0,OK,2025-10-21T10:44:16.000Z,25.7364810093343,69.20016722345379,350.0,Almost Rotten,maize-storage-rules-v1,2025-11-07T08:01:49.411779Z,True
VASYqGQxpmMz21kLZf2Z,24.4,59.0,252.0,NORMAL,2025-10-21T13:08:19.000Z,24.495057060376062,59.7322875652588,350.0,Normal,maize-storage-rules-v1,2025-11-07T08:01:49.411779Z,True
7ylpR45z4ZxiWNStE2LO,26.2,62.0,347.0,OK,2025-11-07T03:23:56.000Z,26.059979287417907,62.16817223567877,352.2035990993241,Almost Rotten,maize-storage-rules-v1,2025-11-07T08:01:49.411779Z,True
9e3M5EkbESAE67aMpAyr,26.3,63.0,256.0,OK,2025-11-07T03:29:36.000Z,25.90226160560854,61.89298210519682,350.0,Almost Rotten,maize-storage-rules-v1,2025-11-07T08:01:49.411779Z,True
DYFyc5TAB3Q7tvjDIfFw,26.1,63.0,190.0,OK,2025-11-07T03:36:55.000Z,26.25571160834018,62.52649892837131,350.0,Almost Rotten,maize-storage-rules-v1,2025-11-07T08:01:49.411779Z,True
lladSNkCfeohg1KWKCjU,26.3,62.0,196.0,OK,2025-11-07T03:20:47.000Z,26.238013455957383,61.0238240102912,350.0,Almost Rotten,maize-storage-rules-v1,2025-11-07T08:01:49.411779Z,True
2aFkH2qmMB3MZMlK1uGp,21.7,66.0,688.0,OK,2025-10-28T13:27:56.000Z,21.419438775591253,66.37700193784066,674.5773071873256,Almost Rotten,maize-storage-rules-v1,2025-11-07T08:01:49.411779Z,True
Php0opAKx5KHZRSi6td6,23.5,69.0,179.0,OK,2025-11-07T04:23:48.000Z,23.822723512616257,68.38772790354267,350.0,Almost Rotten,maize-storage-rules-v1,2025-11-07T08:01:49.411779Z,True
ojdtMORAeqgBPyG8kc1Y,27.3,61.0,1679.0,OK,2025-11-06T15:51:46.000Z,27.58911430322245,60.357489199628326,1664.0094006853371,Rotten,maize-storage-rules-v1,2025-11-07T08:01:49.411779Z,True
LW3wLAWojnhZQsYUNEy8,24.8,69.0,147.0,OK,2025-11-06T17:07:41.000Z,24.64076193217523,69.68925300799066,350.0,Almost Rotten,maize-storage-rules-v1,2025-11-07T08:01:49.411779Z,True
rw9dURpVaKhGFw4yeskH,24.6,67.0,202.0,OK,2025-11-06T16:48:58.000Z,24.96314892569657,67.36269577136753,350.0,Almost Rotten,maize-storage-rules-v1,2025-11-07T08:01:49.411779Z,True
nLNjOwsrzof1AxGXW2ik,24.8,69.0,155.0,OK,2025-11-06T17:06:27.000Z,25.19689054791853,69.6309184534046,350.0,Almost Rotten,maize-storage-rules-v1,2025-11-07T08:01:49.411779Z,True
NNYvxqYbvyKBMWOlqxUK,23.6,68.0,322.0,OK,2025-11-07T04:18:50.000Z,23.450269391608355,68.79430322049699,350.0,Almost Rotten,maize-storage-rules-v1,2025-11-07T08:01:49.411779Z,True
iscXvR5C1Ctldokh4Cbu,24.4,59.0,128.0,NORMAL,2025-10-21T13:57:49.000Z,23.932648267149133,58.50059262005744,350.0,Normal,maize-storage-rules-v1,2025-11-07T08:01:49.411779Z,True
PYGhkLTnebfYPEiSKvED,23.6,69.0,258.0,OK,2025-11-07T04:20:31.000Z,23.59039409775129,68.43766306964689,350.0,Almost Rotten,maize-storage-rules-v1,2025-11-07T08:01:49.411779Z,True
MrJO2GtI86M07UZk5AVh,26.2,62.0,181.0,OK,2025-11-07T03:27:30.000Z,26.23117345815925,61.48531990792028,350.0,Almost Rotten,maize-storage-rules-v1,2025-11-07T08:01:49.411779Z,True
8hH6ItTl04BkEGt2Udmg,24.2,60.0,157.0,NORMAL,2025-10-21T13:43:44.000Z,24.31244839762335,59.80386556614808,350.0,Normal,maize-storage-rules-v1,2025-11-07T08:01:49.411779Z,True
n7oTmdekfqGog0sDEe1h,24.7,69.0,175.0,OK,2025-11-06T16:59:02.000Z,24.40378122941784,67.92736732489098,350.0,Almost Rotten,maize-storage-rules-v1,2025-11-07T08:01:49.411779Z,True
DREmv14Y1IC719RmlQfz,27.4,60.0,1612.0,OK,2025-11-06T15:52:18.000Z,27.107206104298303,58.80197908040324,1584.1213984743576,Rotten,maize-storage-rules-v1,2025-11-07T08:01:49.411779Z,True
hFhmCRt2xFTmVyvRSw9g,24.6,69.0,181.0,OK,2025-11-06T16:50:52.000Z,25.054804788718148,68.13541956076861,350.0,Almost Rotten,maize-storage-rules-v1,2025-11-07T08:01:49.411779Z,True
cEKksXYbZALwbvvAirvy,24.6,69.0,402.0,OK,2025-11-06T16:29:35.000Z,24.77842820112665,67.8429300554123,402.0799532519117,Almost Rotten,maize-storage-rules-v1,2025-11-07T08:01:49.411779Z,True
K0Ufy4IAlwMmuFyOa89h,24.5,69.0,304.0,OK,2025-11-06T16:34:13.000Z,24.9832228902919,68.31472137122843,350.0,Almost Rotten,maize-storage-rules-v1,2025-11-07T08:01:49.411779Z,True
g8JnQpMHRmj9fdtAC77f,24.2,59.0,123.0,NORMAL,2025-10-21T13:56:40.000Z,23.968361260333197,58.28077023035002,350.0,Normal,maize-storage-rules-v1,2025-11-07T08:01:49.411779Z,True
oh8DJ48NwWzgQJqMxvmw,24.7,67.0,149.0,OK,2025-11-06T17:13:52.000Z,24.516806590207413,68.11523292359887,350.0,Almost Rotten,maize-storage-rules-v1,2025-11-07T08:01:49.411779Z,True
7AfESs5BfZlGx0kqbpUA,24.5,69.0,315.0,OK,2025-11-06T16:34:23.000Z,24.03072505600971,68.76499153525221,350.0,Almost Rotten,maize-storage-rules-v1,2025-11-07T08:01:49.411779Z,True
WMmGW73nKVtG3EC2rIz5,26.2,71.0,189.0,OK,2025-10-21T10:43:54.000Z,26.37641061635332,71.26508595616836,350.0,Rotten,maize-storage-rules-v1,2025-11-07T08:01:49.411779Z,True
qNVDLXXsG15ztguhYzlW,24.7,69.0,180.0,OK,2025-11-06T16:58:57.000Z,24.643344142978336,67.74713912428204,350.0,Almost Rotten,maize-storage-rules-v1,2025-11-07T08:01:49.411779Z,True
a6vXWTzQXCx9MaAJXck2,26.8,56.0,4095.0,OK,2025-10-23T14:22:59.000Z,26.75680854589425,56.13377917454204,4033.273703965979,Rotten,maize-storage-rules-v1,2025-11-07T08:01:49.411779Z,True
CJbvMrDzIjBzWQFb9lHe,26.1,63.0,208.0,OK,2025-11-07T03:15:50.000Z,25.69895442020602,63.35518309375557,350.0,Almost Rotten,maize-storage-rules-v1,2025-11-07T08:01:49.411779Z,True
EJ5vDG2hfN8ia4r19FpP,26.9,63.0,1488.0,OK,2025-11-06T15:55:00.000Z,26.93379828012092,63.92485411415862,1510.3702702009168,Rotten,maize-storage-rules-v1,2025-11-07T08:01:49.411779Z,True
1ejqCUY9GDL41TlPlVRp,23.6,68.0,309.0,OK,2025-11-07T04:18:07.000Z,23.93361250116515,66.83071125516018,350.0,Almost Rotten,maize-storage-rules-v1,2025-11-07T08:01:49.411779Z,True
i1wQyYgQvrYxeuM2Vss0,25.0,66.0,424.0,OK,2025-11-07T03:07:42.000Z,24.75043308673189,66.4235939096225,424.1697794751138,Almost Rotten,maize-storage-rules-v1,2025-11-07T08:01:49.411779Z,True
ciZz7BEy5moaUi7sxGNP,23.6,68.0,252.0,OK,2025-11-07T04:20:10.000Z,23.5011015131484,68.50191338175341,350.0,Almost Rotten,maize-storage-rules-v1,2025-11-07T08:01:49.411779Z,True
fVgTuz0wpKynxLu6W9sW,26.2,63.0,190.0,OK,2025-11-07T03:30:15.000Z,26.17498824450275,62.33042491404605,350.0,Almost Rotten,maize-storage-rules-v1,2025-11-07T08:01:49.411779Z,True
1u6uVh4nsteJ01aGMkhp,26.1,63.0,208.0,OK,2025-11-07T03:16:10.000Z,25.73701383523255,63.60271425125534,350.0,Almost Rotten,maize-storage-rules-v1,2025-11-07T08:01:49.411779Z,True
qcLzmwxBxMCRllIgqmDn,26.5,62.0,153.0,OK,2025-11-07T03:48:15.000Z,26.303600494313283,61.82150989032258,350.0,Almost Rotten,maize-storage-rules-v1,2025-11-07T08:01:49.411779Z,True
VvxIjpNff35nZkgPGi0T,26.5,62.0,157.0,OK,2025-11-07T03:49:15.000Z,26.07717253589172,61.413603163438935,350.0,Almost Rotten,maize-storage-rules-v1,2025-11-07T08:01:49.411779Z,True
CgrE5VS2smtZawFcNgom,24.6,68.0,199.0,OK,2025-11-06T16:47:21.000Z,24.41398612576204,67.15794105269248,350.0,Almost Rotten,maize-storage-rules-v1,2025-11-07T08:01:49.411779Z,True
qeaZH80z6LPsHvhxgygO,24.0,59.0,133.0,NORMAL,2025-10-21T13:55:13.000Z,23.70244340732121,59.09574957045724,350.0,Normal,maize-storage-rules-v1,2025-11-07T08:01:49.411779Z,True
WtpmvsOThRLWgZE3qsis,24.7,65.0,266.0,OK,2025-11-07T04:00:31.000Z,25.06695217770032,65.05690660001164,350.0,Almost Rotten,maize-storage-rules-v1,2025-11-07T08:01:49.411779Z,True
ZttQ3axhJmu4HpW3HWnM,24.7,67.0,149.0,OK,2025-11-06T17:15:12.000Z,24.629031825146765,66.13739950522785,350.0,Almost Rotten,maize-storage-rules-v1,2025-11-07T08:01:49.411779Z,True
4jkv2ilOg9sBn4XWay2i,25.9,62.0,326.0,OK,2025-11-07T03:55:47.000Z,25.7093024976967,61.40416078517486,350.0,Almost Rotten,maize-storage-rules-v1,2025-11-07T08:01:49.411779Z,True
MnsjCwrYok0tQe75YXT8,24.7,67.0,167.0,OK,2025-11-06T17:01:01.000Z,24.3653190140977,65.96671345484262,350.0,Almost Rotten,maize-storage-rules-v1,2025-11-07T08:01:49.411779Z,True
AMjOkqlVcwm1srwhLVxg,24.7,68.0,208.0,OK,2025-11-06T16:52:01.000Z,25.12266188501021,67.02430680647691,350.0,Almost Rotten,maize-storage-rules-v1,2025-11-07T08:01:49.411779Z,True
dZffO50XtHxMT7RkDZE2,23.6,69.0,256.0,OK,2025-11-07T04:21:38.000Z,23.93134128132925,70.26731068782506,350.0,Rotten,maize-storage-rules-v1,2025-11-07T08:01:49.411779Z,True
bItcLGQk22tuo0Eh1X5M,21.7,66.0,682.0,OK,2025-10-28T13:26:54.000Z,21.824122631459844,65.93131900879679,680.7850388287233,Almost Rotten,maize-storage-rules-v1,2025-11-07T08:01:49.411779Z,True
hBd5HNuYvmtt3cxdOLUt,27.1,62.0,1760.0,OK,2025-11-06T15:51:14.000Z,27.11700518335782,61.20717238606804,1751.660532204204,Rotten,maize-storage-rules-v1,2025-11-07T08:01:49.411779Z,True
rDbhehG0UC3qUJlP6QEW,24.5,68.0,222.0,OK,2025-11-06T16:42:39.000Z,24.38820286563395,67.06434270609083,350.0,Almost Rotten,maize-storage-rules-v1,2025-11-07T08:01:49.411779Z,True
bPjR3jb4YjZDux7UAe0D,24.7,67.0,157.0,OK,2025-11-06T17:14:08.000Z,25.08510211294139,65.85051422381282,350.0,Almost Rotten,maize-storage-rules-v1,2025-11-07T08:01:49.411779Z,True
iO1RoWOi1HqXmRvHTIVl,24.7,69.0,183.0,OK,2025-11-06T16:57:51.000Z,25.101233529036,68.26991147030884,350.0,Almost Rotten,maize-storage-rules-v1,2025-11-07T08:01:49.411779Z,True
sfm3HoCnfbMJxliKGwI0,23.6,68.0,293.0,OK,2025-11-07T04:13:38.000Z,23.53971278298076,68.79531615943215,350.0,Almost Rotten,maize-storage-rules-v1,2025-11-07T08:01:49.411779Z,True
eKumiFbgpj6DDvZ6Ptmp,23.8,68.0,249.0,OK,2025-11-07T04:10:12.000Z,24.260944372230497,67.84995326524667,350.0,Almost Rotten,maize-storage-rules-v1,2025-11-07T08:01:49.411779Z,True
tJerq5Dlz9DfIj0zD4eu,24.7,67.0,144.0,OK,2025-11-06T17:18:50.000Z,24.28531399255919,68.12667326753295,350.0,Almost Rotten,maize-storage-rules-v1,2025-11-07T08:01:49.411779Z,True
myrielxJX7IVHK3ERyoa,24.1,59.0,130.0,NORMAL,2025-10-21T13:48:50.000Z,23.887425828121664,58.623212934866274,350.0,Normal,maize-storage-rules-v1,2025-11-07T08:01:49.411779Z,True
AFptXr81Rziyi82PQBnk,24.8,69.0,170.0,OK,2025-11-06T17:06:38.000Z,24.905077776226545,68.267695452674,350.0,Almost Rotten,maize-storage-rules-v1,2025-11-07T08:01:49.411779Z,True
NcwV6tS1cwaK4ZiKoZ57,24.8,65.0,280.0,OK,2025-11-07T04:00:05.000Z,25.22039304956444,64.46074593360773,350.0,Almost Rotten,maize-storage-rules-v1,2025-11-07T08:01:49.411779Z,True
C3S9k5zVJEsUnhmcxb1p,24.5,68.0,223.0,OK,2025-11-06T16:42:45.000Z,24.51248445971462,67.90615999229983,350.0,Almost Rotten,maize-storage-rules-v1,2025-11-07T08:01:49.411779Z,True
z8K3vvkCwamwWeQtV2OJ,24.1,62.0,4095.0,OK,2025-10-23T14:25:38.000Z,24.126553259015285,62.85007276847138,4147.961451683329,Rotten,maize-storage-rules-v1,2025-11-07T08:01:49.411779Z,True
YCMsdhNqCP1cG3uHKBgB,24.8,67.0,499.0,OK,2025-11-06T16:27:08.000Z,24.843147630319223,68.15177891036198,493.4334454940706,Almost Rotten,maize-storage-rules-v1,2025-11-07T08:01:49.411779Z,True
xIwYgeiFKMRkHAUkaO1C,24.8,67.0,177.0,OK,2025-11-06T17:09:30.000Z,24.67439647491261,67.01536628165407,350.0,Almost Rotten,maize-storage-rules-v1,2025-11-07T08:01:49.411779Z,True
S9Zmam6cODPbD9vwLN5N,24.8,69.0,155.0,OK,2025-11-06T17:07:47.000Z,24.80414517555569,69.36058441162288,350.0,Almost Rotten,maize-storage-rules-v1,2025-11-07T08:01:49.411779Z,True
ojqllNDocgLQKvCdW0nM,25.6,67.0,563.0,OK,2025-11-06T16:21:23.000Z,25.952534894164422,68.09692752591593,561.3414750711926,Almost Rotten,maize-storage-rules-v1,2025-11-07T08:01:49.411779Z,True
ocCGYmoCRtwp9pIvWpxS,24.4,60.0,109.0,NORMAL,2025-10-21T14:05:38.000Z,24.650489841158617,60.73026439866617,350.0,Normal,maize-storage-rules-v1,2025-11-07T08:01:49.411779Z,True
BlVvRkB2tXgw5cHhR9n6,25.4,68.0,962.0,OK,2025-11-06T16:13:07.000Z,25.55031565791643,67.19830679326535,957.1136082371512,Almost Rotten,maize-storage-rules-v1,2025-11-07T08:01:49.411779Z,True
4f47XXzXKGzc20pBh0NA,26.1,70.0,176.0,OK,2025-10-21T10:44:37.000Z,26.119688128243453,70.03933494890882,350.0,Rotten,maize-storage-rules-v1,2025-11-07T08:01:49.411779Z,True
mBsaF6jBu5bV5lCTApwW,26.4,62.0,189.0,OK,2025-11-07T03:45:08.000Z,26.49875246561896,61.03099249176123,350.0,Almost Rotten,maize-storage-rules-v1,2025-11-07T08:01:49.411779Z,True
s1uMnvvEAXZwkmDAVTqj,24.7,70.0,4095.0,OK,2025-10-23T14:28:27.000Z,24.407907230669096,69.61770989524406,4076.5408219515216,Rotten,maize-storage-rules-v1,2025-11-07T08:01:49.411779Z,True
4pUodfb5WeJf9Nr7VGtj,24.7,69.0,197.0,OK,2025-11-06T16:54:21.000Z,24.46531098973179,68.2179082894482,350.0,Almost Rotten,maize-storage-rules-v1,2025-11-07T08:01:49.411779Z,True
dXoImHfQPwy8bjyf8P4j,26.0,63.0,224.0,OK,2025-11-07T03:13:34.000Z,26.434091412836786,62.4431047046036,350.0,Almost Rotten,maize-storage-rules-v1,2025-11-07T08:01:49.411779Z,True
vEqWt4iSFre3OflxcGHY,23.7,68.0,248.0,OK,2025-11-07T04:10:18.000Z,23.942759367741967,68.36204760481581,350.0,Almost Rotten,maize-storage-rules-v1,2025-11-07T08:01:49.411779Z,True
kZzKiPcMvmPQc8PvP1Fy,27.2,59.0,1582.0,OK,2025-11-06T15:53:23.000Z,26.82309479964569,57.87778092186356,1586.9707863367091,Rotten,maize-storage-rules-v1,2025-11-07T08:01:49.411779Z,True
2xowRB6NYpmuRyZ9RHS8,24.8,68.0,160.0,OK,2025-11-06T17:10:02.000Z,24.631222322634123,68.83625686383562,350.0,Almost Rotten,maize-storage-rules-v1,2025-11-07T08:01:49.411779Z,True
F5TSbHfRl41PHhGyIuLX,26.4,62.0,197.0,OK,2025-11-07T03:52:47.000Z,26.456077615346302,61.793426175644505,350.0,Almost Rotten,maize-storage-rules-v1,2025-11-07T08:01:49.411779Z,True
prqXgm6gwJDv89TTDLq0,23.6,69.0,257.0,OK,2025-11-07T04:21:05.000Z,24.005541429574773,70.28877410263242,350.0,Rotten,maize-storage-rules-v1,2025-11-07T08:01:49.411779Z,True
6nQ1k2JH0nSt0jdLDk0W,24.7,68.0,165.0,OK,2025-11-06T17:10:23.000Z,25.01276993826282,67.81318572572295,350.0,Almost Rotten,maize-storage-rules-v1,2025-11-07T08:01:49.411779Z,True
e3QJAkE7tRLEt7lSqnZQ,21.0,70.0,4095.0,OK,2025-10-28T08:42:04.000Z,21.347049150291653,71.14742192601119,4119.926855546725,Rotten,maize-storage-rules-v1,2025-11-07T08:01:49.411779Z,True
TIDrtav8KWo5J3diE5R5,26.1,63.0,196.0,OK,2025-11-07T03:18:46.000Z,26.287426197614156,64.09772910190374,350.0,Almost Rotten,maize-storage-rules-v1,2025-11-07T08:01:49.411779Z,True
ml14qF979Iq2wJrOqNOM,24.0,59.0,123.0,NORMAL,2025-10-21T13:50:43.000Z,24.45892391595646,59.714244421687695,350.0,Normal,maize-storage-rules-v1,2025-11-07T08:01:49.411779Z,True
13KtUHsrUMlId9iXp2TH,24.7,67.0,173.0,OK,2025-11-06T17:00:56.000Z,25.028686057705144,66.90459635853007,350.0,Almost Rotten,maize-storage-rules-v1,2025-11-07T08:01:49.411779Z,True
l3CZHtUScSquiTBVC69N,21.4,68.0,2030.0,OK,2025-10-28T08:46:18.000Z,21.701074188436152,66.85506816244084,2049.118161265201,Rotten,maize-storage-rules-v1,2025-11-07T08:01:49.411779Z,True
pTa7VPNGDTosdl0gPKOv,24.7,68.0,197.0,OK,2025-11-06T16:52:23.000Z,24.702481904743124,67.83246728624201,350.0,Almost Rotten,maize-storage-rules-v1,2025-11-07T08:01:49.411779Z,True
o9dLZ6kP6DkzPWUHf1gY,23.6,68.0,299.0,OK,2025-11-07T04:14:31.000Z,23.31013699924985,68.0179823001468,350.0,Almost Rotten,maize-storage-rules-v1,2025-11-07T08:01:49.411779Z,True
1nz7arkLfZil6f41kc6L,23.6,69.0,256.0,OK,2025-11-07T04:20:58.000Z,23.285622436392877,69.67798845581649,350.0,Almost Rotten,maize-storage-rules-v1,2025-11-07T08:01:49.411779Z,True
yqxFC4RG1BODrTW7FlIe,24.2,60.0,147.0,NORMAL,2025-10-21T13:43:57.000Z,24.33475785481853,59.85475623978934,350.0,Normal,maize-storage-rules-v1,2025-11-07T08:01:49.411779Z,True
qp8InPCshXlJxlJRTExi,24.6,67.0,195.0,OK,2025-11-06T16:44:22.000Z,24.844538235422807,68.09604765487369,350.0,Almost Rotten,maize-storage-rules-v1,2025-11-07T08:01:49.411779Z,True
OAz4qYHqY1QhLHIEbd4Z,25.9,99.0,4095.0,OK,2025-10-23T14:26:51.000Z,26.366263294030915,97.80786857790903,4043.567515860503,Rotten,maize-storage-rules-v1,2025-11-07T08:01:49.411779Z,True
W2F4QBM3nJcgXHfVncGt,25.2,67.0,3100.0,OK,2025-11-06T15:46:09.000Z,25.308069121938026,65.85575061636152,3059.283051565977,Rotten,maize-storage-rules-v1,2025-11-07T08:01:49.411779Z,True
SRwyN8KoNIiSGP4XC6xI,24.2,58.0,244.0,NORMAL,2025-10-21T13:33:56.000Z,23.90214705730601,57.35401571857536,350.0,Normal,maize-storage-rules-v1,2025-11-07T08:01:49.411779Z,True
B0AgCCxlCukStFutUtLe,26.9,99.0,144.0,OK,2025-10-23T14:26:30.000Z,27.046775376107963,99.45384062823962,350.0,Rotten,maize-storage-rules-v1,2025-11-07T08:01:49.411779Z,True
qrq6r1dzoEW6AtNo1VeE,24.7,67.0,155.0,OK,2025-11-06T17:15:49.000Z,24.522319037266158,67.48853644600808,350.0,Almost Rotten,maize-storage-rules-v1,2025-11-07T08:01:49.411779Z,True
vyNAOKBUr7E8EVZMExpx,24.7,69.0,187.0,OK,2025-11-06T16:55:37.000Z,24.889544896550227,70.04635312541312,350.0,Rotten,maize-storage-rules-v1,2025-11-07T08:01:49.411779Z,True
LAQMIfEQV4dtGPkfD7Q4,26.1,63.0,208.0,OK,2025-11-07T03:15:03.000Z,25.971739046291333,62.52211373004541,350.0,Almost Rotten,maize-storage-rules-v1,2025-11-07T08:01:49.411779Z,True
gasrMiFAlItRNB6iwbDi,26.0,67.0,1289.0,OK,2025-11-06T16:10:30.000Z,26.12848822442845,66.14331682364484,1276.5045624538911,Rotten,maize-storage-rules-v1,2025-11-07T08:01:49.411779Z,True
ZgCFgwF4xm1bTkdTTf47,25.5,58.0,4095.0,OK,2025-10-23T14:23:52.000Z,25.468385180592925,58.53190928575611,4159.160756678688,Rotten,maize-storage-rules-v1,2025-11-07T08:01:49.411779Z,True
hO0gsi4I5y8PZRYJjmTf,24.7,67.0,202.0,OK,2025-11-06T16:52:55.000Z,24.30004528787693,66.4857802582572,350.0,Almost Rotten,maize-storage-rules-v1,2025-11-07T08:01:49.411779Z,True
B7fLagxVsPiAqBEMaTkX,24.2,66.0,294.0,OK,2025-11-07T04:04:16.000Z,24.39338311436221,66.2581374592633,350.0,Almost Rotten,maize-storage-rules-v1,2025-11-07T08:01:49.411779Z,True
geWxvKoggtL6Cylx7MKk,26.0,66.0,1130.0,OK,2025-11-06T15:59:27.000Z,26.18174037063543,66.7347188501428,1143.4195065956037,Rotten,maize-storage-rules-v1,2025-11-07T08:01:49.411779Z,True
eMoVYvvryrIjievVBdhH,24.5,68.0,253.0,OK,2025-11-06T16:38:00.000Z,24.63545908186781,68.08987044501889,350.0,Almost Rotten,maize-storage-rules-v1,2025-11-07T08:01:49.411779Z,True
khXDL5YLg7I1OycKZ7ZF,24.9,59.0,4095.0,OK,2025-10-23T14:24:23.000Z,24.87257880285423,59.73992265701008,4044.7270293820816,Rotten,maize-storage-rules-v1,2025-11-07T08:01:49.411779Z,True
dachLCIVcAHOxGIKYqhT,24.6,68.0,448.0,OK,2025-11-06T16:28:25.000Z,24.9428066619961,69.0544928003248,443.2220208409847,Almost Rotten,maize-storage-rules-v1,2025-11-07T08:01:49.411779Z,True
KmJIkZiMMQD2fhxYCmOC,24.7,68.0,458.0,OK,2025-11-06T16:27:56.000Z,24.88039061903071,66.74997485338896,454.0531954290652,Almost Rotten,maize-storage-rules-v1,2025-11-07T08:01:49.411779Z,True
uLYmblazEZe3yvqE9cP3,21.9,66.0,595.0,OK,2025-10-28T13:32:06.000Z,21.507332777149003,66.94689703807741,599.0764742078104,Almost Rotten,maize-storage-rules-v1,2025-11-07T08:01:49.411779Z,True
cZLnxIfjvAQpUJpkTyzo,26.5,62.0,144.0,OK,2025-11-07T03:50:29.000Z,26.788160303822902,60.91282751597648,350.0,Almost Rotten,maize-storage-rules-v1,2025-11-07T08:01:49.411779Z,True
z6b23tccLdu4Wz5GSlKb,24.6,69.0,246.0,OK,2025-11-06T16:39:04.000Z,24.53799745969847,67.77288209033422,350.0,Almost Rotten,maize-storage-rules-v1,2025-11-07T08:01:49.411779Z,True
YPJghpbTTeJwjvnIzysV,26.2,63.0,203.0,OK,2025-11-07T03:30:47.000Z,26.05495578299215,63.55760076772819,350.0,Almost Rotten,maize-storage-rules-v1,2025-11-07T08:01:49.411779Z,True
tDoDbcJgSqM4rfDXWaGn,21.9,66.0,591.0,OK,2025-10-28T13:32:34.000Z,21.490550980284382,66.83134196389729,593.4393334242379,Almost Rotten,maize-storage-rules-v1,2025-11-07T08:01:49.411779Z,True
IV3b9GKa7OMuINY25AjK,24.2,60.0,149.0,NORMAL,2025-10-21T13:45:00.000Z,24.53028518761608,60.007188607770246,350.0,Normal,maize-storage-rules-v1,2025-11-07T08:01:49.411779Z,True
0KDYB3yzJKlpGMSCUkXh,24.4,60.0,121.0,NORMAL,2025-10-21T14:00:29.000Z,24.45327475212745,60.76622252534398,350.0,Normal,maize-storage-rules-v1,2025-11-07T08:01:49.411779Z,True
Oz5dxhcx7RyLvFLMgs79,25.3,69.0,848.0,OK,2025-11-06T16:14:45.000Z,25.581489239614545,69.87170006070143,853.7223001695817,Almost Rotten,maize-storage-rules-v1,2025-11-07T08:01:49.411779Z,True
nvYHiqm7ImL7C4L8vW1g,25.2,66.0,2865.0,OK,2025-11-06T15:46:32.000Z,25.31401429434609,65.12182319098117,2862.378780319088,Rotten,maize-storage-rules-v1,2025-11-07T08:01:49.411779Z,True
SyNuKdMr9455CvEMGBJc,26.1,62.0,348.0,OK,2025-11-07T03:55:10.000Z,25.799617332949737,61.8209782472201,351.599074383467,Almost Rotten,maize-storage-rules-v1,2025-11-07T08:01:49.411779Z,True
QS9nZ19oRrJyTyLTF9F6,26.1,63.0,190.0,OK,2025-11-07T03:37:11.000Z,26.55194841683944,62.8463684828148,350.0,Almost Rotten,maize-storage-rules-v1,2025-11-07T08:01:49.411779Z,True
TU9AyyKKm46MkKMl0hHX,26.1,63.0,201.0,OK,2025-11-07T03:16:21.000Z,26.47613428921257,62.848430317490944,350.0,Almost Rotten,maize-storage-rules-v1,2025-11-07T08:01:49.411779Z,True
jeI4mFmdIiC80ewPSvsh,24.5,67.0,286.0,OK,2025-11-06T16:36:22.000Z,24.707181160755542,67.73265649221115,350.0,Almost Rotten,maize-storage-rules-v1,2025-11-07T08:01:49.411779Z,True
ZecPft29vM23OG7GqL0G,24.6,68.0,197.0,OK,2025-11-06T16:47:15.000Z,24.735407236545385,67.86588616731929,350.0,Almost Rotten,maize-storage-rules-v1,2025-11-07T08:01:49.411779Z,True
XPOfrBPRPoqvfk3m5Q5i,25.5,67.0,967.0,OK,2025-11-06T16:12:51.000Z,25.10985446989765,66.91089784146276,976.644161298576,Almost Rotten,maize-storage-rules-v1,2025-11-07T08:01:49.411779Z,True
qdlnXCJtTsyq9x6WI2i1,24.0,59.0,130.0,NORMAL,2025-10-21T13:52:39.000Z,23.95435222544137,58.3778415435652,350.0,Normal,maize-storage-rules-v1,2025-11-07T08:01:49.411779Z,True
Q0IuQt36pgeWo7myNldi,25.2,65.0,336.0,OK,2025-11-07T03:08:56.000Z,25.286649065088824,64.69166659384754,350.0,Almost Rotten,maize-storage-rules-v1,2025-11-07T08:01:49.411779Z,True
MDNlB2Y3BmIU2cYuZwsZ,23.6,68.0,319.0,OK,2025-11-07T04:15:37.000Z,23.284053889258725,68.72182414091257,350.0,Almost Rotten,maize-storage-rules-v1,2025-11-07T08:01:49.411779Z,True
Tfe6uY0RxpE5mUc9B1dG,24.6,69.0,427.0,OK,2025-11-06T16:28:57.000Z,24.98215160581384,69.298435808866,433.0519740204897,Almost Rotten,maize-storage-rules-v1,2025-11-07T08:01:49.411779Z,True
pcQ4nGLKHGr39pYNWnZ7,24.3,60.0,166.0,NORMAL,2025-10-21T13:42:49.000Z,24.215832813546943,59.7536013220957,350.0,Normal,maize-storage-rules-v1,2025-11-07T08:01:49.411779Z,True
QTy67IGrxMkzjMv0S7ze,23.6,68.0,305.0,OK,2025-11-07T04:15:59.000Z,23.19374076094228,68.99986619435909,350.0,Almost Rotten,maize-storage-rules-v1,2025-11-07T08:01:49.411779Z,True
fZdXwXMvmEwgbRxPjxLf,25.9,64.0,250.0,OK,2025-11-07T03:12:15.000Z,26.30202880803541,64.96556893793003,350.0,Almost Rotten,maize-storage-rules-v1,2025-11-07T08:01:49.411779Z,True
dzZPsCf9lBvtSES22kUQ,25.7,68.0,4095.0,OK,2025-11-06T15:43:58.000Z,25.7029554352158,67.60659125591104,4017.3673916994353,Rotten,maize-storage-rules-v1,2025-11-07T08:01:49.411779Z,True
Vk58MHE3lRHOuQ0jHOHw,24.8,69.0,157.0,OK,2025-11-06T17:07:52.000Z,24.79661775501551,69.10105765814129,350.0,Almost Rotten,maize-storage-rules-v1,2025-11-07T08:01:49.411779Z,True
jMru23c6nBbjIitW8arx,25.3,69.0,3184.0,OK,2025-11-06T15:45:37.000Z,25.708751039061024,68.13809594596134,3193.157480362493,Rotten,maize-storage-rules-v1,2025-11-07T08:01:49.411779Z,True
SutrAsKhsN00KrdujzJV,24.2,60.0,124.0,NORMAL,2025-10-21T13:56:11.000Z,24.26204409266171,60.15377236542037,350.0,Normal,maize-storage-rules-v1,2025-11-07T08:01:49.411779Z,True
mB5UThQnGVgnjYpcCCxN,24.0,60.0,87.0,OK,2025-10-21T14:31:25.000Z,24.02922353241896,60.95904157772001,350.0,Normal,maize-storage-rules-v1,2025-11-07T08:01:49.411779Z,True
PWzHFqgxUXeYiFwoDTlS,23.6,69.0,260.0,OK,2025-11-07T04:20:52.000Z,23.432171596088857,68.61341418428286,350.0,Almost Rotten,maize-storage-rules-v1,2025-11-07T08:01:49.411779Z,True
WhJOl7S6dX9zBzIWzt4c,24.5,68.0,278.0,OK,2025-11-06T16:36:33.000Z,24.80279021045661,67.81528595213621,350.0,Almost Rotten,maize-storage-rules-v1,2025-11-07T08:01:49.411779Z,True
bqKsb83MtEFwB989WNZL,21.9,66.0,550.0,OK,2025-10-28T13:32:51.000Z,21.737368797743795,66.29504733574403,551.8257497693282,Almost Rotten,maize-storage-rules-v1,2025-11-07T08:01:49.411779Z,True
cpOAnMgQ8lvNSuWIEFAF,21.9,66.0,635.0,OK,2025-10-28T13:31:55.000Z,21.627420704336657,65.56298203542178,627.1283459331546,Almost Rotten,maize-storage-rules-v1,2025-11-07T08:01:49.411779Z,True
LnL0fCdAldWxXkTCWsBA,24.2,58.0,255.0,NORMAL,2025-10-21T13:33:40.000Z,24.18208361743584,57.74953851151951,350.0,Normal,maize-storage-rules-v1,2025-11-07T08:01:49.411779Z,True
wbdnFJt33A6ZWxpKelWZ,25.0,64.0,303.0,OK,2025-11-07T03:58:50.000Z,25.157333961768373,65.27716236481132,350.0,Almost Rotten,maize-storage-rules-v1,2025-11-07T08:01:49.411779Z,True
UyK45Lt9oYPpbhVQWvqb,26.3,62.0,295.0,OK,2025-11-07T03:24:03.000Z,26.568827598682045,61.75216505991634,350.0,Almost Rotten,maize-storage-rules-v1,2025-11-07T08:01:49.411779Z,True
isWJInYDL7P5W0IAxlz1,25.2,73.0,2226.0,OK,2025-10-25T10:26:10.000Z,25.2544129748234,71.86732975868514,2252.2594615984667,Rotten,maize-storage-rules-v1,2025-11-07T08:01:49.411779Z,True
v92OwYyWOsxFExQ62xpR,21.6,66.0,702.0,OK,2025-10-28T13:25:49.000Z,21.67960276071677,65.55860618240366,695.2197461074885,Almost Rotten,maize-storage-rules-v1,2025-11-07T08:01:49.411779Z,True
lxNnLyY3AaQHvIJNRzYQ,24.2,60.0,171.0,NORMAL,2025-10-21T13:42:11.000Z,23.72933647992464,60.11836339746202,350.0,Normal,maize-storage-rules-v1,2025-11-07T08:01:49.411779Z,True
Cpfaf7xtkSnnBBcuwaC3,24.6,67.0,202.0,OK,2025-11-06T16:44:33.000Z,24.313712736064605,66.80381226606053,350.0,Almost Rotten,maize-storage-rules-v1,2025-11-07T08:01:49.411779Z,True
UPYR33W5xzk5JmAh53XE,24.7,66.0,144.0,OK,2025-11-06T17:17:14.000Z,24.39688982257579,65.21773988157167,350.0,Almost Rotten,maize-storage-rules-v1,2025-11-07T08:01:49.411779Z,True
RNWDIohg7llo5KislLYW,24.7,68.0,176.0,OK,2025-11-06T17:01:17.000Z,24.99777276063661,68.96966912245233,350.0,Almost Rotten,maize-storage-rules-v1,2025-11-07T08:01:49.411779Z,True
GPSK5zmbmj7uYvzyPcAu,26.7,63.0,1354.0,OK,2025-11-06T15:56:59.000Z,27.112843476399554,61.99561632815314,1373.692579783301,Rotten,maize-storage-rules-v1,2025-11-07T08:01:49.411779Z,True
7Kpq4Zu9E1IjBkZvoCfW,24.8,68.0,155.0,OK,2025-11-06T17:11:06.000Z,24.97926881058511,66.73852474044322,350.0,Almost Rotten,maize-storage-rules-v1,2025-11-07T08:01:49.411779Z,True
NA6Fvpy7d92J6P2AfzTG,24.2,59.0,182.0,NORMAL,2025-10-21T13:39:43.000Z,24.027243935754896,58.5439868372422,350.0,Normal,maize-storage-rules-v1,2025-11-07T08:01:49.411779Z,True
4GrsvruHaBYEjDmop9Nr,26.4,62.0,318.0,OK,2025-11-07T03:53:45.000Z,26.17920923707597,63.10311682642122,350.0,Almost Rotten,maize-storage-rules-v1,2025-11-07T08:01:49.411779Z,True
uiZao2ZWBVxdXlhGe283,24.0,60.0,101.0,OK,2025-10-21T14:30:29.000Z,23.663943818816698,60.30397243680805,350.0,Normal,maize-storage-rules-v1,2025-11-07T08:01:49.411779Z,True
ZDebUPmD2Zm4KBTOJhMT,26.1,63.0,187.0,OK,2025-11-07T03:36:13.000Z,26.222971620479832,62.34855380803932,350.0,Almost Rotten,maize-storage-rules-v1,2025-11-07T08:01:49.411779Z,True
SqswlvcK5CUyfXxBaoZp,24.7,66.0,155.0,OK,2025-11-06T17:17:36.000Z,24.58674504708682,67.15020480801084,350.0,Almost Rotten,maize-storage-rules-v1,2025-11-07T08:01:49.411779Z,True
85ycbUBHdRJxR0dI6USe,24.2,59.0,135.0,NORMAL,2025-10-21T13:47:04.000Z,24.53740655313287,59.49291450512032,350.0,Normal,maize-storage-rules-v1,2025-11-07T08:01:49.411779Z,True
WA94mCKtMqXZWjSQOo3H,25.5,69.0,3753.0,OK,2025-11-06T15:44:36.000Z,25.29987255077814,70.03705900515263,3755.7009248958207,Rotten,maize-storage-rules-v1,2025-11-07T08:01:49.411779Z,True
cbzmQLP5cbL5sdoeCSuk,24.6,68.0,214.0,OK,2025-11-06T16:43:12.000Z,24.317665735448617,68.54201660051791,350.0,Almost Rotten,maize-storage-rules-v1,2025-11-07T08:01:49.411779Z,True
uhxzs3hHGYTqKT2gz8cq,24.2,59.0,266.0,NORMAL,2025-10-21T13:33:24.000Z,24.069365734984444,59.28611030058425,350.0,Normal,maize-storage-rules-v1,2025-11-07T08:01:49.411779Z,True
T8KctkuTCOOPcNlzH3ej,24.7,65.0,135.0,OK,2025-11-06T17:20:43.000Z,25.13031544051654,63.78081886802088,350.0,Almost Rotten,maize-storage-rules-v1,2025-11-07T08:01:49.411779Z,True
sbBQU4ZaCkKE61lsqblM,24.4,60.0,112.0,NORMAL,2025-10-21T14:00:03.000Z,24.838100786977545,59.95417946923555,350.0,Normal,maize-storage-rules-v1,2025-11-07T08:01:49.411779Z,True
XdwUYjqjfsDK27pypWPc,24.6,69.0,414.0,OK,2025-11-06T16:29:08.000Z,24.17010729597261,67.88284476439591,417.19566948089937,Almost Rotten,maize-storage-rules-v1,2025-11-07T08:01:49.411779Z,True
eKFI8jtlb6lgu4y3KTvZ,26.2,62.0,197.0,OK,2025-11-07T03:19:24.000Z,26.43248447618083,62.76775642177192,350.0,Almost Rotten,maize-storage-rules-v1,2025-11-07T08:01:49.411779Z,True
vXO48nzSLMA0X8r2hYg3,26.5,62.0,140.0,OK,2025-11-07T03:48:04.000Z,26.9578610313838,60.86876854287643,350.0,Almost Rotten,maize-storage-rules-v1,2025-11-07T08:01:49.411779Z,True
ETuKsWx87CPmjk4lG9dV,24.3,66.0,301.0,OK,2025-11-07T04:03:28.000Z,24.143367677812535,65.9775947768595,350.0,Almost Rotten,maize-storage-rules-v1,2025-11-07T08:01:49.411779Z,True
9etPY8AEXT1RMm3IpKYg,24.7,69.0,160.0,OK,2025-11-06T16:59:57.000Z,24.883863208724183,68.06253322484231,350.0,Almost Rotten,maize-storage-rules-v1,2025-11-07T08:01:49.411779Z,True
ahycd7BmOFQwJECpkvcG,24.7,68.0,170.0,OK,2025-11-06T17:01:22.000Z,24.275092451899138,69.11144034124084,350.0,Almost Rotten,maize-storage-rules-v1,2025-11-07T08:01:49.411779Z,True
KqVZ8hQCPpQnbQEDi6Cr,26.4,62.0,191.0,OK,2025-11-07T03:44:42.000Z,26.096027662344607,62.797669022829865,350.0,Almost Rotten,maize-storage-rules-v1,2025-11-07T08:01:49.411779Z,True
de2AB0RO6PNJYO8Y9T9L,25.6,64.0,265.0,OK,2025-11-07T03:10:46.000Z,25.86620608890955,64.80768705516917,350.0,Almost Rotten,maize-storage-rules-v1,2025-11-07T08:01:49.411779Z,True
e2N8ZgnyGAHxk988iTt7,24.7,69.0,166.0,OK,2025-11-06T17:02:32.000Z,24.59636061549732,70.09463507752692,350.0,Rotten,maize-storage-rules-v1,2025-11-07T08:01:49.411779Z,True
yZWpnzod99Qv8SO2t7SZ,26.5,62.0,144.0,OK,2025-11-07T03:51:43.000Z,26.14299908580085,63.0574512527281,350.0,Almost Rotten,maize-storage-rules-v1,2025-11-07T08:01:49.411779Z,True
ez6yluPAbrrOKlDPL1ic,26.5,62.0,160.0,OK,2025-11-07T03:49:10.000Z,26.24306937315296,62.84334138113431,350.0,Almost Rotten,maize-storage-rules-v1,2025-11-07T08:01:49.411779Z,True
ihmAZyc64IhNKlLKSquo,24.2,60.0,145.0,NORMAL,2025-10-21T13:45:38.000Z,24.11125668590873,59.37080492371629,350.0,Normal,maize-storage-rules-v1,2025-11-07T08:01:49.411779Z,True
vOCmAAWnORnjnvLwVvOo,26.7,63.0,1365.0,OK,2025-11-06T15:56:48.000Z,26.970282256226703,62.92729582054958,1382.5370727272157,Rotten,maize-storage-rules-v1,2025-11-07T08:01:49.411779Z,True
H5zt2GPuuI5O021qDOAd,24.7,69.0,169.0,OK,2025-11-06T17:01:33.000Z,24.43827595147809,68.78211155986817,350.0,Almost Rotten,maize-storage-rules-v1,2025-11-07T08:01:49.411779Z,True
XP7UPGuJqAfjrcSnkXvM,24.4,61.0,106.0,NORMAL,2025-10-21T14:06:17.000Z,24.729376325936872,60.31711983576876,350.0,Normal,maize-storage-rules-v1,2025-11-07T08:01:49.411779Z,True
N1OL5HA80iCBsYou54RW,23.6,68.0,308.0,OK,2025-11-07T04:15:42.000Z,24.0278260155105,68.01069766325024,350.0,Almost Rotten,maize-storage-rules-v1,2025-11-07T08:01:49.411779Z,True
04E5M91P3n7ub2TPcvbE,26.2,63.0,191.0,OK,2025-11-07T03:34:01.000Z,26.13594460486015,61.96361092237988,350.0,Almost Rotten,maize-storage-rules-v1,2025-11-07T08:01:49.411779Z,True
brXZgHUo5KJXMSYAtXFC,23.9,67.0,263.0,OK,2025-11-07T04:07:53.000Z,23.67828936020845,67.412685695333,350.0,Almost Rotten,maize-storage-rules-v1,2025-11-07T08:01:49.411779Z,True
Po0lFjz9XhvdPsuhuoMb,25.3,69.0,3184.0,OK,2025-11-06T15:45:26.000Z,25.255929620848445,68.12914157233433,3127.876417266732,Rotten,maize-storage-rules-v1,2025-11-07T08:01:49.411779Z,True
vNcMdkHLQJNYuTILgmKh,24.5,68.0,261.0,OK,2025-11-06T16:37:38.000Z,24.78642542042699,67.09801984431542,350.0,Almost Rotten,maize-storage-rules-v1,2025-11-07T08:01:49.411779Z,True
EW8Gz7sy19HcDYfo4y23,24.2,59.0,132.0,NORMAL,2025-10-21T13:48:24.000Z,23.90147171335349,58.230113455166446,350.0,Normal,maize-storage-rules-v1,2025-11-07T08:01:49.411779Z,True
OJR6jOTm0mwQdo15C66g,24.7,69.0,183.0,OK,2025-11-06T16:54:59.000Z,25.08777783741108,69.53691050395042,350.0,Almost Rotten,maize-storage-rules-v1,2025-11-07T08:01:49.411779Z,True
z5ug8osSFapsOHwB7uW4,23.8,68.0,247.0,OK,2025-11-07T04:09:57.000Z,23.80926739620237,69.01865522958785,350.0,Almost Rotten,maize-storage-rules-v1,2025-11-07T08:01:49.411779Z,True
JIvPA3M6C84rLFHcEOGV,26.0,67.0,1136.0,OK,2025-11-06T16:00:10.000Z,26.435545428138788,65.68714662407511,1115.406816556095,Almost Rotten,maize-storage-rules-v1,2025-11-07T08:01:49.411779Z,True
bkI1rQdFMEkicdtYqyke,24.4,60.0,106.0,NORMAL,2025-10-21T14:06:01.000Z,24.739488782410287,61.18960752150095,350.0,Normal,maize-storage-rules-v1,2025-11-07T08:01:49.411779Z,True
1skLKJgpw04es70Vo1Ox,26.5,62.0,157.0,OK,2025-11-07T03:48:41.000Z,26.501107461609568,61.46757374412605,350.0,Almost Rotten,maize-storage-rules-v1,2025-11-07T08:01:49.411779Z,True
fxobQhhoa0zelYW3v1R1,24.7,67.0,186.0,OK,2025-11-06T16:56:58.000Z,25.077588969485003,66.05295002287646,350.0,Almost Rotten,maize-storage-rules-v1,2025-11-07T08:01:49.411779Z,True
83O0yFWiFWMscQVIWpD5,24.8,69.0,166.0,OK,2025-11-06T17:03:20.000Z,25.24526706330162,68.87924256839,350.0,Almost Rotten,maize-storage-rules-v1,2025-11-07T08:01:49.411779Z,True
gFMdNO08MFr5MkaQrME2,27.3,61.0,1698.0,OK,2025-11-06T15:51:40.000Z,27.673540605735287,61.05367362439159,1665.8833460074136,Rotten,maize-storage-rules-v1,2025-11-07T08:01:49.411779Z,True
jRZFJqbbP8Cve7qNFFub,25.8,65.0,1088.0,OK,2025-11-06T16:11:30.000Z,25.90260846645449,64.01723882284338,1080.927130604201,Almost Rotten,maize-storage-rules-v1,2025-11-07T08:01:49.411779Z,True
fnPKjEN7FCqKg1Hxh7Wn,24.5,65.0,273.0,OK,2025-11-07T04:01:52.000Z,24.217536720196986,64.51610530641442,350.0,Normal,maize-storage-rules-v1,2025-11-07T08:01:49.411779Z,True
JLNtzKkBOGXCnaSAPRbD,25.6,66.0,762.0,OK,2025-11-06T16:16:27.000Z,25.705906641237323,65.88100260016257,777.1000681958764,Almost Rotten,maize-storage-rules-v1,2025-11-07T08:01:49.411779Z,True
GyXlJtkkLZ9DccaeoPN0,24.0,59.0,126.0,NORMAL,2025-10-21T13:50:04.000Z,24.24188459671192,58.04238248009279,350.0,Normal,maize-storage-rules-v1,2025-11-07T08:01:49.411779Z,True
ND4PnxCoBr39WJHcVxN8,23.9,67.0,281.0,OK,2025-11-07T04:07:04.000Z,23.93048310332684,66.85456353780408,350.0,Almost Rotten,maize-storage-rules-v1,2025-11-07T08:01:49.411779Z,True
aWURKRDtVpp8Af5M7kRa,24.1,59.0,128.0,NORMAL,2025-10-21T13:49:06.000Z,23.760118619160107,58.729183063701456,350.0,Normal,maize-storage-rules-v1,2025-11-07T08:01:49.411779Z,True
9eI3kHiTkkBlR7SxBLdn,27.0,63.0,1517.0,OK,2025-11-06T15:54:33.000Z,27.09531863996676,63.12319672429656,1506.3409507875967,Rotten,maize-storage-rules-v1,2025-11-07T08:01:49.411779Z,True
Mo94lHlXRDDOqt85FV7v,23.6,68.0,317.0,OK,2025-11-07T04:16:16.000Z,24.01537794620229,68.95734489683633,350.0,Almost Rotten,maize-storage-rules-v1,2025-11-07T08:01:49.411779Z,True
7yQUMSUvVZeYZZj2d6rY,24.2,59.0,207.0,NORMAL,2025-10-21T13:36:15.000Z,24.071751432191444,59.99795989650345,350.0,Normal,maize-storage-rules-v1,2025-11-07T08:01:49.411779Z,True
M9gPeGHYEtYlO4pRiXMW,24.5,68.0,263.0,OK,2025-11-06T16:37:43.000Z,24.308377195946512,69.28183078025131,350.0,Almost Rotten,maize-storage-rules-v1,2025-11-07T08:01:49.411779Z,True
G2QzRHziT1rRZbux60cd,24.2,60.0,170.0,NORMAL,2025-10-21T13:42:38.000Z,23.72035612094159,60.151118187203735,350.0,Normal,maize-storage-rules-v1,2025-11-07T08:01:49.411779Z,True
HDaas0DUd5dTVNHqtf4E,24.0,59.0,124.0,NORMAL,2025-10-21T13:54:29.000Z,24.14730164064911,58.98009521091532,350.0,Normal,maize-storage-rules-v1,2025-11-07T08:01:49.411779Z,True
T2cdHR0tp0UAahcJQ0vY,24.6,67.0,196.0,OK,2025-11-06T16:44:11.000Z,24.98401973843444,67.71962554016525,350.0,Almost Rotten,maize-storage-rules-v1,2025-11-07T08:01:49.411779Z,True
Unn8QIeRWnFWCMgUmaKe,24.6,69.0,373.0,OK,2025-11-06T16:30:24.000Z,24.42358409794697,70.18384684726875,376.5050897845633,Rotten,maize-storage-rules-v1,2025-11-07T08:01:49.411779Z,True
XuiPRCPY2r6FaOW8XCDp,26.2,63.0,191.0,OK,2025-11-07T03:31:02.000Z,26.69874062230556,62.988157553292325,350.0,Almost Rotten,maize-storage-rules-v1,2025-11-07T08:01:49.411779Z,True
oTpgWAdU9llcWmSKEKju,24.6,67.0,186.0,OK,2025-11-06T16:48:25.000Z,24.430677101394213,66.37645167474629,350.0,Almost Rotten,maize-storage-rules-v1,2025-11-07T08:01:49.411779Z,True
UzZjQzaSIuQTw5eRIOuk,25.3,69.0,851.0,OK,2025-11-06T16:14:39.000Z,25.05451143069352,67.98844850485351,839.4422171192601,Almost Rotten,maize-storage-rules-v1,2025-11-07T08:01:49.411779Z,True
ztgGvY2Jzd6DXcZlTjD5,24.2,59.0,128.0,NORMAL,2025-10-21T13:57:01.000Z,24.105495014910677,57.948126967085074,350.0,Normal,maize-storage-rules-v1,2025-11-07T08:01:49.411779Z,True
CLS9tzrZPuSbNTuSFDWo,23.5,69.0,192.0,OK,2025-11-07T04:22:58.000Z,23.821473618377095,68.53486913329918,350.0,Almost Rotten,maize-storage-rules-v1,2025-11-07T08:01:49.411779Z,True
Txy5eFSGFujsxPBOPtrp,26.3,63.0,153.0,OK,2025-11-07T03:29:30.000Z,26.32741567428409,62.72522074709933,350.0,Almost Rotten,maize-storage-rules-v1,2025-11-07T08:01:49.411779Z,True
rp9NzoRZxG5f4tdouZf6,24.4,59.0,240.0,NORMAL,2025-10-21T13:08:51.000Z,24.035526261112985,59.01273846476015,350.0,Normal,maize-storage-rules-v1,2025-11-07T08:01:49.411779Z,True
odHvP5k5cQWDqJhri8qd,23.9,67.0,269.0,OK,2025-11-07T04:07:25.000Z,24.30967102335481,67.28187395800826,350.0,Almost Rotten,maize-storage-rules-v1,2025-11-07T08:01:49.411779Z,True
vKeBVg7y1WSXLDwvrUMG,24.5,73.0,2379.0,OK,2025-10-25T10:25:59.000Z,24.195701451643476,73.59500783867688,2426.3603046751223,Rotten,maize-storage-rules-v1,2025-11-07T08:01:49.411779Z,True
fuwJzI2zzw4QRfV5eAzO,24.3,60.0,170.0,NORMAL,2025-10-21T13:42:17.000Z,23.88598406823474,60.38272146001314,350.0,Normal,maize-storage-rules-v1,2025-11-07T08:01:49.411779Z,True
sCbwvE0cC5Lq1oQnmftC,21.7,66.0,617.0,OK,2025-10-28T13:28:47.000Z,21.519726419697232,66.95000415012501,627.0777608584041,Almost Rotten,maize-storage-rules-v1,2025-11-07T08:01:49.411779Z,True
Pk63GKkeWYMhrzPWW7KN,26.2,62.0,208.0,OK,2025-11-07T03:19:55.000Z,26.45675111901711,62.58988580977381,350.0,Almost Rotten,maize-storage-rules-v1,2025-11-07T08:01:49.411779Z,True
cc2sIupF1xvVByb7FbmY,24.0,64.0,137.0,NORMAL,2025-10-21T13:55:29.000Z,23.52413354464097,63.63313356711788,350.0,Normal,maize-storage-rules-v1,2025-11-07T08:01:49.411779Z,True
ZNPZO6W0zDztQfyPH00P,21.7,66.0,644.0,OK,2025-10-28T13:27:00.000Z,21.64337146023025,66.53765738625881,646.570323937403,Almost Rotten,maize-storage-rules-v1,2025-11-07T08:01:49.411779Z,True
EQt1ngdJPuC1S1brUOG1,24.8,66.0,157.0,OK,2025-11-06T17:08:58.000Z,24.929785582441824,67.15371960231333,350.0,Almost Rotten,maize-storage-rules-v1,2025-11-07T08:01:49.411779Z,True
kzSjaOnguf4wKqAR44g2,24.7,67.0,135.0,OK,2025-11-06T17:14:13.000Z,25.137257579510564,66.09616924772361,350.0,Almost Rotten,maize-storage-rules-v1,2025-11-07T08:01:49.411779Z,True
rsJUqA7Iyc7vMf6ak23I,26.4,62.0,173.0,OK,2025-11-07T03:46:50.000Z,26.63594352500641,62.68247447324963,350.0,Almost Rotten,maize-storage-rules-v1,2025-11-07T08:01:49.411779Z,True
rRLMMgUxY1vq379umYl7,24.6,68.0,187.0,OK,2025-11-06T16:48:04.000Z,24.867510772190425,67.01508686416055,350.0,Almost Rotten,maize-storage-rules-v1,2025-11-07T08:01:49.411779Z,True
jHrP6rEXiPA0MMBn5CWM,24.7,67.0,144.0,OK,2025-11-06T17:16:16.000Z,24.216884467375618,66.72523054429094,350.0,Almost Rotten,maize-storage-rules-v1,2025-11-07T08:01:49.411779Z,True
aUBvInyhRl9SdBcD5kBG,24.5,59.0,230.0,NORMAL,2025-10-21T13:09:20.000Z,24.478836827564944,59.913412087980106,350.0,Normal,maize-storage-rules-v1,2025-11-07T08:01:49.411779Z,True
PWLmUMViI8JepEJLf90n,23.6,68.0,319.0,OK,2025-11-07T04:17:07.000Z,23.934161251082987,68.20623476579135,350.0,Almost Rotten,maize-storage-rules-v1,2025-11-07T08:01:49.411779Z,True
clqQx0QKM29pkLqFYjIq,26.2,63.0,190.0,OK,2025-11-07T03:31:29.000Z,26.065377282409862,61.77551850656388,350.0,Almost Rotten,maize-storage-rules-v1,2025-11-07T08:01:49.411779Z,True
SqEBeheRPcHP8umNFCfe,21.7,66.0,611.0,OK,2025-10-28T13:29:20.000Z,21.75314162292856,66.34210549948764,598.8389345532302,Almost Rotten,maize-storage-rules-v1,2025-11-07T08:01:49.411779Z,True
ZFfyffclYZQwnIkzbdYt,26.3,63.0,159.0,OK,2025-11-07T03:29:13.000Z,26.683071944310747,62.407994767208926,350.0,Almost Rotten,maize-storage-rules-v1,2025-11-07T08:01:49.411779Z,True
Ljs42ThtewiJG5VN9tLF,24.5,59.0,208.0,NORMAL,2025-10-21T13:10:13.000Z,24.26425104305744,59.51225444079968,350.0,Normal,maize-storage-rules-v1,2025-11-07T08:01:49.411779Z,True
7EQ7X2N7cKQalXg5p52H,24.7,66.0,143.0,OK,2025-11-06T17:12:42.000Z,24.25874134943565,66.1503050240035,350.0,Almost Rotten,maize-storage-rules-v1,2025-11-07T08:01:49.411779Z,True
7cXKX4fDoXqDZXhX16DZ,26.2,63.0,207.0,OK,2025-11-07T03:19:03.000Z,25.72761831768412,61.97578729173418,350.0,Almost Rotten,maize-storage-rules-v1,2025-11-07T08:01:49.411779Z,True
WCJRxirHCuk2IUH9L9GX,24.0,60.0,144.0,OK,2025-10-21T14:28:08.000Z,24.01963914601654,61.10166332162986,350.0,Normal,maize-storage-rules-v1,2025-11-07T08:01:49.411779Z,True
tqhxIJY55trvfQm9kqdq,24.6,68.0,222.0,OK,2025-11-06T16:42:28.000Z,24.17603195186666,67.62952779148782,350.0,Almost Rotten,maize-storage-rules-v1,2025-11-07T08:01:49.411779Z,True
cYkSxjxkRyWzK5pwsyyl,24.2,58.0,230.0,NORMAL,2025-10-21T13:34:34.000Z,24.466965771671106,57.28094125693087,350.0,Normal,maize-storage-rules-v1,2025-11-07T08:01:49.411779Z,True
SozaRcEaqcFjszlBfOy1,26.2,64.0,2007.0,OK,2025-11-06T15:49:20.000Z,26.114751579505917,62.7715698470313,2032.182099598308,Rotten,maize-storage-rules-v1,2025-11-07T08:01:49.411779Z,True
DU4HxTA726f6Gq35Ru4v,23.6,68.0,319.0,OK,2025-11-07T04:18:23.000Z,23.59366573720303,67.14629741116353,350.0,Almost Rotten,maize-storage-rules-v1,2025-11-07T08:01:49.411779Z,True
YIkwm0wcKszxNTLpg825,24.8,69.0,177.0,OK,2025-11-06T17:02:22.000Z,24.78307488235601,68.31168049335244,350.0,Almost Rotten,maize-storage-rules-v1,2025-11-07T08:01:49.411779Z,True
M4sU5Y97NMdem7KkEyjC,25.4,69.0,846.0,OK,2025-11-06T16:14:50.000Z,25.86024711889227,70.26704241310075,861.7945895669533,Rotten,maize-storage-rules-v1,2025-11-07T08:01:49.411779Z,True
d5crGwxAu2Bb4xQBlI9J,24.5,68.0,229.0,OK,2025-11-06T16:41:46.000Z,24.74948167545377,67.10748467070928,350.0,Almost Rotten,maize-storage-rules-v1,2025-11-07T08:01:49.411779Z,True
noMpsGCwzxw573aRbv6I,24.8,68.0,160.0,OK,2025-11-06T17:11:11.000Z,24.46555369883276,67.00417826870049,350.0,Almost Rotten,maize-storage-rules-v1,2025-11-07T08:01:49.411779Z,True
QzPvQPmMhqSVwMnQNaVv,26.1,62.0,205.0,OK,2025-11-07T03:18:15.000Z,26.11718361635161,63.14547753139411,350.0,Almost Rotten,maize-storage-rules-v1,2025-11-07T08:01:49.411779Z,True
OEDuRwvLl207J8BC2jqH,27.2,59.0,1565.0,OK,2025-11-06T15:53:28.000Z,27.393766338237253,58.59292850481904,1558.475002300101,Rotten,maize-storage-rules-v1,2025-11-07T08:01:49.411779Z,True
twQxswe5s60iKlHaxLvJ,26.7,63.0,1396.0,OK,2025-11-06T15:56:32.000Z,27.08720105083609,61.87444447550986,1396.4190577356644,Rotten,maize-storage-rules-v1,2025-11-07T08:01:49.411779Z,True
KpPkF1QkFjUcLLydDD0T,26.1,63.0,193.0,OK,2025-11-07T03:16:43.000Z,26.474778106422256,63.6464983477728,350.0,Almost Rotten,maize-storage-rules-v1,2025-11-07T08:01:49.411779Z,True
rR9bbXSS5hPJnkaM2wX5,24.7,69.0,186.0,OK,2025-11-06T16:55:04.000Z,24.733498765129703,68.45203420364693,350.0,Almost Rotten,maize-storage-rules-v1,2025-11-07T08:01:49.411779Z,True
DFmWWdiY4lImyghoXjhT,24.0,59.0,128.0,NORMAL,2025-10-21T13:52:33.000Z,24.245116965882957,57.97024607079251,350.0,Normal,maize-storage-rules-v1,2025-11-07T08:01:49.411779Z,True
2LpTCD4J4KiwNTPQshWZ,26.3,62.0,160.0,OK,2025-11-07T03:28:55.000Z,26.06039812306111,61.7219027822049,350.0,Almost Rotten,maize-storage-rules-v1,2025-11-07T08:01:49.411779Z,True
RpRLgBJeFrzQVWOS65QT,24.5,60.0,111.0,NORMAL,2025-10-21T14:03:07.000Z,24.17464083160631,61.02683496438676,350.0,Normal,maize-storage-rules-v1,2025-11-07T08:01:49.411779Z,True
A4iSxFPrR3nDQjZnXbNi,26.2,62.0,150.0,OK,2025-11-07T03:38:30.000Z,25.70639147935828,62.62207410692242,350.0,Almost Rotten,maize-storage-rules-v1,2025-11-07T08:01:49.411779Z,True
OPWVDDBFa6cUngMFpUyt,24.7,69.0,166.0,OK,2025-11-06T17:02:53.000Z,24.50485051776427,69.33619942109065,350.0,Almost Rotten,maize-storage-rules-v1,2025-11-07T08:01:49.411779Z,True
b3oYTvwbm0w6gsIetTb9,24.7,66.0,144.0,OK,2025-11-06T17:17:08.000Z,24.44403599101734,66.07648934545021,350.0,Almost Rotten,maize-storage-rules-v1,2025-11-07T08:01:49.411779Z,True
Suxwx6zoUUHQcDH0hMiA,23.6,68.0,299.0,OK,2025-11-07T04:14:05.000Z,23.7667598490891,66.80753856568657,350.0,Almost Rotten,maize-storage-rules-v1,2025-11-07T08:01:49.411779Z,True
j9uGJV7X8CJ6Bpl0tcRL,26.9,62.0,1792.0,OK,2025-11-06T15:50:52.000Z,26.84048431813956,60.80675191601412,1775.046912518137,Rotten,maize-storage-rules-v1,2025-11-07T08:01:49.411779Z,True
pKd3q32hFoNCwythtVcD,24.5,69.0,398.0,OK,2025-11-06T16:29:57.000Z,24.87182349881793,70.19263311750444,397.824245194425,Rotten,maize-storage-rules-v1,2025-11-07T08:01:49.411779Z,True
NtUsbzyl1u1TDhFULsMG,23.7,68.0,269.0,OK,2025-11-07T04:12:05.000Z,23.370405721229385,69.22748145749,350.0,Almost Rotten,maize-storage-rules-v1,2025-11-07T08:01:49.411779Z,True
DK2jR9nO3XbV2b8VJyNm,24.2,66.0,300.0,OK,2025-11-07T04:04:37.000Z,23.86185143865121,66.62061237285133,350.0,Almost Rotten,maize-storage-rules-v1,2025-11-07T08:01:49.411779Z,True
Je6xtQaeQe9Er2SR5W4i,26.1,63.0,202.0,OK,2025-11-07T03:16:51.000Z,26.33509138696831,61.81142630183992,350.0,Almost Rotten,maize-storage-rules-v1,2025-11-07T08:01:49.411779Z,True
j0pIbzSXBQ6ziQyTJeWr,26.9,63.0,1495.0,OK,2025-11-06T15:55:16.000Z,27.27530031373443,62.98465255274909,1515.1496316666858,Rotten,maize-storage-rules-v1,2025-11-07T08:01:49.411779Z,True
3g2ihkfbdtt8Uwh1A6Cb,24.5,68.0,234.0,OK,2025-11-06T16:41:19.000Z,24.27163614983006,66.8932573799352,350.0,Almost Rotten,maize-storage-rules-v1,2025-11-07T08:01:49.411779Z,True
O0HfnJFvT897qpfeLgxn,26.3,62.0,204.0,OK,2025-11-07T03:20:32.000Z,26.10975263232769,62.0029986511754,350.0,Almost Rotten,maize-storage-rules-v1,2025-11-07T08:01:49.411779Z,True
s6QxzxGs5pxC1wEdgYTv,24.4,60.0,132.0,NORMAL,2025-10-21T13:59:04.000Z,24.77871606803009,60.232409602921074,350.0,Normal,maize-storage-rules-v1,2025-11-07T08:01:49.411779Z,True
sjuCuo9GWsYPAXfzdX5n,24.2,60.0,151.0,NORMAL,2025-10-21T13:44:33.000Z,24.1333541265126,59.23172751528607,350.0,Normal,maize-storage-rules-v1,2025-11-07T08:01:49.411779Z,True
Qk6PH9VoOxovtuojWr9r,25.6,69.0,4095.0,OK,2025-11-06T15:44:20.000Z,25.202529077637816,69.63553350389293,4151.666446437981,Rotten,maize-storage-rules-v1,2025-11-07T08:01:49.411779Z,True
OwzD5CyVLrNQJrLxtQcm,24.7,67.0,142.0,OK,2025-11-06T17:19:11.000Z,24.401436129092087,65.74096266128875,350.0,Almost Rotten,maize-storage-rules-v1,2025-11-07T08:01:49.411779Z,True
8OfGP1K32O3HQMuCVzgf,21.9,66.0,597.0,OK,2025-10-28T13:32:01.000Z,22.281883284685748,66.44043987422279,604.4161873696221,Almost Rotten,maize-storage-rules-v1,2025-11-07T08:01:49.411779Z,True
4Jlsn4sVQqZXAjq05Dre,24.2,58.0,245.0,NORMAL,2025-10-21T13:33:51.000Z,23.875340367419398,59.139120575537454,350.0,Normal,maize-storage-rules-v1,2025-11-07T08:01:49.411779Z,True
lv1J3UEAIWL4u8ngMQib,24.4,59.0,136.0,NORMAL,2025-10-21T13:58:59.000Z,24.547702958770287,58.4967871373943,350.0,Normal,maize-storage-rules-v1,2025-11-07T08:01:49.411779Z,True
Q88IcnnMc36qucAlkzON,26.5,62.0,158.0,OK,2025-11-07T03:48:36.000Z,26.8153614858216,60.87751289986765,350.0,Almost Rotten,maize-storage-rules-v1,2025-11-07T08:01:49.411779Z,True
3VXCcGim2UOhG79PJ0tH,26.2,63.0,179.0,OK,2025-11-07T03:31:18.000Z,26.65884212481378,63.07465560721791,350.0,Almost Rotten,maize-storage-rules-v1,2025-11-07T08:01:49.411779Z,True
LTbNm0RW1UPW2n3aNkSJ,26.2,62.0,146.0,OK,2025-11-07T03:38:09.000Z,25.84668933258117,62.15619596032462,350.0,Almost Rotten,maize-storage-rules-v1,2025-11-07T08:01:49.411779Z,True
MZnOkvw3OwakUcpDS1Za,24.0,58.0,122.0,NORMAL,2025-10-21T13:53:29.000Z,24.33261939462524,57.369648363620485,350.0,Normal,maize-storage-rules-v1,2025-11-07T08:01:49.411779Z,True
OtP20xKjLBg52DwCGsst,25.9,65.0,1108.0,OK,2025-11-06T16:11:19.000Z,25.720302529007963,64.41908723550794,1089.167961349663,Almost Rotten,maize-storage-rules-v1,2025-11-07T08:01:49.411779Z,True
uxiF0CQEjslpBwHRpDc8,24.2,59.0,217.0,NORMAL,2025-10-21T13:35:28.000Z,23.72434150490547,59.73604034167071,350.0,Normal,maize-storage-rules-v1,2025-11-07T08:01:49.411779Z,True
lKZMWAnhdxAwCwycdehH,24.7,68.0,159.0,OK,2025-11-06T17:00:29.000Z,24.29334146321227,68.73184840564485,350.0,Almost Rotten,maize-storage-rules-v1,2025-11-07T08:01:49.411779Z,True
ktmwAYiBtp3Xp6KQdwXs,26.9,62.0,1790.0,OK,2025-11-06T15:50:47.000Z,26.550092747586717,62.18817560116899,1820.910756771526,Rotten,maize-storage-rules-v1,2025-11-07T08:01:49.411779Z,True
fnSU5quxOQmfQg7GUVWO,24.2,59.0,189.0,NORMAL,2025-10-21T13:38:48.000Z,23.832267089938146,59.57038926150648,350.0,Normal,maize-storage-rules-v1,2025-11-07T08:01:49.411779Z,True
qYulhkOgtSUqYgz9vjM7,24.2,63.0,127.0,NORMAL,2025-10-21T13:55:50.000Z,23.826370577211847,63.4560358323154,350.0,Normal,maize-storage-rules-v1,2025-11-07T08:01:49.411779Z,True
JR1wq8vzjz3tenVgcZpq,24.7,68.0,202.0,OK,2025-11-06T16:52:18.000Z,24.995622959974597,68.15458417252852,350.0,Almost Rotten,maize-storage-rules-v1,2025-11-07T08:01:49.411779Z,True
kQSmlmjPOtRjUD3Xi9xR,26.1,71.0,176.0,OK,2025-10-21T10:45:24.000Z,26.21978516093257,71.69893601908306,350.0,Rotten,maize-storage-rules-v1,2025-11-07T08:01:49.411779Z,True
s7XagImEkhMqjXBlGh6u,24.6,69.0,213.0,OK,2025-11-06T16:51:35.000Z,24.85998298398684,69.28335377310836,350.0,Almost Rotten,maize-storage-rules-v1,2025-11-07T08:01:49.411779Z,True
QA4AlT8getaPhpr7PBpS,24.5,67.0,288.0,OK,2025-11-06T16:35:45.000Z,24.83239038890964,65.72640470543308,350.0,Almost Rotten,maize-storage-rules-v1,2025-11-07T08:01:49.411779Z,True
erhpwjNQD4apOejpoml2,21.4,68.0,1983.0,OK,2025-10-28T08:46:23.000Z,20.998444268502844,66.80024972299339,1965.5726370342625,Rotten,maize-storage-rules-v1,2025-11-07T08:01:49.411779Z,True
TqcF0lHyjxVugCRAX2b2,25.4,68.0,685.0,OK,2025-11-06T16:18:52.000Z,25.009171661120764,68.55882218095805,694.2606437316135,Almost Rotten,maize-storage-rules-v1,2025-11-07T08:01:49.411779Z,True
tT15mT0L9vKwNDnRde0H,24.2,58.0,217.0,NORMAL,2025-10-21T13:35:22.000Z,23.9077779736869,57.479768015148565,350.0,Normal,maize-storage-rules-v1,2025-11-07T08:01:49.411779Z,True
Ns1i2T7edeWiEtBYXpec,24.7,65.0,265.0,OK,2025-11-07T04:00:26.000Z,24.333481696495856,65.99540350901214,350.0,Almost Rotten,maize-storage-rules-v1,2025-11-07T08:01:49.411779Z,True
H3X6Mi8oVqjUSTdhifH7,24.5,68.0,284.0,OK,2025-11-06T16:37:05.000Z,24.88905686279754,68.34945643415737,350.0,Almost Rotten,maize-storage-rules-v1,2025-11-07T08:01:49.411779Z,True
WZhGNKk51HixllEvY1Nd,27.0,63.0,1502.0,OK,2025-11-06T15:54:44.000Z,26.83167236430841,62.60906182387576,1485.7622701188966,Rotten,maize-storage-rules-v1,2025-11-07T08:01:49.411779Z,True
4oYr1AI2K4ncBCgzLIG2,24.5,69.0,254.0,OK,2025-11-06T16:38:21.000Z,24.37618457429624,67.90517108727543,350.0,Almost Rotten,maize-storage-rules-v1,2025-11-07T08:01:49.411779Z,True
BKroBTmJxtmMYd1xz72v,24.6,67.0,226.0,OK,2025-11-06T16:40:09.000Z,24.239949096114803,67.62076040135304,350.0,Almost Rotten,maize-storage-rules-v1,2025-11-07T08:01:49.411779Z,True
u3nFwWN4YHBG1gBQMJcO,25.0,69.0,816.0,OK,2025-11-06T16:25:46.000Z,24.734703489051896,69.78132374918745,820.8439760325532,Almost Rotten,maize-storage-rules-v1,2025-11-07T08:01:49.411779Z,True
2c3Wl3GmVLK6WfyCbj6X,23.6,68.0,291.0,OK,2025-11-07T04:15:09.000Z,23.936643884183205,69.28382461214882,350.0,Almost Rotten,maize-storage-rules-v1,2025-11-07T08:01:49.411779Z,True
WBhwXnzf7b1FAdFOd8Ec,24.7,68.0,188.0,OK,2025-11-06T16:57:14.000Z,24.229682711261617,67.79714955314776,350.0,Almost Rotten,maize-storage-rules-v1,2025-11-07T08:01:49.411779Z,True
mfPqdAFPPBAip5znHhpS,24.0,59.0,116.0,NORMAL,2025-10-21T13:50:32.000Z,24.4681415498462,60.16773608203705,350.0,Normal,maize-storage-rules-v1,2025-11-07T08:01:49.411779Z,True
pRZ02cgR74SgyFtCzV0R,25.6,68.0,578.0,OK,2025-11-06T16:20:46.000Z,25.423675105990643,68.01992122449316,572.8241225401296,Almost Rotten,maize-storage-rules-v1,2025-11-07T08:01:49.411779Z,True
MIvbvfdDidnftZgU4XHJ,21.3,68.0,2160.0,OK,2025-10-28T08:45:35.000Z,21.37176213677216,67.67615774669228,2191.376292205897,Rotten,maize-storage-rules-v1,2025-11-07T08:01:49.411779Z,True
Cu46MYa9pahJznNxx8BG,26.3,62.0,150.0,OK,2025-11-07T03:41:18.000Z,25.94626637207973,61.00382514599215,350.0,Almost Rotten,maize-storage-rules-v1,2025-11-07T08:01:49.411779Z,True
UF5kij82gFcaFf9dOXr5,24.7,66.0,139.0,OK,2025-11-06T17:20:27.000Z,25.16523411180319,65.53568792654775,350.0,Almost Rotten,maize-storage-rules-v1,2025-11-07T08:01:49.411779Z,True
kHrb66P5GozQDwjezkD4,26.3,62.0,192.0,OK,2025-11-07T03:21:34.000Z,26.795187089578416,60.93481397328516,350.0,Almost Rotten,maize-storage-rules-v1,2025-11-07T08:01:49.411779Z,True
ZgNnQ0I4W2KyE6godK93,24.7,67.0,144.0,OK,2025-11-06T17:15:55.000Z,25.091994307131607,66.48986744047285,350.0,Almost Rotten,maize-storage-rules-v1,2025-11-07T08:01:49.411779Z,True
9HMtFzeqOJ9aeM7eu0I4,24.0,59.0,124.0,NORMAL,2025-10-21T13:51:55.000Z,23.82186238099609,59.17427491277805,350.0,Normal,maize-storage-rules-v1,2025-11-07T08:01:49.411779Z,True
VVgjvnlEmeOaDgxpFWSy,24.4,63.0,202.0,OK,2025-10-21T14:10:47.000Z,24.36657926178868,63.04712835530243,350.0,Normal,maize-storage-rules-v1,2025-11-07T08:01:49.411779Z,True
m1oIKGYuXJ6jkaqP1yPX,27.3,61.0,1713.0,OK,2025-11-06T15:51:35.000Z,27.18432659579197,60.305471488649744,1683.4173879924165,Rotten,maize-storage-rules-v1,2025-11-07T08:01:49.411779Z,True
KshNrdpuNf0N0Se0ei9d,24.4,59.0,128.0,NORMAL,2025-10-21T13:58:10.000Z,24.37052566685863,59.452835996814,350.0,Normal,maize-storage-rules-v1,2025-11-07T08:01:49.411779Z,True
edqUoSknxoQvObQ6zADa,23.6,69.0,262.0,OK,2025-11-07T04:20:15.000Z,23.445992577378608,69.82258902351077,350.0,Almost Rotten,maize-storage-rules-v1,2025-11-07T08:01:49.411779Z,True
N4WzL01gmj5IbJ6F16JV,24.7,59.0,4095.0,OK,2025-10-23T14:24:29.000Z,24.753763553415453,58.25529246769295,4013.7463482524554,Rotten,maize-storage-rules-v1,2025-11-07T08:01:49.411779Z,True
5ZIL4hSXSRMBiimcYJkP,24.3,60.0,170.0,NORMAL,2025-10-21T13:42:27.000Z,23.94138813451371,60.89577584724931,350.0,Normal,maize-storage-rules-v1,2025-11-07T08:01:49.411779Z,True
1wga06i0JlUJFMj6KiuE,24.6,67.0,202.0,OK,2025-11-06T16:45:16.000Z,24.48292488647894,66.34373407823446,350.0,Almost Rotten,maize-storage-rules-v1,2025-11-07T08:01:49.411779Z,True
7rqiMyo2QH12VfXHebFh,26.5,62.0,136.0,OK,2025-11-07T03:50:02.000Z,26.460567327529127,61.7122004974234,350.0,Almost Rotten,maize-storage-rules-v1,2025-11-07T08:01:49.411779Z,True
sP4xuYUFDXobJN3IfRry,21.5,68.0,1686.0,OK,2025-10-28T08:47:58.000Z,21.327247623983208,69.35922439489107,1672.079797923451,Rotten,maize-storage-rules-v1,2025-11-07T08:01:49.411779Z,True
Nfy2Of0scyq0wC4DbUMS,24.4,62.0,129.0,OK,2025-10-21T14:11:09.000Z,24.33947785245028,62.75362919596601,350.0,Normal,maize-storage-rules-v1,2025-11-07T08:01:49.411779Z,True
lWZT57QjoQyQcjm5i9n7,23.9,62.0,353.0,OK,2025-10-21T14:27:20.000Z,24.227651762178983,63.18554599620598,353.37602877742256,Normal,maize-storage-rules-v1,2025-11-07T08:01:49.411779Z,True
eV6PHKrILUabk9otVkU3,24.8,69.0,166.0,OK,2025-11-06T17:03:41.000Z,25.172534732171016,68.58682204460659,350.0,Almost Rotten,maize-storage-rules-v1,2025-11-07T08:01:49.411779Z,True
qiHF9owAbNQ7onwfxGZq,24.6,69.0,187.0,OK,2025-11-06T16:50:30.000Z,24.357254679094357,69.59216379122543,350.0,Almost Rotten,maize-storage-rules-v1,2025-11-07T08:01:49.411779Z,True
MQOCaW0JXJYcoyf8GAND,26.2,62.0,207.0,OK,2025-11-07T03:20:01.000Z,26.472495690387746,62.83729088628161,350.0,Almost Rotten,maize-storage-rules-v1,2025-11-07T08:01:49.411779Z,True
7tYTeBXrCgSDUj0WJYh2,26.3,62.0,192.0,OK,2025-11-07T03:29:58.000Z,26.276726892272983,62.36896176164362,350.0,Almost Rotten,maize-storage-rules-v1,2025-11-07T08:01:49.411779Z,True
84bnnQX69qDxGVuLkeJ2,24.6,65.0,141.0,OK,2025-11-06T17:21:15.000Z,24.58121586144728,64.3347095952225,350.0,Normal,maize-storage-rules-v1,2025-11-07T08:01:49.411779Z,True
gKQh6poSFE7tL2koPFDP,26.2,62.0,144.0,OK,2025-11-07T03:39:07.000Z,26.57351729292721,61.92957489232957,350.0,Almost Rotten,maize-storage-rules-v1,2025-11-07T08:01:49.411779Z,True
weTJJBDghH17W379aPDN,23.6,69.0,260.0,OK,2025-11-07T04:22:10.000Z,23.80788393137852,68.25384044802124,350.0,Almost Rotten,maize-storage-rules-v1,2025-11-07T08:01:49.411779Z,True
P6srcMwfqnNAb1PPshuD,24.0,59.0,128.0,NORMAL,2025-10-21T13:52:26.000Z,24.16774708545531,58.52169768161141,350.0,Normal,maize-storage-rules-v1,2025-11-07T08:01:49.411779Z,True
Ue8JHFjAOhATvV95A36Y,24.7,69.0,192.0,OK,2025-11-06T16:55:15.000Z,24.592794075776297,70.14429391446606,350.0,Rotten,maize-storage-rules-v1,2025-11-07T08:01:49.411779Z,True
sd0yAFxAN09CnJ36LHNZ,26.2,62.0,288.0,OK,2025-11-07T03:53:56.000Z,26.46881519401822,61.30777951042686,350.0,Almost Rotten,maize-storage-rules-v1,2025-11-07T08:01:49.411779Z,True
p15A7526SGIA71V7z5yB,24.5,67.0,629.0,OK,2025-11-07T03:05:39.000Z,24.7647832104553,67.31390458819484,638.5086405981083,Almost Rotten,maize-storage-rules-v1,2025-11-07T08:01:49.411779Z,True
BWmEFq65cFC1UiEySOwp,24.2,59.0,184.0,NORMAL,2025-10-21T13:39:05.000Z,23.92666441384266,58.61647570706727,350.0,Normal,maize-storage-rules-v1,2025-11-07T08:01:49.411779Z,True
OhILc9yousKCSo0ASicy,26.0,68.0,1383.0,OK,2025-11-06T16:10:13.000Z,26.161738447876772,67.22927585673499,1400.619359362469,Rotten,maize-storage-rules-v1,2025-11-07T08:01:49.411779Z,True
Mif2fOfgLEbcRRVLBPl1,26.3,62.0,317.0,OK,2025-11-07T03:22:00.000Z,26.69405304712806,61.318614554365176,350.0,Almost Rotten,maize-storage-rules-v1,2025-11-07T08:01:49.411779Z,True
xg2nvZkjkEWBDag7qvpq,26.7,60.0,4095.0,OK,2025-10-23T14:22:42.000Z,27.152087273195413,61.04966477178908,4152.450213065094,Rotten,maize-storage-rules-v1,2025-11-07T08:01:49.411779Z,True
43pqQzY0QnSGtCGvMCxh,24.7,67.0,471.0,OK,2025-11-06T16:27:29.000Z,24.75419423975878,67.06724986536423,478.6180990697265,Almost Rotten,maize-storage-rules-v1,2025-11-07T08:01:49.411779Z,True
T04Y2GpCBl8SYUE2KdK6,24.7,67.0,144.0,OK,2025-11-06T17:15:33.000Z,24.375896827713778,67.91373117236074,350.0,Almost Rotten,maize-storage-rules-v1,2025-11-07T08:01:49.411779Z,True
ZNYT2eZi2w555zHNWjOo,24.0,60.0,120.0,OK,2025-10-21T14:29:02.000Z,23.73949977855563,59.18772174348286,350.0,Normal,maize-storage-rules-v1,2025-11-07T08:01:49.411779Z,True
xaFB3MNlDVYiJo2czoxO,24.4,60.0,4095.0,OK,2025-10-23T14:24:50.000Z,24.69544005669983,59.80008245656322,4170.947089099648,Rotten,maize-storage-rules-v1,2025-11-07T08:01:49.411779Z,True
bgCntNY62W8bgWDSrbWw,21.9,66.0,594.0,OK,2025-10-28T13:31:44.000Z,21.557183622457742,65.89320447933102,589.6578266859789,Almost Rotten,maize-storage-rules-v1,2025-11-07T08:01:49.411779Z,True
ooNkXaLy6c33OhZSvSkz,25.5,69.0,803.0,OK,2025-11-06T16:15:28.000Z,25.772213079469346,67.75671644010457,798.5408867306162,Almost Rotten,maize-storage-rules-v1,2025-11-07T08:01:49.411779Z,True
qPl4KDXIYaqMOOLUrRsG,24.0,58.0,128.0,NORMAL,2025-10-21T13:53:40.000Z,24.47977472343777,58.532862225138814,350.0,Normal,maize-storage-rules-v1,2025-11-07T08:01:49.411779Z,True
AuRcOZAV70d9LcS8FNkZ,23.8,68.0,254.0,OK,2025-11-07T04:10:44.000Z,23.488817709794223,69.13876775296671,350.0,Almost Rotten,maize-storage-rules-v1,2025-11-07T08:01:49.411779Z,True
HPPiz9iGDSl38d2dpXFW,23.6,68.0,304.0,OK,2025-11-07T04:14:26.000Z,23.867929959250677,67.33615430271563,350.0,Almost Rotten,maize-storage-rules-v1,2025-11-07T08:01:49.411779Z,True
LawjSj8vzyrYAKV98mpv,25.7,64.0,277.0,OK,2025-11-07T03:11:18.000Z,25.436417454228646,64.63010190266704,350.0,Almost Rotten,maize-storage-rules-v1,2025-11-07T08:01:49.411779Z,True
Hf6hXgulb9Y6Two5eaIe,28.3,66.0,2045.0,OK,2025-10-25T10:26:20.000Z,27.94362301848744,67.14414526207062,2076.1975960162254,Rotten,maize-storage-rules-v1,2025-11-07T08:01:49.411779Z,True
68sMFpYTTQz2dnNmvq5a,24.7,68.0,161.0,OK,2025-11-06T17:11:00.000Z,25.12782694294101,68.6428831442399,350.0,Almost Rotten,maize-storage-rules-v1,2025-11-07T08:01:49.411779Z,True
OLRzB8lt0RPyrOmZbG3D,24.0,60.0,129.0,OK,2025-10-21T14:28:30.000Z,24.239633874165957,59.67720791573126,350.0,Normal,maize-storage-rules-v1,2025-11-07T08:01:49.411779Z,True
TDLtAabS178fT53NwNYb,24.5,60.0,122.0,NORMAL,2025-10-21T14:00:34.000Z,24.584055898651627,59.44977852159332,350.0,Normal,maize-storage-rules-v1,2025-11-07T08:01:49.411779Z,True
kgiVTSXItpAjflAJHsVH,24.8,69.0,153.0,OK,2025-11-06T17:07:30.000Z,25.14618659524385,68.37689845934193,350.0,Almost Rotten,maize-storage-rules-v1,2025-11-07T08:01:49.411779Z,True
EYkpkeC0MeHmuu3kTME8,24.8,69.0,165.0,OK,2025-11-06T17:07:15.000Z,24.74862166963082,69.62655010045334,350.0,Almost Rotten,maize-storage-rules-v1,2025-11-07T08:01:49.411779Z,True
LgcEllmx9Ene7J0hJKTN,24.8,68.0,166.0,OK,2025-11-06T17:09:35.000Z,25.17798776350253,68.24009046852584,350.0,Almost Rotten,maize-storage-rules-v1,2025-11-07T08:01:49.411779Z,True
QsKcniLJ8r5ysOTzz6w2,26.2,62.0,178.0,OK,2025-11-07T03:27:45.000Z,26.39509873556468,62.870571728236335,350.0,Almost Rotten,maize-storage-rules-v1,2025-11-07T08:01:49.411779Z,True
vekrAVsF8Fxj9srhp1fc,24.7,67.0,144.0,OK,2025-11-06T17:17:51.000Z,24.43986157059228,67.08516730000275,350.0,Almost Rotten,maize-storage-rules-v1,2025-11-07T08:01:49.411779Z,True
woXgQ2DbaRzYMFj0ZIIC,24.2,58.0,220.0,NORMAL,2025-10-21T13:35:12.000Z,24.37332190648678,58.11430617171585,350.0,Normal,maize-storage-rules-v1,2025-11-07T08:01:49.411779Z,True
eXYeAnzrgjjGL7L1M91q,26.2,63.0,179.0,OK,2025-11-07T03:33:30.000Z,26.07715675459371,63.13485574616712,350.0,Almost Rotten,maize-storage-rules-v1,2025-11-07T08:01:49.411779Z,True
WkqLeNp4ppwzijAjlJuU,25.2,66.0,2929.0,OK,2025-11-06T15:46:26.000Z,25.678212460093714,65.05842346635272,2921.756968544529,Rotten,maize-storage-rules-v1,2025-11-07T08:01:49.411779Z,True
A969W77mi44KKeTMYk45,24.6,69.0,187.0,OK,2025-11-06T16:51:02.000Z,24.303032959577493,69.5470050754209,350.0,Almost Rotten,maize-storage-rules-v1,2025-11-07T08:01:49.411779Z,True
GHMbouNJrh5bsyv6z9Mn,24.4,60.0,108.0,NORMAL,2025-10-21T14:04:13.000Z,24.56749410144332,60.7245764003778,350.0,Normal,maize-storage-rules-v1,2025-11-07T08:01:49.411779Z,True
9a8AGhpNw68Ej6KAqTcO,24.6,68.0,208.0,OK,2025-11-06T16:49:52.000Z,25.04397554544378,66.91066622859404,350.0,Almost Rotten,maize-storage-rules-v1,2025-11-07T08:01:49.411779Z,True
HoBG0q3TY2hQLiepHil8,24.0,60.0,85.0,OK,2025-10-21T14:31:57.000Z,23.935653593153056,60.56990506846036,350.0,Normal,maize-storage-rules-v1,2025-11-07T08:01:49.411779Z,True
pJapyvKVFbWe1sC244Rj,26.2,62.0,193.0,OK,2025-11-07T03:34:53.000Z,26.121507558327934,60.92173486135085,350.0,Almost Rotten,maize-storage-rules-v1,2025-11-07T08:01:49.411779Z,True
Q2oWWsCptuJYOaBcBSaa,24.2,60.0,177.0,NORMAL,2025-10-21T13:41:11.000Z,24.11286295180184,58.89338596985812,350.0,Normal,maize-storage-rules-v1,2025-11-07T08:01:49.411779Z,True
3NzwLBSfXO4ovAkbaG2J,24.7,69.0,190.0,OK,2025-11-06T16:55:26.000Z,25.153056502682546,68.44457503491847,350.0,Almost Rotten,maize-storage-rules-v1,2025-11-07T08:01:49.411779Z,True
A1SPBfhibMSL27fxnMnr,24.8,67.0,157.0,OK,2025-11-06T17:04:56.000Z,24.39371720116826,65.95681085330236,350.0,Almost Rotten,maize-storage-rules-v1,2025-11-07T08:01:49.411779Z,True
TtFbw4992eeETkJU9AfI,24.0,59.0,128.0,NORMAL,2025-10-21T13:53:45.000Z,24.114786486057906,58.377591482376864,350.0,Normal,maize-storage-rules-v1,2025-11-07T08:01:49.411779Z,True
NCoZjMnJainhN4bvlXUe,21.2,68.0,2369.0,OK,2025-10-28T08:44:53.000Z,21.115582655967994,67.47518121141802,2365.228978701596,Rotten,maize-storage-rules-v1,2025-11-07T08:01:49.411779Z,True
vVzE7TKWCeLy4CHCHqWK,24.7,66.0,159.0,OK,2025-11-06T17:12:58.000Z,24.531827954996885,65.11991941759517,350.0,Almost Rotten,maize-storage-rules-v1,2025-11-07T08:01:49.411779Z,True
CS1fhJhEdmLeNf4XE2lD,25.0,64.0,297.0,OK,2025-11-07T03:59:01.000Z,25.242692566725083,64.54057676337705,350.0,Almost Rotten,maize-storage-rules-v1,2025-11-07T08:01:49.411779Z,True
zBxKYGkDkomczPJsep1s,24.8,67.0,545.0,OK,2025-11-06T16:26:46.000Z,24.595608787157172,66.54755769649852,543.7030302586462,Almost Rotten,maize-storage-rules-v1,2025-11-07T08:01:49.411779Z,True
HHiqAelC0vgiRm2EcbuH,24.7,68.0,180.0,OK,2025-11-06T17:01:12.000Z,24.52462243900264,68.69712028303339,350.0,Almost Rotten,maize-storage-rules-v1,2025-11-07T08:01:49.411779Z,True
AOBhyOnwrULgpYRXH8qA,24.7,66.0,144.0,OK,2025-11-06T17:21:36.000Z,24.96884309831513,65.3847048331956,350.0,Almost Rotten,maize-storage-rules-v1,2025-11-07T08:01:49.411779Z,True
nZfNZEH2IeTn8gRKmg6a,25.6,66.0,747.0,OK,2025-11-06T16:16:43.000Z,25.221889856897352,65.73655973590623,740.0406873459259,Almost Rotten,maize-storage-rules-v1,2025-11-07T08:01:49.411779Z,True
GJvgYMDoxe3RvwnAKy3u,26.2,63.0,190.0,OK,2025-11-07T03:31:34.000Z,25.925065964801902,63.95614699045738,350.0,Almost Rotten,maize-storage-rules-v1,2025-11-07T08:01:49.411779Z,True
moizcDf3a6ivPWuo4dWP,23.6,68.0,250.0,OK,2025-11-07T04:19:36.000Z,23.378924086131665,69.03927119753976,350.0,Almost Rotten,maize-storage-rules-v1,2025-11-07T08:01:49.411779Z,True
h1W2M3bm6b5Qi6mOvsNf,24.2,59.0,276.0,NORMAL,2025-10-21T13:33:08.000Z,24.19922001020871,58.17554050754168,350.0,Normal,maize-storage-rules-v1,2025-11-07T08:01:49.411779Z,True
ugQJ4BD3fd3ISuqwZTr4,23.5,69.0,192.0,OK,2025-11-07T04:23:09.000Z,23.3171517756289,68.4983715307468,350.0,Almost Rotten,maize-storage-rules-v1,2025-11-07T08:01:49.411779Z,True
SBMqtBPOZcriI0ruklcM,25.5,68.0,803.0,OK,2025-11-06T16:15:38.000Z,25.463973230614474,69.2546286055556,800.834419170256,Almost Rotten,maize-storage-rules-v1,2025-11-07T08:01:49.411779Z,True
ZM3uXTy76IuRkBft1pXm,23.6,68.0,281.0,OK,2025-11-07T04:19:01.000Z,23.43077300829206,67.71471378792135,350.0,Almost Rotten,maize-storage-rules-v1,2025-11-07T08:01:49.411779Z,True
rThxeU8OOYlc0SxQESfr,26.4,62.0,157.0,OK,2025-11-07T03:41:12.000Z,26.892309972388794,62.68305264262823,350.0,Almost Rotten,maize-storage-rules-v1,2025-11-07T08:01:49.411779Z,True
sOuUFynLp64YJwbtCakc,24.4,59.0,257.0,NORMAL,2025-10-21T13:08:26.000Z,24.21224540177395,58.74945002459665,350.0,Normal,maize-storage-rules-v1,2025-11-07T08:01:49.411779Z,True
hVx4SdeuxGSGuCHkSuvI,25.5,69.0,593.0,OK,2025-11-06T16:20:19.000Z,25.774627432924188,68.64673036854626,595.6593544199079,Almost Rotten,maize-storage-rules-v1,2025-11-07T08:01:49.411779Z,True
bZKe9VrF1kMCxPd3ejqB,21.3,68.0,2126.0,OK,2025-10-28T08:45:51.000Z,20.943143208361164,67.40222589592821,2151.4038919839904,Rotten,maize-storage-rules-v1,2025-11-07T08:01:49.411779Z,True
L4ehJvZAQVvWaBEdaFp1,23.6,68.0,250.0,OK,2025-11-07T04:19:25.000Z,23.94510047711905,68.78759831488179,350.0,Almost Rotten,maize-storage-rules-v1,2025-11-07T08:01:49.411779Z,True
15PEkR5BgczUiS4LTD9m,24.7,67.0,153.0,OK,2025-11-06T17:18:13.000Z,24.514618241685454,67.8654681508775,350.0,Almost Rotten,maize-storage-rules-v1,2025-11-07T08:01:49.411779Z,True
7lp8jUJWCgyODucQOOf4,26.2,62.0,192.0,OK,2025-11-07T03:19:29.000Z,26.62198049483614,61.12343612974515,350.0,Almost Rotten,maize-storage-rules-v1,2025-11-07T08:01:49.411779Z,True
rwlEvBuzLz4VOHU8SlYd,24.4,59.0,239.0,NORMAL,2025-10-21T13:09:09.000Z,23.94755587098649,58.84287062300008,350.0,Normal,maize-storage-rules-v1,2025-11-07T08:01:49.411779Z,True
wlIvlvfrdsXl0VftMDQp,24.7,67.0,178.0,OK,2025-11-06T16:56:31.000Z,24.30597904635229,67.15695169893799,350.0,Almost Rotten,maize-storage-rules-v1,2025-11-07T08:01:49.411779Z,True
knGPe4RrganL9XodU4JT,24.5,68.0,275.0,OK,2025-11-06T16:37:16.000Z,24.315969987463635,68.43678759737237,350.0,Almost Rotten,maize-storage-rules-v1,2025-11-07T08:01:49.411779Z,True
k3P1ttZkJGfZKfpEDkgS,21.3,68.0,2186.0,OK,2025-10-28T08:45:30.000Z,21.261570030276207,68.45211068963064,2200.4789418932573,Rotten,maize-storage-rules-v1,2025-11-07T08:01:49.411779Z,True
Fh84B1vtakJ4s8Lk1w1C,24.7,68.0,154.0,OK,2025-11-06T17:11:33.000Z,24.97043603455861,66.91181452040483,350.0,Almost Rotten,maize-storage-rules-v1,2025-11-07T08:01:49.411779Z,True
GyUbEEmhXdB6L92y63bd,21.9,65.0,618.0,OK,2025-10-28T13:34:32.000Z,21.830254431838625,63.78738591988425,620.6545684087772,Normal,maize-storage-rules-v1,2025-11-07T08:01:49.411779Z,True
ZeHt23SIfjgoMYCQ9ou0,24.8,68.0,171.0,OK,2025-11-06T17:10:45.000Z,24.5301440300454,67.06497617214895,350.0,Almost Rotten,maize-storage-rules-v1,2025-11-07T08:01:49.411779Z,True
gVXqrMPmmIj6CVBB1CxX,23.6,69.0,257.0,OK,2025-11-07T04:21:26.000Z,23.651245592925747,69.42337075064044,350.0,Almost Rotten,maize-storage-rules-v1,2025-11-07T08:01:49.411779Z,True
OYFF0QlgTH6NJf6eoTNi,24.9,68.0,570.0,OK,2025-11-06T16:26:30.000Z,24.961571654342748,68.16497572678334,568.7381333226439,Almost Rotten,maize-storage-rules-v1,2025-11-07T08:01:49.411779Z,True
I16HHf4LrZZQFdppm74r,26.0,63.0,225.0,OK,2025-11-07T03:13:51.000Z,25.953322556108237,63.759399307183294,350.0,Almost Rotten,maize-storage-rules-v1,2025-11-07T08:01:49.411779Z,True
c9Hoa5B81HaLplVYyUnF,26.2,63.0,196.0,OK,2025-11-07T03:18:58.000Z,25.73672672107596,62.00241941277021,350.0,Almost Rotten,maize-storage-rules-v1,2025-11-07T08:01:49.411779Z,True
jh1maQhm7Yz4WNTHTmme,25.8,64.0,257.0,OK,2025-11-07T03:11:55.000Z,26.12045634656091,63.31997857918736,350.0,Almost Rotten,maize-storage-rules-v1,2025-11-07T08:01:49.411779Z,True
tlOnqws8TIElzIKwPnsD,24.6,68.0,211.0,OK,2025-11-06T16:43:39.000Z,24.176033705887143,68.35639655367389,350.0,Almost Rotten,maize-storage-rules-v1,2025-11-07T08:01:49.411779Z,True
BzkV7vknL933OQHPf6Uu,24.0,59.0,125.0,NORMAL,2025-10-21T13:50:21.000Z,24.04717860825569,59.88458264408678,350.0,Normal,maize-storage-rules-v1,2025-11-07T08:01:49.411779Z,True
bPbcPKZAeRNqJz3PoXXL,24.2,62.0,4095.0,OK,2025-10-23T14:25:21.000Z,24.309883957218474,63.011085840775294,4057.487094255897,Rotten,maize-storage-rules-v1,2025-11-07T08:01:49.411779Z,True
yT4oUto3siCRYZP9ES8n,25.5,63.0,341.0,OK,2025-11-07T03:56:51.000Z,25.22738678960971,63.84843667182373,350.0,Almost Rotten,maize-storage-rules-v1,2025-11-07T08:01:49.411779Z,True
uX4QvWNhlOKBVhNrDdTE,26.1,70.0,175.0,OK,2025-10-21T10:44:42.000Z,26.01499208218136,69.96180358514653,350.0,Almost Rotten,maize-storage-rules-v1,2025-11-07T08:01:49.411779Z,True
NrpgOLn0W5lr2LH9bEfl,26.2,62.0,195.0,OK,2025-11-07T03:19:13.000Z,26.156258619530263,62.91625366562203,350.0,Almost Rotten,maize-storage-rules-v1,2025-11-07T08:01:49.411779Z,True
XbSHlVBAhDFzMWNaWKAL,24.2,59.0,123.0,NORMAL,2025-10-21T13:56:56.000Z,24.10052183582569,58.38100592587551,350.0,Normal,maize-storage-rules-v1,2025-11-07T08:01:49.411779Z,True
k7aDvjCqxzhmiceYotsU,24.0,59.0,128.0,NORMAL,2025-10-21T13:49:29.000Z,24.408659201987252,57.934855193424376,350.0,Normal,maize-storage-rules-v1,2025-11-07T08:01:49.411779Z,True
pVBYjppbQNFUu4t8V9iX,25.3,69.0,866.0,OK,2025-11-06T16:14:12.000Z,25.30271147669362,69.19222045110415,879.7558849946586,Almost Rotten,maize-storage-rules-v1,2025-11-07T08:01:49.411779Z,True
AfZh1RjxW6ReeTTnv8be,26.2,62.0,183.0,OK,2025-11-07T03:26:14.000Z,25.95975517138105,62.33614240657324,350.0,Almost Rotten,maize-storage-rules-v1,2025-11-07T08:01:49.411779Z,True
EcSjg3sPKx9XzXWhH6pN,26.2,62.0,209.0,OK,2025-11-07T03:19:39.000Z,26.30320409675251,61.11538112134618,350.0,Almost Rotten,maize-storage-rules-v1,2025-11-07T08:01:49.411779Z,True
OLyrPjxsCdPsQTJb8JOc,26.3,62.0,190.0,OK,2025-11-07T03:28:36.000Z,26.333047329800294,61.55504847487577,350.0,Almost Rotten,maize-storage-rules-v1,2025-11-07T08:01:49.411779Z,True
5a5gEueRtqiFX4PQV4TX,25.3,69.0,880.0,OK,2025-11-06T16:14:18.000Z,24.91923884929415,69.53407497122272,868.1522635294173,Almost Rotten,maize-storage-rules-v1,2025-11-07T08:01:49.411779Z,True
fwpegxwL0jsyWUc2Hk9x,24.0,58.0,128.0,NORMAL,2025-10-21T13:54:07.000Z,24.12567552746175,58.20594821653581,350.0,Normal,maize-storage-rules-v1,2025-11-07T08:01:49.411779Z,True
PhgRR4u6LWv8mUgcDKMI,24.2,60.0,167.0,NORMAL,2025-10-21T13:42:33.000Z,24.610310515514552,60.17163792322867,350.0,Normal,maize-storage-rules-v1,2025-11-07T08:01:49.411779Z,True
CYSHfNqXQCQaoV96tlPw,23.6,68.0,306.0,OK,2025-11-07T04:15:14.000Z,23.27301057671324,68.47145299613331,350.0,Almost Rotten,maize-storage-rules-v1,2025-11-07T08:01:49.411779Z,True
7szQdXuM1dxUR9GNM8eh,24.2,60.0,154.0,NORMAL,2025-10-21T13:44:08.000Z,23.97393649134081,61.19296562658299,350.0,Normal,maize-storage-rules-v1,2025-11-07T08:01:49.411779Z,True
Yp7UXelCc3s9J2lPke9G,21.3,68.0,2352.0,OK,2025-10-28T08:45:03.000Z,21.67162274575745,68.12549942205062,2323.925541181931,Rotten,maize-storage-rules-v1,2025-11-07T08:01:49.411779Z,True
0LkjVbHv6br3K22sj2kH,26.3,62.0,182.0,OK,2025-11-07T03:28:42.000Z,26.438510947876416,61.43242195786302,350.0,Almost Rotten,maize-storage-rules-v1,2025-11-07T08:01:49.411779Z,True
1kDgcOWmh5mpG8WWAmH2,23.8,68.0,258.0,OK,2025-11-07T04:09:30.000Z,23.854294609028894,67.92351553780821,350.0,Almost Rotten,maize-storage-rules-v1,2025-11-07T08:01:49.411779Z,True
MaSXPUwiMdVzDfaIIOvE,26.1,64.0,1152.0,OK,2025-11-06T16:01:53.000Z,25.76538972352932,64.23597297889737,1162.373330940963,Almost Rotten,maize-storage-rules-v1,2025-11-07T08:01:49.411779Z,True
KPRbKkdVDjmCY10tlv7w,24.0,61.0,122.0,OK,2025-10-21T14:29:07.000Z,24.170515933055803,62.03526701295944,350.0,Normal,maize-storage-rules-v1,2025-11-07T08:01:49.411779Z,True
MrktIHu3HKlNdwrbxHmA,26.7,63.0,1349.0,OK,2025-11-06T15:56:43.000Z,26.63011337445713,62.99566347995003,1360.9231183600891,Rotten,maize-storage-rules-v1,2025-11-07T08:01:49.411779Z,True
E7WRMTpWXT8xHYTe3MfH,24.6,68.0,191.0,OK,2025-11-06T16:46:59.000Z,24.68572995748839,68.57327137525965,350.0,Almost Rotten,maize-storage-rules-v1,2025-11-07T08:01:49.411779Z,True
YCJNOVoh5EetL9p5UKA7,26.4,62.0,191.0,OK,2025-11-07T03:43:52.000Z,26.448233532949587,61.187470721879336,350.0,Almost Rotten,maize-storage-rules-v1,2025-11-07T08:01:49.411779Z,True
ZSDJk20j7bTseRU5Rn9y,24.7,67.0,155.0,OK,2025-11-06T17:14:24.000Z,24.312024614478528,67.52317572580085,350.0,Almost Rotten,maize-storage-rules-v1,2025-11-07T08:01:49.411779Z,True
KtRwxUSU3ftMvmo6UGAn,23.7,68.0,272.0,OK,2025-11-07T04:11:37.000Z,24.05869071565264,66.64269950221771,350.0,Almost Rotten,maize-storage-rules-v1,2025-11-07T08:01:49.411779Z,True
TwiQXCExeqAy1VPwNXgp,25.4,69.0,619.0,OK,2025-11-06T16:19:46.000Z,25.72492579996983,68.6322109530467,618.223582267013,Almost Rotten,maize-storage-rules-v1,2025-11-07T08:01:49.411779Z,True
YgCkNQVoYKaYcIYXnfGh,27.0,62.0,1811.0,OK,2025-11-06T15:50:58.000Z,26.49799006075917,62.40404534735958,1774.9879977757082,Rotten,maize-storage-rules-v1,2025-11-07T08:01:49.411779Z,True
0w3hfTMpUYvtxIJo05ju,27.1,62.0,1526.0,OK,2025-11-06T15:54:17.000Z,27.073664140028917,62.96164895577044,1495.751568474333,Rotten,maize-storage-rules-v1,2025-11-07T08:01:49.411779Z,True
Ah5L7qsNxULy4z96RVne,23.6,68.0,323.0,OK,2025-11-07T04:16:05.000Z,24.053313316944354,69.15404264360704,350.0,Almost Rotten,maize-storage-rules-v1,2025-11-07T08:01:49.411779Z,True
sfyoCDJOieCaxVXLa1Cs,21.7,66.0,615.0,OK,2025-10-28T13:29:31.000Z,21.547790703051767,65.99690836048681,620.9968941083462,Almost Rotten,maize-storage-rules-v1,2025-11-07T08:01:49.411779Z,True
PY9yQwEIvxc7zCUHANmo,25.5,67.0,720.0,OK,2025-11-06T16:18:09.000Z,25.545439370082164,67.2970097952488,707.7493333776762,Almost Rotten,maize-storage-rules-v1,2025-11-07T08:01:49.411779Z,True
SBPpG7CMPxUzrJRbiA8V,27.2,61.0,1535.0,OK,2025-11-06T15:53:50.000Z,27.05627992216133,61.4408684126236,1516.9279572791438,Rotten,maize-storage-rules-v1,2025-11-07T08:01:49.411779Z,True
8EXBH9fnZV03tL2T7IS4,26.2,62.0,147.0,OK,2025-11-07T03:39:17.000Z,26.404148439001784,62.21860294332289,350.0,Almost Rotten,maize-storage-rules-v1,2025-11-07T08:01:49.411779Z,True
KK8cOmPy2w96Ac6RS5ce,25.6,65.0,745.0,OK,2025-11-06T16:17:05.000Z,25.347752454719316,64.10089629369304,758.3734176751153,Almost Rotten,maize-storage-rules-v1,2025-11-07T08:01:49.411779Z,True
GOSX0IK4rlkGWyo3DwPj,24.7,67.0,147.0,OK,2025-11-06T17:14:03.000Z,24.789236407872547,66.97045438112265,350.0,Almost Rotten,maize-storage-rules-v1,2025-11-07T08:01:49.411779Z,True
zAXmFodMNxdfgKTVkIzR,24.8,67.0,155.0,OK,2025-11-06T17:12:10.000Z,25.26617242798541,67.16872704814728,350.0,Almost Rotten,maize-storage-rules-v1,2025-11-07T08:01:49.411779Z,True
GzUWPbS32nES8lfh8L0v,26.5,62.0,138.0,OK,2025-11-07T03:50:18.000Z,26.54330803516165,61.23300335016034,350.0,Almost Rotten,maize-storage-rules-v1,2025-11-07T08:01:49.411779Z,True
YxvWb8vTYaJ1gk6HnxLF,24.6,65.0,272.0,OK,2025-11-07T04:01:08.000Z,24.17031522304332,64.68499064813008,350.0,Normal,maize-storage-rules-v1,2025-11-07T08:01:49.411779Z,True
A5IxecoHhkiIUj0QvAOH,23.5,69.0,187.0,OK,2025-11-07T04:24:04.000Z,23.25637837455868,68.4285031019506,350.0,Almost Rotten,maize-storage-rules-v1,2025-11-07T08:01:49.411779Z,True
zTbNliDeZDl9gaCfnl4K,21.9,66.0,571.0,OK,2025-10-28T13:33:35.000Z,21.808953160119955,67.2967680812493,580.3415646157983,Almost Rotten,maize-storage-rules-v1,2025-11-07T08:01:49.411779Z,True
TALjSmyneFhchYJrPhqh,21.7,66.0,635.0,OK,2025-10-28T13:27:05.000Z,21.317634448815134,66.58854575654667,639.8489407945432,Almost Rotten,maize-storage-rules-v1,2025-11-07T08:01:49.411779Z,True
09ssyGrD0E3TrBPE2J3G,24.7,68.0,478.0,OK,2025-11-06T16:27:51.000Z,24.95800602556647,68.45531953562873,476.9111542277316,Almost Rotten,maize-storage-rules-v1,2025-11-07T08:01:49.411779Z,True
kccdEXtkRoiR41Dk9Ase,25.4,69.0,611.0,OK,2025-11-06T16:19:52.000Z,25.63345725931649,68.28964601713072,619.6959573457067,Almost Rotten,maize-storage-rules-v1,2025-11-07T08:01:49.411779Z,True
p3ZL0Y7PmsReL1JmkE6T,24.6,68.0,177.0,OK,2025-11-06T16:48:09.000Z,24.700771689041986,66.94138795448877,350.0,Almost Rotten,maize-storage-rules-v1,2025-11-07T08:01:49.411779Z,True
d02JfzuE7cV7bo9tv7yg,25.4,69.0,3275.0,OK,2025-11-06T15:45:15.000Z,25.89071496628048,68.32595460345298,3284.7426233265187,Rotten,maize-storage-rules-v1,2025-11-07T08:01:49.411779Z,True
KLS2feM7yxldPy57BpbD,24.4,59.0,245.0,NORMAL,2025-10-21T13:08:31.000Z,24.508111650037765,59.067643307808936,350.0,Normal,maize-storage-rules-v1,2025-11-07T08:01:49.411779Z,True
tr86TqtpLYYAkhTM2P5j,24.2,59.0,190.0,NORMAL,2025-10-21T13:38:42.000Z,24.42058870345457,59.52948982382901,350.0,Normal,maize-storage-rules-v1,2025-11-07T08:01:49.411779Z,True
GXWpG5JPpXxO4HRGvKZH,27.2,61.0,1555.0,OK,2025-11-06T15:53:45.000Z,27.02801650913768,59.884859306578434,1526.5958896319669,Rotten,maize-storage-rules-v1,2025-11-07T08:01:49.411779Z,True
48JWKJmqHWH8Ek5Is8nH,26.1,63.0,210.0,OK,2025-11-07T03:15:39.000Z,26.44430049183024,64.05615635470784,350.0,Almost Rotten,maize-storage-rules-v1,2025-11-07T08:01:49.411779Z,True
5PfN1NUMu9ELCTEcq4yG,25.3,69.0,3215.0,OK,2025-11-06T15:45:20.000Z,24.996172959479978,69.63764244988961,3200.1091492120977,Rotten,maize-storage-rules-v1,2025-11-07T08:01:49.411779Z,True
lhyVGffjc8CktBzoi8jn,25.5,65.0,2559.0,OK,2025-11-06T15:47:20.000Z,25.691284613812076,65.5197981380741,2578.709780896693,Rotten,maize-storage-rules-v1,2025-11-07T08:01:49.411779Z,True
8xlsKpt0102dhJRVmN84,24.7,69.0,166.0,OK,2025-11-06T17:02:11.000Z,25.126061400861825,68.5484118030365,350.0,Almost Rotten,maize-storage-rules-v1,2025-11-07T08:01:49.411779Z,True
HfBKkPlqMLd6cl08LQR4,24.6,67.0,191.0,OK,2025-11-06T16:48:31.000Z,24.66117600199777,68.17090952726079,350.0,Almost Rotten,maize-storage-rules-v1,2025-11-07T08:01:49.411779Z,True
wpS9wS5cpwolvF9VI78I,23.6,68.0,295.0,OK,2025-11-07T04:16:33.000Z,23.21334522607747,68.13500396508563,350.0,Almost Rotten,maize-storage-rules-v1,2025-11-07T08:01:49.411779Z,True
oXuY1vlbFTHS7Y2ZSoeE,26.3,62.0,194.0,OK,2025-11-07T03:21:03.000Z,25.868397304183794,62.27886487804284,350.0,Almost Rotten,maize-storage-rules-v1,2025-11-07T08:01:49.411779Z,True
Po6josuqRHWJsTLnEiwU,24.5,68.0,209.0,OK,2025-11-06T16:42:55.000Z,24.245421750626026,66.89719055380444,350.0,Almost Rotten,maize-storage-rules-v1,2025-11-07T08:01:49.411779Z,True
ee3drApBr3sVyzSQ1pFZ,26.9,63.0,1839.0,OK,2025-11-06T15:50:41.000Z,27.014446416071912,62.391646475043714,1861.6895387094128,Rotten,maize-storage-rules-v1,2025-11-07T08:01:49.411779Z,True
mbUnrRYtDA3K47PIf6Jn,24.8,67.0,485.0,OK,2025-11-06T16:27:13.000Z,24.637595543783945,66.39147869555673,491.722009717316,Almost Rotten,maize-storage-rules-v1,2025-11-07T08:01:49.411779Z,True
6yR8UosNf1FfpCrKrrrZ,23.6,68.0,304.0,OK,2025-11-07T04:13:32.000Z,23.396775757727013,68.0687702049177,350.0,Almost Rotten,maize-storage-rules-v1,2025-11-07T08:01:49.411779Z,True
WsDuBN1ATeK2GRSnld7m,24.2,58.0,220.0,NORMAL,2025-10-21T13:35:06.000Z,24.346816044961077,57.17635947701737,350.0,Normal,maize-storage-rules-v1,2025-11-07T08:01:49.411779Z,True
5dzPun5ar69YFLfNdlgE,25.5,64.0,301.0,OK,2025-11-07T03:10:13.000Z,25.39552975770144,62.79242830243357,350.0,Almost Rotten,maize-storage-rules-v1,2025-11-07T08:01:49.411779Z,True
ov9dIkQdcghMpqUubGG0,23.7,68.0,280.0,OK,2025-11-07T04:12:19.000Z,23.95604600081461,67.41771586083648,350.0,Almost Rotten,maize-storage-rules-v1,2025-11-07T08:01:49.411779Z,True
7eKFk07rCG5rUgvCxINI,25.6,67.0,769.0,OK,2025-11-06T16:16:17.000Z,25.941461559079485,66.25448644982814,754.4174907760774,Almost Rotten,maize-storage-rules-v1,2025-11-07T08:01:49.411779Z,True
w9NA44o53rqpPt7IUjVn,24.2,59.0,192.0,NORMAL,2025-10-21T13:38:21.000Z,24.642348493922597,57.83759717816017,350.0,Normal,maize-storage-rules-v1,2025-11-07T08:01:49.411779Z,True
QVzbqunToAGwof6xGLdz,24.8,69.0,155.0,OK,2025-11-06T17:07:25.000Z,24.440893537209124,69.71310748341199,350.0,Almost Rotten,maize-storage-rules-v1,2025-11-07T08:01:49.411779Z,True
uY508t0iCWWXu24wQx6V,21.0,69.0,3395.0,OK,2025-10-28T08:43:02.000Z,21.01801229653272,68.27041595737053,3448.4204357970134,Rotten,maize-storage-rules-v1,2025-11-07T08:01:49.411779Z,True
ZLsBqI25688PWMry46NE,21.4,68.0,1968.0,OK,2025-10-28T08:46:39.000Z,21.128484307488915,69.23330307633734,1981.339166469196,Rotten,maize-storage-rules-v1,2025-11-07T08:01:49.411779Z,True
VP7eknbDDE8xrXJSZYma,26.4,62.0,149.0,OK,2025-11-07T03:51:54.000Z,26.65709371905084,61.718207361936365,350.0,Almost Rotten,maize-storage-rules-v1,2025-11-07T08:01:49.411779Z,True
LUQmLX1uqhUTKTObxDx2,23.6,68.0,279.0,OK,2025-11-07T04:12:41.000Z,23.77422659728364,68.54394837935655,350.0,Almost Rotten,maize-storage-rules-v1,2025-11-07T08:01:49.411779Z,True
s1IGLGVDcv0QNubAyB3F,24.0,59.0,128.0,NORMAL,2025-10-21T13:54:39.000Z,23.84546268088303,59.4258173041782,350.0,Normal,maize-storage-rules-v1,2025-11-07T08:01:49.411779Z,True
aPNPAKCl35XJzmLVeZ9s,27.1,62.0,1769.0,OK,2025-11-06T15:51:08.000Z,27.13186022776449,62.2219756994006,1794.215235118245,Rotten,maize-storage-rules-v1,2025-11-07T08:01:49.411779Z,True
D8GU0oOfsDBeTnT9uvuT,21.7,66.0,659.0,OK,2025-10-28T13:29:37.000Z,21.388905231277693,65.67406225458298,649.9295579847347,Almost Rotten,maize-storage-rules-v1,2025-11-07T08:01:49.411779Z,True
mqBSpR0A46FCVDtExd7H,25.8,64.0,261.0,OK,2025-11-07T03:11:44.000Z,25.80419395157461,62.99485657519752,350.0,Almost Rotten,maize-storage-rules-v1,2025-11-07T08:01:49.411779Z,True
7FgK3GGIEePYgx4c0aDU,24.7,67.0,135.0,OK,2025-11-06T17:19:44.000Z,24.79005009031764,68.15430596563112,350.0,Almost Rotten,maize-storage-rules-v1,2025-11-07T08:01:49.411779Z,True
6CETUYtSPSQtYEOo5WDY,24.2,59.0,184.0,NORMAL,2025-10-21T13:39:27.000Z,24.16842539030552,58.88486809421115,350.0,Normal,maize-storage-rules-v1,2025-11-07T08:01:49.411779Z,True
RjntfZkxmx036YXZqpRs,24.0,58.0,115.0,NORMAL,2025-10-21T13:53:02.000Z,24.263638926040542,57.91787800228784,350.0,Normal,maize-storage-rules-v1,2025-11-07T08:01:49.411779Z,True
vndyVHC56WfPIl5TSOaz,24.3,60.0,181.0,NORMAL,2025-10-21T13:40:10.000Z,23.93437605884896,59.49903184011442,350.0,Normal,maize-storage-rules-v1,2025-11-07T08:01:49.411779Z,True
LhZWSe0QPRfX6ycULo2b,25.6,64.0,272.0,OK,2025-11-07T03:10:35.000Z,25.29493821608497,64.91126402256303,350.0,Almost Rotten,maize-storage-rules-v1,2025-11-07T08:01:49.411779Z,True
ls2pSe32jscrDtrxwf6P,24.8,69.0,160.0,OK,2025-11-06T17:05:56.000Z,24.33578724066315,69.4834711772117,350.0,Almost Rotten,maize-storage-rules-v1,2025-11-07T08:01:49.411779Z,True
EEFkWCUoBOfnlJ3IIUX5,24.4,60.0,110.0,NORMAL,2025-10-21T14:03:47.000Z,24.74186771566171,61.16300409970387,350.0,Normal,maize-storage-rules-v1,2025-11-07T08:01:49.411779Z,True
m79KcLCbNJpnSOWv5q7P,24.0,60.0,87.0,OK,2025-10-21T14:31:30.000Z,24.29789045306253,61.052665609855794,350.0,Normal,maize-storage-rules-v1,2025-11-07T08:01:49.411779Z,True
uO8TfASk3fG4eFaW2fdo,24.2,59.0,138.0,NORMAL,2025-10-21T13:47:30.000Z,24.17836400894664,58.39344663423225,350.0,Normal,maize-storage-rules-v1,2025-11-07T08:01:49.411779Z,True
MWqs69LK2q9g2S6Uc7x8,24.7,67.0,144.0,OK,2025-11-06T17:18:55.000Z,25.091368617434544,66.10053498547751,350.0,Almost Rotten,maize-storage-rules-v1,2025-11-07T08:01:49.411779Z,True
4P8Mhv0KifEQY3fpVVVF,26.5,62.0,138.0,OK,2025-11-07T03:51:28.000Z,26.91517790223021,60.88121093459017,350.0,Almost Rotten,maize-storage-rules-v1,2025-11-07T08:01:49.411779Z,True
SDfktKv27247ZCGTjm3E,25.5,69.0,826.0,OK,2025-11-06T16:15:17.000Z,25.11128855499464,69.56430487497222,811.1851172506836,Almost Rotten,maize-storage-rules-v1,2025-11-07T08:01:49.411779Z,True
sVRexNQiuuHsyjT1cskR,26.3,62.0,189.0,OK,2025-11-07T03:21:18.000Z,25.819420336759844,61.85642361049821,350.0,Almost Rotten,maize-storage-rules-v1,2025-11-07T08:01:49.411779Z,True
Ukq76iErbLGSWFs9rh6Q,24.2,60.0,144.0,NORMAL,2025-10-21T13:44:44.000Z,24.353673300702567,61.16854128609122,350.0,Normal,maize-storage-rules-v1,2025-11-07T08:01:49.411779Z,True
Mfjd8I5UvaUJ8ud7YNBQ,26.1,63.0,209.0,OK,2025-11-07T03:15:08.000Z,26.31949599019477,63.11112719053542,350.0,Almost Rotten,maize-storage-rules-v1,2025-11-07T08:01:49.411779Z,True
9AWBH0qdtr42ehsk9GYR,26.5,62.0,158.0,OK,2025-11-07T03:49:57.000Z,26.68150529810711,61.009888572381,350.0,Almost Rotten,maize-storage-rules-v1,2025-11-07T08:01:49.411779Z,True
6pCa3Um3w5fk021hoQPm,23.8,68.0,255.0,OK,2025-11-07T04:08:35.000Z,23.38736403182133,67.5126763569563,350.0,Almost Rotten,maize-storage-rules-v1,2025-11-07T08:01:49.411779Z,True
tCc7nNQrccoEPBTRmKkx,25.4,63.0,329.0,OK,2025-11-07T03:57:27.000Z,25.8259535115327,62.55642845781458,350.0,Almost Rotten,maize-storage-rules-v1,2025-11-07T08:01:49.411779Z,True
BBXPeTLP876FgXwakNu7,23.6,69.0,251.0,OK,2025-11-07T04:22:05.000Z,23.74087609855157,68.8396469635364,350.0,Almost Rotten,maize-storage-rules-v1,2025-11-07T08:01:49.411779Z,True
ay7visGRn9yV1Az2sFyE,23.9,67.0,261.0,OK,2025-11-07T04:07:42.000Z,23.590595931055415,67.56085434986122,350.0,Almost Rotten,maize-storage-rules-v1,2025-11-07T08:01:49.411779Z,True
zPxO03WY4Qte1S6UTU3h,24.5,59.0,223.0,NORMAL,2025-10-21T13:09:36.000Z,24.51624301474616,58.89434362045673,350.0,Normal,maize-storage-rules-v1,2025-11-07T08:01:49.411779Z,True
VpQgHGJLioWxwaVzk3sG,24.0,60.0,91.0,OK,2025-10-21T14:31:19.000Z,24.090501786529515,60.02439910391465,350.0,Normal,maize-storage-rules-v1,2025-11-07T08:01:49.411779Z,True
uT8oWZ6ZkLjuvCDDTMSi,26.0,63.0,230.0,OK,2025-11-07T03:14:03.000Z,26.401788216890345,62.64947503959803,350.0,Almost Rotten,maize-storage-rules-v1,2025-11-07T08:01:49.411779Z,True
SveH2Su0SXjCPCLE2i6U,24.5,68.0,209.0,OK,2025-11-06T16:45:21.000Z,24.074757626701007,67.81200692095751,350.0,Almost Rotten,maize-storage-rules-v1,2025-11-07T08:01:49.411779Z,True
rgBZSi6ohtO0Vwh92sYL,24.1,67.0,315.0,OK,2025-11-07T04:05:09.000Z,24.29117894518532,68.20485502535182,350.0,Almost Rotten,maize-storage-rules-v1,2025-11-07T08:01:49.411779Z,True
APLbGWMbac1qqnBsu9qL,24.0,67.0,272.0,OK,2025-11-07T04:06:58.000Z,24.324461009909164,67.27447745857114,350.0,Almost Rotten,maize-storage-rules-v1,2025-11-07T08:01:49.411779Z,True
lLJZilnoZeOtBRCa9YM4,21.6,66.0,643.0,OK,2025-10-28T13:25:55.000Z,21.75050464627232,66.0152018547683,641.3646270737078,Almost Rotten,maize-storage-rules-v1,2025-11-07T08:01:49.411779Z,True
OYrmeL2UKIF6JoIzsTTk,24.2,59.0,138.0,NORMAL,2025-10-21T13:46:37.000Z,24.5940595644484,59.33684216466699,350.0,Normal,maize-storage-rules-v1,2025-11-07T08:01:49.411779Z,True
w9pfTpwjfUTjk80yX4qz,24.4,66.0,283.0,OK,2025-11-07T04:02:55.000Z,24.485421257796183,66.92833442142341,350.0,Almost Rotten,maize-storage-rules-v1,2025-11-07T08:01:49.411779Z,True
ty0mKkLPMmH5uOW08Zjj,24.7,67.0,205.0,OK,2025-11-06T16:52:50.000Z,25.031503835733755,67.25517804522461,350.0,Almost Rotten,maize-storage-rules-v1,2025-11-07T08:01:49.411779Z,True
IiOqXJk1LxEkMM1hGKFf,24.0,60.0,131.0,NORMAL,2025-10-21T13:55:18.000Z,23.66443585109517,60.14543874015934,350.0,Normal,maize-storage-rules-v1,2025-11-07T08:01:49.411779Z,True
xl9ESQMXiwz9IXQs4POM,25.5,68.0,811.0,OK,2025-11-06T16:15:33.000Z,25.89133960720393,67.4300793096466,795.5522302370108,Almost Rotten,maize-storage-rules-v1,2025-11-07T08:01:49.411779Z,True
Qt3PrFnYkxO3lzfSl49t,23.7,68.0,261.0,OK,2025-11-07T04:10:55.000Z,24.166455821240596,68.86965681751369,350.0,Almost Rotten,maize-storage-rules-v1,2025-11-07T08:01:49.411779Z,True
mzlT5hK0qqROTIW4iEVn,24.1,62.0,4095.0,OK,2025-10-23T14:25:32.000Z,23.9938534479932,61.43877701093427,4105.225971433936,Rotten,maize-storage-rules-v1,2025-11-07T08:01:49.411779Z,True
O0LeButK3hHZYyDhYoXz,26.1,63.0,220.0,OK,2025-11-07T03:14:20.000Z,26.336132054032795,62.294521767601054,350.0,Almost Rotten,maize-storage-rules-v1,2025-11-07T08:01:49.411779Z,True
NthRmqwh9nCLtiBWy8UQ,24.5,68.0,203.0,OK,2025-11-06T16:47:10.000Z,24.629637156769604,67.83222036160741,350.0,Almost Rotten,maize-storage-rules-v1,2025-11-07T08:01:49.411779Z,True
GEBk3LBy3WgcOoEKNPV3,25.8,64.0,2226.0,OK,2025-11-06T15:48:20.000Z,25.69819893539509,64.1439192389739,2215.047529641137,Rotten,maize-storage-rules-v1,2025-11-07T08:01:49.411779Z,True
eaHF56eYXfUixO82LmlF,24.2,58.0,214.0,NORMAL,2025-10-21T13:35:43.000Z,24.571256881658147,59.020759617395576,350.0,Normal,maize-storage-rules-v1,2025-11-07T08:01:49.411779Z,True
gKKmCBTIlHkVWlgidCng,24.2,60.0,183.0,NORMAL,2025-10-21T13:40:48.000Z,24.380096273681712,59.34018366185902,350.0,Normal,maize-storage-rules-v1,2025-11-07T08:01:49.411779Z,True
7bb4mJNgtFPiPQ1JzUJn,26.4,62.0,166.0,OK,2025-11-07T03:42:22.000Z,26.31157312154257,61.16143601435928,350.0,Almost Rotten,maize-storage-rules-v1,2025-11-07T08:01:49.411779Z,True
XG6LCPcBMAXwbOfSCRAR,26.0,62.0,341.0,OK,2025-11-07T03:55:15.000Z,25.52201519799585,60.97660274137802,350.0,Almost Rotten,maize-storage-rules-v1,2025-11-07T08:01:49.411779Z,True
LSUXZ63d9jh1sCrDJGeV,26.1,63.0,173.0,OK,2025-11-07T03:35:57.000Z,25.98944768982722,63.51720494815543,350.0,Almost Rotten,maize-storage-rules-v1,2025-11-07T08:01:49.411779Z,True
APVM9sdmdd8qaLiNkbcz,24.0,59.0,128.0,NORMAL,2025-10-21T13:49:53.000Z,23.558545247565185,58.71205326874547,350.0,Normal,maize-storage-rules-v1,2025-11-07T08:01:49.411779Z,True
KwfBdrOJHzJXRzw8M7kF,25.3,63.0,318.0,OK,2025-11-07T03:57:53.000Z,25.317223720691626,64.23698192714728,350.0,Almost Rotten,maize-storage-rules-v1,2025-11-07T08:01:49.411779Z,True
8RZ77dxXPSlX52RnIIis,25.4,69.0,906.0,OK,2025-11-06T16:13:40.000Z,25.705698322902457,67.8570459380477,906.6818283893336,Almost Rotten,maize-storage-rules-v1,2025-11-07T08:01:49.411779Z,True
e0Sxi074TGz3LkRSdqjm,24.2,61.0,4095.0,OK,2025-10-23T14:25:11.000Z,24.205108060779715,61.28186073520988,4066.86584764267,Rotten,maize-storage-rules-v1,2025-11-07T08:01:49.411779Z,True
SjinKMYjVY1Va1INM7i8,26.2,63.0,192.0,OK,2025-11-07T03:31:23.000Z,26.3064332581739,62.260707161652014,350.0,Almost Rotten,maize-storage-rules-v1,2025-11-07T08:01:49.411779Z,True
unO0s1fQAz26A2Es2sYG,24.2,59.0,200.0,NORMAL,2025-10-21T13:37:25.000Z,23.845505259974853,59.87982105550913,350.0,Normal,maize-storage-rules-v1,2025-11-07T08:01:49.411779Z,True
Dg4TjY8YK7i1jwQLruDr,25.0,66.0,405.0,OK,2025-11-07T03:08:03.000Z,24.86660838493261,66.56740015964594,400.78290835362617,Almost Rotten,maize-storage-rules-v1,2025-11-07T08:01:49.411779Z,True
vNGoocmFctvWoJxLFMlG,25.0,59.0,4095.0,OK,2025-10-23T14:24:13.000Z,25.09644509936028,58.34756407798059,4073.890693763338,Rotten,maize-storage-rules-v1,2025-11-07T08:01:49.411779Z,True
Ry94b25nJGbvIhWK1Ox9,24.7,67.0,177.0,OK,2025-11-06T16:56:42.000Z,24.2976430044954,65.81655053720638,350.0,Almost Rotten,maize-storage-rules-v1,2025-11-07T08:01:49.411779Z,True
ugGb7yAMgcvo7AYgDzZ4,26.2,71.0,192.0,OK,2025-10-21T10:44:05.000Z,26.018589472767083,70.63207683900218,350.0,Rotten,maize-storage-rules-v1,2025-11-07T08:01:49.411779Z,True
W7xPl5lIRhRWecxLoMQg,26.2,63.0,183.0,OK,2025-11-07T03:32:00.000Z,25.800082239171243,62.188092449394766,350.0,Almost Rotten,maize-storage-rules-v1,2025-11-07T08:01:49.411779Z,True
kOnaImoxqnCE2B1cPBbN,24.7,68.0,183.0,OK,2025-11-06T16:57:03.000Z,24.812462316739303,67.32102434925233,350.0,Almost Rotten,maize-storage-rules-v1,2025-11-07T08:01:49.411779Z,True
NWA9wh6qmYcaojd6vojQ,24.9,68.0,587.0,OK,2025-11-06T16:26:24.000Z,25.14983523040588,67.70201450827973,587.653129119459,Almost Rotten,maize-storage-rules-v1,2025-11-07T08:01:49.411779Z,True
vKpWt8apoy3DwLFF3ywj,24.7,66.0,132.0,OK,2025-11-06T17:20:21.000Z,24.32843878204047,65.61815005773984,350.0,Almost Rotten,maize-storage-rules-v1,2025-11-07T08:01:49.411779Z,True
yZWhwhKoOgPtrAWgzXWS,24.4,60.0,112.0,NORMAL,2025-10-21T14:04:46.000Z,24.121968068844392,59.080088860029264,350.0,Normal,maize-storage-rules-v1,2025-11-07T08:01:49.411779Z,True
QkWFpVWgqbzvFFoLw3DR,24.5,68.0,259.0,OK,2025-11-06T16:37:49.000Z,24.825878699225523,68.82090094130402,350.0,Almost Rotten,maize-storage-rules-v1,2025-11-07T08:01:49.411779Z,True
8GokrbcC1ZptHdyk4U2p,26.3,62.0,255.0,OK,2025-11-07T03:24:29.000Z,26.67947645987884,61.665658063492245,350.0,Almost Rotten,maize-storage-rules-v1,2025-11-07T08:01:49.411779Z,True
a1xKynPL2zsDAltVIFJQ,23.6,69.0,259.0,OK,2025-11-07T04:20:25.000Z,23.478141231535336,69.33615749488804,350.0,Almost Rotten,maize-storage-rules-v1,2025-11-07T08:01:49.411779Z,True
ZYKUxgZzilketrRJOfkL,24.0,59.0,122.0,NORMAL,2025-10-21T13:51:11.000Z,24.475022297116425,58.810394279030426,350.0,Normal,maize-storage-rules-v1,2025-11-07T08:01:49.411779Z,True
5IxqocpIxDOumtmxoFcy,24.0,67.0,310.0,OK,2025-11-07T04:06:25.000Z,23.646549329075057,66.97980061756115,350.0,Almost Rotten,maize-storage-rules-v1,2025-11-07T08:01:49.411779Z,True
n1Wz7UXl0782IU0IkclZ,25.5,67.0,720.0,OK,2025-11-06T16:18:04.000Z,25.53133775688144,66.08214726418169,707.1721646378811,Almost Rotten,maize-storage-rules-v1,2025-11-07T08:01:49.411779Z,True
E2Q5CzZDCjBSPdaaSmYG,24.5,65.0,272.0,OK,2025-11-07T04:01:30.000Z,24.504695653245427,66.26513679720763,350.0,Almost Rotten,maize-storage-rules-v1,2025-11-07T08:01:49.411779Z,True
jg0aCeGuczfcOSsSTLeb,24.1,67.0,308.0,OK,2025-11-07T04:05:20.000Z,24.238825062997677,67.15513629837932,350.0,Almost Rotten,maize-storage-rules-v1,2025-11-07T08:01:49.411779Z,True
MRBquU0NRnyxoViMj0Ux,24.3,59.0,121.0,NORMAL,2025-10-21T13:57:44.000Z,24.56472710401968,58.96314685171542,350.0,Normal,maize-storage-rules-v1,2025-11-07T08:01:49.411779Z,True
PA6CBWuxjNPMPuCOzj4P,26.5,56.0,4095.0,OK,2025-10-23T14:23:10.000Z,26.544603777047765,55.33505504837497,4114.042944364489,Rotten,maize-storage-rules-v1,2025-11-07T08:01:49.411779Z,True
JcyHK3BELGtYtFsLLFxx,24.2,66.0,293.0,OK,2025-11-07T04:04:27.000Z,23.87619214933916,67.25164939410874,350.0,Almost Rotten,maize-storage-rules-v1,2025-11-07T08:01:49.411779Z,True
n7iMGJx65MYuu26RTwGq,26.7,64.0,1407.0,OK,2025-11-06T15:56:21.000Z,26.58448267418393,63.08424442510488,1427.2621385006803,Rotten,maize-storage-rules-v1,2025-11-07T08:01:49.411779Z,True
nY6OEGkLKLKYhSOlNf48,23.6,68.0,311.0,OK,2025-11-07T04:15:54.000Z,23.83327266381692,68.45855241263308,350.0,Almost Rotten,maize-storage-rules-v1,2025-11-07T08:01:49.411779Z,True
HlwrsEZRA8S10uzjLk7W,24.4,66.0,284.0,OK,2025-11-07T04:02:40.000Z,24.41242649475691,64.84888751195784,350.0,Normal,maize-storage-rules-v1,2025-11-07T08:01:49.411779Z,True
bVcOuRMZy6SHNdscbsUl,26.4,62.0,147.0,OK,2025-11-07T03:46:45.000Z,26.83149030836276,61.87829337334367,350.0,Almost Rotten,maize-storage-rules-v1,2025-11-07T08:01:49.411779Z,True
ceOWWqq3EoLlfxUJZN0W,21.9,66.0,592.0,OK,2025-10-28T13:33:02.000Z,21.49585241540835,66.17833275648722,598.8215669252863,Almost Rotten,maize-storage-rules-v1,2025-11-07T08:01:49.411779Z,True
VlQUdYLheAOAqwBaTSDc,24.8,68.0,176.0,OK,2025-11-06T17:09:56.000Z,25.25987127292438,69.1150291103355,350.0,Almost Rotten,maize-storage-rules-v1,2025-11-07T08:01:49.411779Z,True
zrK6cdrFK4GDVN3ODxhH,21.7,66.0,682.0,OK,2025-10-28T13:29:48.000Z,21.269380119058823,66.0747500043002,687.0209260444159,Almost Rotten,maize-storage-rules-v1,2025-11-07T08:01:49.411779Z,True
o741Wpg9HmquGKDYN4m4,24.2,58.0,222.0,NORMAL,2025-10-21T13:34:56.000Z,23.98114117121065,57.289598861632,350.0,Normal,maize-storage-rules-v1,2025-11-07T08:01:49.411779Z,True
X7AP5D731morD2lpU3Ad,24.4,60.0,108.0,NORMAL,2025-10-21T14:04:08.000Z,24.332730525054625,59.28554068522104,350.0,Normal,maize-storage-rules-v1,2025-11-07T08:01:49.411779Z,True
DwH05CPwKUskE1Ordwur,26.0,63.0,230.0,OK,2025-11-07T03:12:58.000Z,26.36609613755642,63.26241819714702,350.0,Almost Rotten,maize-storage-rules-v1,2025-11-07T08:01:49.411779Z,True
o3fPmJBU4TGq1MpqB71I,26.4,62.0,148.0,OK,2025-11-07T03:52:10.000Z,25.913775580060044,62.27749866092833,350.0,Almost Rotten,maize-storage-rules-v1,2025-11-07T08:01:49.411779Z,True
2PqCeZJJMs5LBl4OFY3W,26.2,62.0,186.0,OK,2025-11-07T03:34:43.000Z,25.77701772833687,62.77449642724631,350.0,Almost Rotten,maize-storage-rules-v1,2025-11-07T08:01:49.411779Z,True
LgxMWMutwPyqbXgi1cvw,26.4,62.0,192.0,OK,2025-11-07T03:45:57.000Z,26.16568770485629,60.76614526852541,350.0,Almost Rotten,maize-storage-rules-v1,2025-11-07T08:01:49.411779Z,True
6HIVoXEgSeVmGWP4km36,23.7,68.0,276.0,OK,2025-11-07T04:12:11.000Z,23.329468508933918,68.50005754138868,350.0,Almost Rotten,maize-storage-rules-v1,2025-11-07T08:01:49.411779Z,True
iyfAf8Hx76cWq2HQEh4c,26.1,63.0,210.0,OK,2025-11-07T03:15:18.000Z,25.635352128722367,62.42389809471909,350.0,Almost Rotten,maize-storage-rules-v1,2025-11-07T08:01:49.411779Z,True
WV1U3Cv7FRa2CQ7OkBFa,24.8,65.0,279.0,OK,2025-11-07T03:59:49.000Z,24.822072886830515,64.52039553934738,350.0,Normal,maize-storage-rules-v1,2025-11-07T08:01:49.411779Z,True
d4RR0YtgZzTQDLd8VE7S,24.0,59.0,128.0,NORMAL,2025-10-21T13:54:34.000Z,23.756040563524856,59.644272981811774,350.0,Normal,maize-storage-rules-v1,2025-11-07T08:01:49.411779Z,True
FDREZ0ukti7kMukEL4es,21.8,66.0,601.0,OK,2025-10-28T13:31:28.000Z,21.66614177506498,66.76731284942531,608.94153804835,Almost Rotten,maize-storage-rules-v1,2025-11-07T08:01:49.411779Z,True
lOP2FN4TYRaSHr7IRS6S,24.8,69.0,154.0,OK,2025-11-06T17:03:52.000Z,24.37467452154766,69.39677313487051,350.0,Almost Rotten,maize-storage-rules-v1,2025-11-07T08:01:49.411779Z,True
3VEWYSiHfdpLvrj55WXG,26.1,63.0,207.0,OK,2025-11-07T03:15:55.000Z,26.09029810210612,62.197438232436426,350.0,Almost Rotten,maize-storage-rules-v1,2025-11-07T08:01:49.411779Z,True
1IFm5JKuhEu3fNIUKOsN,26.2,62.0,178.0,OK,2025-11-07T03:33:19.000Z,26.372763697708447,62.408157679627735,350.0,Almost Rotten,maize-storage-rules-v1,2025-11-07T08:01:49.411779Z,True
ukGdD9mIsOSJXgnJqhDg,24.0,59.0,120.0,NORMAL,2025-10-21T13:51:32.000Z,24.35722012992343,57.98708911338584,350.0,Normal,maize-storage-rules-v1,2025-11-07T08:01:49.411779Z,True
yu4RphntFfazp5b12h4R,24.5,67.0,342.0,OK,2025-11-06T16:31:56.000Z,24.026152556584236,68.11674280926874,350.0,Almost Rotten,maize-storage-rules-v1,2025-11-07T08:01:49.411779Z,True
OdygHe4qQnnxT2FfyqXj,23.6,68.0,325.0,OK,2025-11-07T04:17:45.000Z,23.51329989481008,68.26889476667296,350.0,Almost Rotten,maize-storage-rules-v1,2025-11-07T08:01:49.411779Z,True
eDIJC3Dl2vL6nH4rDEcZ,24.5,69.0,400.0,OK,2025-11-06T16:30:02.000Z,24.951413759916257,69.24810398252303,401.7378198198797,Almost Rotten,maize-storage-rules-v1,2025-11-07T08:01:49.411779Z,True
SEvz83shIAineBbtAR22,24.0,61.0,98.0,OK,2025-10-21T14:29:57.000Z,23.689239710421244,61.62957144288675,350.0,Normal,maize-storage-rules-v1,2025-11-07T08:01:49.411779Z,True
oBF1GpFO2U8tno5ZZ3o4,21.9,65.0,598.0,OK,2025-10-28T13:34:21.000Z,21.79367193243264,64.08641157431995,593.4883845080085,Normal,maize-storage-rules-v1,2025-11-07T08:01:49.411779Z,True
COOp0MOrPrKrBlblb0SX,24.6,68.0,342.0,OK,2025-11-06T16:31:17.000Z,24.43678395985352,69.19055877649787,350.0,Almost Rotten,maize-storage-rules-v1,2025-11-07T08:01:49.411779Z,True
SHi5jrpZFig86DCoyO2e,24.8,69.0,166.0,OK,2025-11-06T17:05:45.000Z,24.69931857048642,69.92767956547353,350.0,Almost Rotten,maize-storage-rules-v1,2025-11-07T08:01:49.411779Z,True
sY6cxnUpvx0WwcoLH6Ug,24.2,59.0,186.0,NORMAL,2025-10-21T13:38:37.000Z,23.720701902968404,58.45416775088637,350.0,Normal,maize-storage-rules-v1,2025-11-07T08:01:49.411779Z,True
vUzcMw5OAdW11LXskHXz,25.4,68.0,621.0,OK,2025-11-06T16:19:30.000Z,25.194170550439075,68.72586333522365,626.0600603974561,Almost Rotten,maize-storage-rules-v1,2025-11-07T08:01:49.411779Z,True
z1cyIg9LnWeAU5AAhlX4,25.5,67.0,720.0,OK,2025-11-06T16:17:58.000Z,25.37482747584259,66.24827112454156,713.2593456099589,Almost Rotten,maize-storage-rules-v1,2025-11-07T08:01:49.411779Z,True
HLxAgATyoooa1GfY2j0D,21.7,66.0,637.0,OK,2025-10-28T13:26:49.000Z,21.40092327762441,65.99202603961474,637.4520097746496,Almost Rotten,maize-storage-rules-v1,2025-11-07T08:01:49.411779Z,True
9EQfr5TzL8pQCAgprG3N,21.9,66.0,588.0,OK,2025-10-28T13:32:18.000Z,22.129978160833893,66.11336610323916,598.1003682754595,Almost Rotten,maize-storage-rules-v1,2025-11-07T08:01:49.411779Z,True
L6zdyQjnCu3kEk3Aziww,23.6,69.0,322.0,OK,2025-11-07T04:17:23.000Z,23.22227017843973,68.41543007131355,350.0,Almost Rotten,maize-storage-rules-v1,2025-11-07T08:01:49.411779Z,True
vZpTWUprvfbkKeneqXG6,24.7,69.0,178.0,OK,2025-11-06T17:01:55.000Z,24.61790958627812,69.41615234618463,350.0,Almost Rotten,maize-storage-rules-v1,2025-11-07T08:01:49.411779Z,True
GyWzcyW87BR4qA1NG6Q4,26.2,62.0,144.0,OK,2025-11-07T03:38:46.000Z,26.68125131794111,61.44357492668676,350.0,Almost Rotten,maize-storage-rules-v1,2025-11-07T08:01:49.411779Z,True
KHAySgkYb8hvsY5W4YZy,24.5,59.0,209.0,NORMAL,2025-10-21T13:10:03.000Z,24.23665492889312,59.37524959568995,350.0,Normal,maize-storage-rules-v1,2025-11-07T08:01:49.411779Z,True
mGJ1SLt82Fxwk9cBj8Wg,24.2,59.0,188.0,NORMAL,2025-10-21T13:37:53.000Z,24.049796659098075,58.60097304036214,350.0,Normal,maize-storage-rules-v1,2025-11-07T08:01:49.411779Z,True
ZmIc8D0TMvU89oF66HYe,27.7,64.0,689.0,OK,2025-10-23T15:13:09.000Z,28.012186808711927,62.90750972458893,697.9427865153559,Almost Rotten,maize-storage-rules-v1,2025-11-07T08:01:49.411779Z,True
IYdvWEMe55T15Rdz11aX,26.2,63.0,180.0,OK,2025-11-07T03:31:55.000Z,26.178896843777515,63.69010139852388,350.0,Almost Rotten,maize-storage-rules-v1,2025-11-07T08:01:49.411779Z,True
4MwPIqpehnmQuIT2ItoV,26.4,62.0,191.0,OK,2025-11-07T03:44:02.000Z,26.33146249536321,62.74279126218121,350.0,Almost Rotten,maize-storage-rules-v1,2025-11-07T08:01:49.411779Z,True
Vhb5A07VcdOma8KVmaGl,24.7,67.0,177.0,OK,2025-11-06T17:01:06.000Z,24.364661252833898,66.2157069325109,350.0,Almost Rotten,maize-storage-rules-v1,2025-11-07T08:01:49.411779Z,True
VQevpsF1z8jRuNIMF4dR,24.4,60.0,112.0,NORMAL,2025-10-21T14:05:20.000Z,24.74369384897952,59.75019042969768,350.0,Normal,maize-storage-rules-v1,2025-11-07T08:01:49.411779Z,True
eBmqiHne3UdtwN3QRhDa,24.5,67.0,342.0,OK,2025-11-06T16:31:34.000Z,24.789327613411057,65.86079014597537,350.0,Almost Rotten,maize-storage-rules-v1,2025-11-07T08:01:49.411779Z,True
Oa7EQcYsZezuVWzIglyd,26.2,62.0,210.0,OK,2025-11-07T03:19:44.000Z,26.354131244454205,61.02384393387077,350.0,Almost Rotten,maize-storage-rules-v1,2025-11-07T08:01:49.411779Z,True
cMqet2iGS5jLgQEHjhFZ,24.6,66.0,209.0,OK,2025-11-06T16:44:54.000Z,24.368476323249627,65.41866088209227,350.0,Almost Rotten,maize-storage-rules-v1,2025-11-07T08:01:49.411779Z,True
1SJ4JYkQjPFJcyJ28S2h,24.8,68.0,166.0,OK,2025-11-06T17:05:18.000Z,25.062878866556694,66.92816321101542,350.0,Almost Rotten,maize-storage-rules-v1,2025-11-07T08:01:49.411779Z,True
GlUbu52HJ4ZtJ0giyLNg,26.7,64.0,1405.0,OK,2025-11-06T15:56:27.000Z,26.91454091880886,65.15594801446473,1418.1751812560503,Rotten,maize-storage-rules-v1,2025-11-07T08:01:49.411779Z,True
aPeYPCDax8hRl6Y733RO,24.6,67.0,564.0,OK,2025-11-07T03:06:22.000Z,24.97670035697753,67.97869165883151,559.7449005712763,Almost Rotten,maize-storage-rules-v1,2025-11-07T08:01:49.411779Z,True
rFzHp8GoKHGpgATDQPhG,24.5,67.0,610.0,OK,2025-11-07T03:05:55.000Z,24.203020351767623,68.0155298082999,608.3932303383931,Almost Rotten,maize-storage-rules-v1,2025-11-07T08:01:49.411779Z,True
fl5YcISEea2rBfYBnPmd,24.6,68.0,196.0,OK,2025-11-06T16:49:46.000Z,24.27442855206473,69.22998597311225,350.0,Almost Rotten,maize-storage-rules-v1,2025-11-07T08:01:49.411779Z,True
Ux3Fh7FIXcbDKtlBKe16,24.4,59.0,256.0,NORMAL,2025-10-21T13:08:08.000Z,24.46116827272106,58.55411065084684,350.0,Normal,maize-storage-rules-v1,2025-11-07T08:01:49.411779Z,True
SDsxo84nIvhYl3cpzC9P,26.5,62.0,165.0,OK,2025-11-07T03:48:31.000Z,26.061141291117604,60.954082339055255,350.0,Almost Rotten,maize-storage-rules-v1,2025-11-07T08:01:49.411779Z,True
kZPGUfeScDjXDJJqvbnM,26.7,64.0,1424.0,OK,2025-11-06T15:56:16.000Z,26.776727230924543,64.5737145313729,1452.4378440011428,Rotten,maize-storage-rules-v1,2025-11-07T08:01:49.411779Z,True
5giUwSXvitRihuwAxXUA,25.6,64.0,293.0,OK,2025-11-07T03:11:07.000Z,25.588310062439973,63.44328806729398,350.0,Almost Rotten,maize-storage-rules-v1,2025-11-07T08:01:49.411779Z,True
XIlOT6lvoYiDdh0eMukH,26.0,67.0,1181.0,OK,2025-11-06T16:00:43.000Z,26.419108719542383,66.28772481224564,1203.151425721593,Rotten,maize-storage-rules-v1,2025-11-07T08:01:49.411779Z,True
tdPMyPdEakgrBu0cWBx3,26.1,63.0,208.0,OK,2025-11-07T03:15:29.000Z,26.29811136977563,63.64944563244789,350.0,Almost Rotten,maize-storage-rules-v1,2025-11-07T08:01:49.411779Z,True
A0h3ZfQP1QBAuJoHCCHO,24.4,59.0,243.0,NORMAL,2025-10-21T13:08:42.000Z,24.54652201518539,59.21236512449351,350.0,Normal,maize-storage-rules-v1,2025-11-07T08:01:49.411779Z,True
KomkmdwiRV0wHO3G2MJp,24.4,60.0,108.0,NORMAL,2025-10-21T14:04:29.000Z,24.086159159538106,59.60800993823369,350.0,Normal,maize-storage-rules-v1,2025-11-07T08:01:49.411779Z,True
alsLBA0mszNuvQ0t7qdP,25.6,64.0,277.0,OK,2025-11-07T03:10:41.000Z,25.92263485052801,64.02643434771387,350.0,Almost Rotten,maize-storage-rules-v1,2025-11-07T08:01:49.411779Z,True
p7WBws9H1vBTC7bbI4yi,24.5,68.0,270.0,OK,2025-11-06T16:36:49.000Z,24.2804053652,67.63037474529817,350.0,Almost Rotten,maize-storage-rules-v1,2025-11-07T08:01:49.411779Z,True
ddswkUIXhMnNMklvyWFv,25.3,63.0,320.0,OK,2025-11-07T03:57:43.000Z,25.42034337774761,62.80574868046804,350.0,Almost Rotten,maize-storage-rules-v1,2025-11-07T08:01:49.411779Z,True
5LwUe1iZV0xOofeXnMbz,24.5,61.0,111.0,NORMAL,2025-10-21T14:01:50.000Z,24.12939585453596,61.23389339978361,350.0,Normal,maize-storage-rules-v1,2025-11-07T08:01:49.411779Z,True
Q6FJehKO7GtAQy6wvoS0,24.4,59.0,127.0,NORMAL,2025-10-21T13:58:15.000Z,23.9193268640128,58.819661421975695,350.0,Normal,maize-storage-rules-v1,2025-11-07T08:01:49.411779Z,True
mltokgqyr01V9tngokHW,24.7,66.0,139.0,OK,2025-11-06T17:20:10.000Z,24.33535025640074,65.00854495963965,350.0,Almost Rotten,maize-storage-rules-v1,2025-11-07T08:01:49.411779Z,True
BYJZFePP5gYHyn2GxMjf,24.2,58.0,272.0,NORMAL,2025-10-21T13:33:13.000Z,24.28548044845992,58.25742413392675,350.0,Normal,maize-storage-rules-v1,2025-11-07T08:01:49.411779Z,True
rudRxbuOn67f8SRCkcUR,25.6,65.0,735.0,OK,2025-11-06T16:17:10.000Z,25.71513787315526,64.46277544925918,737.129469702088,Almost Rotten,maize-storage-rules-v1,2025-11-07T08:01:49.411779Z,True
ci39tFf1wvD8grBL0a09,24.7,69.0,192.0,OK,2025-11-06T16:54:10.000Z,24.293973501014158,70.31346907469646,350.0,Rotten,maize-storage-rules-v1,2025-11-07T08:01:49.411779Z,True
qj9uxmsC6kFgEGWcq5ou,26.1,63.0,194.0,OK,2025-11-07T03:16:16.000Z,25.648110527555318,63.415557271184525,350.0,Almost Rotten,maize-storage-rules-v1,2025-11-07T08:01:49.411779Z,True
